metric,value
version,2026.08.26-public-v1
python,"3.11.16 (main, Aug 13 2026, 02:46:14) [GCC 13.3.0]"
evidence_class,public_dataset_deterministic_retrieval
started_at_unix,1787731294.9969985
datasets.locomo.path,.cache/datasets/locomo10.json
datasets.locomo.sha256,79fa87e90f04081343b8c8debecb80a9a6842b76a7aa537dc9fdf651ea698ff4
locomo.dataset,LoCoMo-10
locomo.conversations,10
locomo.questions,1986
locomo.category_counts.2,321
locomo.category_counts.3,96
locomo.category_counts.1,282
locomo.category_counts.4,841
locomo.category_counts.5,446
locomo.questions_with_image_evidence,857
locomo.turn_retrieval.word_all.all_answerable.n,1977
locomo.turn_retrieval.word_all.all_answerable.mrr,0.4645492052357084
locomo.turn_retrieval.word_all.all_answerable.hit_at_1,0.35761254425897826
locomo.turn_retrieval.word_all.all_answerable.recall_at_1,0.3316320404711907
locomo.turn_retrieval.word_all.all_answerable.complete_at_1,0.31360647445624684
locomo.turn_retrieval.word_all.all_answerable.ndcg_at_1,0.35761254425897826
locomo.turn_retrieval.word_all.all_answerable.hit_at_5,0.5892766818411735
locomo.turn_retrieval.word_all.all_answerable.recall_at_5,0.5457317434011881
locomo.turn_retrieval.word_all.all_answerable.complete_at_5,0.5123925139099645
locomo.turn_retrieval.word_all.all_answerable.ndcg_at_5,0.4580596470133441
locomo.turn_retrieval.word_all.all_answerable.hit_at_10,0.6621143146181082
locomo.turn_retrieval.word_all.all_answerable.recall_at_10,0.6128744397525786
locomo.turn_retrieval.word_all.all_answerable.complete_at_10,0.5720789074355084
locomo.turn_retrieval.word_all.all_answerable.ndcg_at_10,0.4811855294393766
locomo.turn_retrieval.word_all.all_answerable.hit_at_20,0.7263530601922105
locomo.turn_retrieval.word_all.all_answerable.recall_at_20,0.6731767654927335
locomo.turn_retrieval.word_all.all_answerable.complete_at_20,0.6282245827010622
locomo.turn_retrieval.word_all.all_answerable.ndcg_at_20,0.49817036155765343
locomo.turn_retrieval.word_all.category_2.n,320
locomo.turn_retrieval.word_all.category_2.mrr,0.5255226874719646
locomo.turn_retrieval.word_all.category_2.hit_at_1,0.4125
locomo.turn_retrieval.word_all.category_2.recall_at_1,0.38958333333333334
locomo.turn_retrieval.word_all.category_2.complete_at_1,0.371875
locomo.turn_retrieval.word_all.category_2.ndcg_at_1,0.4125
locomo.turn_retrieval.word_all.category_2.hit_at_5,0.659375
locomo.turn_retrieval.word_all.category_2.recall_at_5,0.6309895833333333
locomo.turn_retrieval.word_all.category_2.complete_at_5,0.603125
locomo.turn_retrieval.word_all.category_2.ndcg_at_5,0.5301785887852108
locomo.turn_retrieval.word_all.category_2.hit_at_10,0.73125
locomo.turn_retrieval.word_all.category_2.recall_at_10,0.6966145833333333
locomo.turn_retrieval.word_all.category_2.complete_at_10,0.659375
locomo.turn_retrieval.word_all.category_2.ndcg_at_10,0.5521955069477337
locomo.turn_retrieval.word_all.category_2.hit_at_20,0.771875
locomo.turn_retrieval.word_all.category_2.recall_at_20,0.7393229166666667
locomo.turn_retrieval.word_all.category_2.complete_at_20,0.703125
locomo.turn_retrieval.word_all.category_2.ndcg_at_20,0.5635726388478492
locomo.turn_retrieval.word_all.image_evidence.n,857
locomo.turn_retrieval.word_all.image_evidence.mrr,0.4484448487854301
locomo.turn_retrieval.word_all.image_evidence.hit_at_1,0.3372228704784131
locomo.turn_retrieval.word_all.image_evidence.recall_at_1,0.30194851498818825
locomo.turn_retrieval.word_all.image_evidence.complete_at_1,0.2812135355892649
locomo.turn_retrieval.word_all.image_evidence.ndcg_at_1,0.3372228704784131
locomo.turn_retrieval.word_all.image_evidence.hit_at_5,0.5705950991831972
locomo.turn_retrieval.word_all.image_evidence.recall_at_5,0.4989439790402361
locomo.turn_retrieval.word_all.image_evidence.complete_at_5,0.45040840140023336
locomo.turn_retrieval.word_all.image_evidence.ndcg_at_5,0.42568919614935313
locomo.turn_retrieval.word_all.image_evidence.hit_at_10,0.6534422403733956
locomo.turn_retrieval.word_all.image_evidence.recall_at_10,0.5743906270604993
locomo.turn_retrieval.word_all.image_evidence.complete_at_10,0.514585764294049
locomo.turn_retrieval.word_all.image_evidence.ndcg_at_10,0.4517366440051592
locomo.turn_retrieval.word_all.image_evidence.hit_at_20,0.7234539089848308
locomo.turn_retrieval.word_all.image_evidence.recall_at_20,0.6365466340479977
locomo.turn_retrieval.word_all.image_evidence.complete_at_20,0.5670945157526255
locomo.turn_retrieval.word_all.image_evidence.ndcg_at_20,0.47022239423311707
locomo.turn_retrieval.word_all.category_3.n,89
locomo.turn_retrieval.word_all.category_3.mrr,0.24501668652205266
locomo.turn_retrieval.word_all.category_3.hit_at_1,0.14606741573033707
locomo.turn_retrieval.word_all.category_3.recall_at_1,0.11610486891385768
locomo.turn_retrieval.word_all.category_3.complete_at_1,0.0898876404494382
locomo.turn_retrieval.word_all.category_3.ndcg_at_1,0.14606741573033707
locomo.turn_retrieval.word_all.category_3.hit_at_5,0.34831460674157305
locomo.turn_retrieval.word_all.category_3.recall_at_5,0.247576558713373
locomo.turn_retrieval.word_all.category_3.complete_at_5,0.16853932584269662
locomo.turn_retrieval.word_all.category_3.ndcg_at_5,0.20660263209727392
locomo.turn_retrieval.word_all.category_3.hit_at_10,0.4044943820224719
locomo.turn_retrieval.word_all.category_3.recall_at_10,0.27453984658214664
locomo.turn_retrieval.word_all.category_3.complete_at_10,0.1797752808988764
locomo.turn_retrieval.word_all.category_3.ndcg_at_10,0.21714467798605203
locomo.turn_retrieval.word_all.category_3.hit_at_20,0.43820224719101125
locomo.turn_retrieval.word_all.category_3.recall_at_20,0.3220172645156122
locomo.turn_retrieval.word_all.category_3.complete_at_20,0.23595505617977527
locomo.turn_retrieval.word_all.category_3.ndcg_at_20,0.23042854712942892
locomo.turn_retrieval.word_all.category_1.n,281
locomo.turn_retrieval.word_all.category_1.mrr,0.27553263557927293
locomo.turn_retrieval.word_all.category_1.hit_at_1,0.16725978647686832
locomo.turn_retrieval.word_all.category_1.recall_at_1,0.061577262200038
locomo.turn_retrieval.word_all.category_1.complete_at_1,0.0
locomo.turn_retrieval.word_all.category_1.ndcg_at_1,0.16725978647686832
locomo.turn_retrieval.word_all.category_1.hit_at_5,0.3879003558718861
locomo.turn_retrieval.word_all.category_1.recall_at_5,0.19143775674493035
locomo.turn_retrieval.word_all.category_1.complete_at_5,0.060498220640569395
locomo.turn_retrieval.word_all.category_1.ndcg_at_5,0.17535813805949615
locomo.turn_retrieval.word_all.category_1.hit_at_10,0.5088967971530249
locomo.turn_retrieval.word_all.category_1.recall_at_10,0.28577243551021414
locomo.turn_retrieval.word_all.category_1.complete_at_10,0.11743772241992882
locomo.turn_retrieval.word_all.category_1.ndcg_at_10,0.21282985822827186
locomo.turn_retrieval.word_all.category_1.hit_at_20,0.6227758007117438
locomo.turn_retrieval.word_all.category_1.recall_at_20,0.3622571607493878
locomo.turn_retrieval.word_all.category_1.complete_at_20,0.15658362989323843
locomo.turn_retrieval.word_all.category_1.ndcg_at_20,0.24040925045880987
locomo.turn_retrieval.word_all.category_4.n,841
locomo.turn_retrieval.word_all.category_4.mrr,0.5140072764793024
locomo.turn_retrieval.word_all.category_4.hit_at_1,0.4102259215219976
locomo.turn_retrieval.word_all.category_4.recall_at_1,0.39932619896948074
locomo.turn_retrieval.word_all.category_4.complete_at_1,0.39001189060642094
locomo.turn_retrieval.word_all.category_4.ndcg_at_1,0.4102259215219976
locomo.turn_retrieval.word_all.category_4.hit_at_5,0.638525564803805
locomo.turn_retrieval.word_all.category_4.recall_at_5,0.6262386048355132
locomo.turn_retrieval.word_all.category_4.complete_at_5,0.6135552913198573
locomo.turn_retrieval.word_all.category_4.ndcg_at_5,0.525438778926962
locomo.turn_retrieval.word_all.category_4.hit_at_10,0.7015457788347206
locomo.turn_retrieval.word_all.category_4.recall_at_10,0.6902497027348394
locomo.turn_retrieval.word_all.category_4.complete_at_10,0.6777645659928656
locomo.turn_retrieval.word_all.category_4.ndcg_at_10,0.5465359910599695
locomo.turn_retrieval.word_all.category_4.hit_at_20,0.760998810939358
locomo.turn_retrieval.word_all.category_4.recall_at_20,0.7495045580657947
locomo.turn_retrieval.word_all.category_4.complete_at_20,0.737217598097503
locomo.turn_retrieval.word_all.category_4.ndcg_at_20,0.5621122153069174
locomo.turn_retrieval.word_all.category_5.n,446
locomo.turn_retrieval.word_all.category_5.mrr,0.4904377657906616
locomo.turn_retrieval.word_all.category_5.hit_at_1,0.3811659192825112
locomo.turn_retrieval.word_all.category_5.recall_at_1,0.3755605381165919
locomo.turn_retrieval.word_all.category_5.complete_at_1,0.36995515695067266
locomo.turn_retrieval.word_all.category_5.ndcg_at_1,0.3811659192825112
locomo.turn_retrieval.word_all.category_5.hit_at_5,0.6210762331838565
locomo.turn_retrieval.word_all.category_5.recall_at_5,0.6154708520179372
locomo.turn_retrieval.word_all.category_5.complete_at_5,0.6098654708520179
locomo.turn_retrieval.word_all.category_5.ndcg_at_5,0.5075549094286165
locomo.turn_retrieval.word_all.category_5.hit_at_10,0.6860986547085202
locomo.turn_retrieval.word_all.category_5.recall_at_10,0.6804932735426009
locomo.turn_retrieval.word_all.category_5.complete_at_10,0.6748878923766816
locomo.turn_retrieval.word_all.category_5.ndcg_at_10,0.528774427116671
locomo.turn_retrieval.word_all.category_5.hit_at_20,0.7511210762331838
locomo.turn_retrieval.word_all.category_5.recall_at_20,0.7477578475336323
locomo.turn_retrieval.word_all.category_5.complete_at_20,0.7443946188340808
locomo.turn_retrieval.word_all.category_5.ndcg_at_20,0.5465023480305086
locomo.turn_retrieval.bigram_all.all_answerable.n,1977
locomo.turn_retrieval.bigram_all.all_answerable.mrr,0.4594735509916991
locomo.turn_retrieval.bigram_all.all_answerable.hit_at_1,0.3520485584218513
locomo.turn_retrieval.bigram_all.all_answerable.recall_at_1,0.32696447457448974
locomo.turn_retrieval.bigram_all.all_answerable.complete_at_1,0.3090541224076884
locomo.turn_retrieval.bigram_all.all_answerable.ndcg_at_1,0.3520485584218513
locomo.turn_retrieval.bigram_all.all_answerable.hit_at_5,0.5806777946383409
locomo.turn_retrieval.bigram_all.all_answerable.recall_at_5,0.5383299561814949
locomo.turn_retrieval.bigram_all.all_answerable.complete_at_5,0.5058168942842691
locomo.turn_retrieval.bigram_all.all_answerable.ndcg_at_5,0.45230358386450353
locomo.turn_retrieval.bigram_all.all_answerable.hit_at_10,0.6565503287809813
locomo.turn_retrieval.bigram_all.all_answerable.recall_at_10,0.6075774128318795
locomo.turn_retrieval.bigram_all.all_answerable.complete_at_10,0.5670207384926657
locomo.turn_retrieval.bigram_all.all_answerable.ndcg_at_10,0.47608079685091537
locomo.turn_retrieval.bigram_all.all_answerable.hit_at_20,0.7303995953464846
locomo.turn_retrieval.bigram_all.all_answerable.recall_at_20,0.677375045715293
locomo.turn_retrieval.bigram_all.all_answerable.complete_at_20,0.6327769347496206
locomo.turn_retrieval.bigram_all.all_answerable.ndcg_at_20,0.4954605777392298
locomo.turn_retrieval.bigram_all.category_2.n,320
locomo.turn_retrieval.bigram_all.category_2.mrr,0.5278010100855749
locomo.turn_retrieval.bigram_all.category_2.hit_at_1,0.415625
locomo.turn_retrieval.bigram_all.category_2.recall_at_1,0.3859375
locomo.turn_retrieval.bigram_all.category_2.complete_at_1,0.3625
locomo.turn_retrieval.bigram_all.category_2.ndcg_at_1,0.415625
locomo.turn_retrieval.bigram_all.category_2.hit_at_5,0.65625
locomo.turn_retrieval.bigram_all.category_2.recall_at_5,0.6263020833333333
locomo.turn_retrieval.bigram_all.category_2.complete_at_5,0.596875
locomo.turn_retrieval.bigram_all.category_2.ndcg_at_5,0.5284899373145802
locomo.turn_retrieval.bigram_all.category_2.hit_at_10,0.721875
locomo.turn_retrieval.bigram_all.category_2.recall_at_10,0.68671875
locomo.turn_retrieval.bigram_all.category_2.complete_at_10,0.65
locomo.turn_retrieval.bigram_all.category_2.ndcg_at_10,0.549133288564715
locomo.turn_retrieval.bigram_all.category_2.hit_at_20,0.765625
locomo.turn_retrieval.bigram_all.category_2.recall_at_20,0.7330729166666667
locomo.turn_retrieval.bigram_all.category_2.complete_at_20,0.696875
locomo.turn_retrieval.bigram_all.category_2.ndcg_at_20,0.5611556449058439
locomo.turn_retrieval.bigram_all.image_evidence.n,857
locomo.turn_retrieval.bigram_all.image_evidence.mrr,0.4484029552856408
locomo.turn_retrieval.bigram_all.image_evidence.hit_at_1,0.34072345390898484
locomo.turn_retrieval.bigram_all.image_evidence.recall_at_1,0.3062529360954099
locomo.turn_retrieval.bigram_all.image_evidence.complete_at_1,0.2847141190198366
locomo.turn_retrieval.bigram_all.image_evidence.ndcg_at_1,0.34072345390898484
locomo.turn_retrieval.bigram_all.image_evidence.hit_at_5,0.5670945157526255
locomo.turn_retrieval.bigram_all.image_evidence.recall_at_5,0.4970381058391469
locomo.turn_retrieval.bigram_all.image_evidence.complete_at_5,0.44807467911318555
locomo.turn_retrieval.bigram_all.image_evidence.ndcg_at_5,0.4259583108114826
locomo.turn_retrieval.bigram_all.image_evidence.hit_at_10,0.6417736289381564
locomo.turn_retrieval.bigram_all.image_evidence.recall_at_10,0.5629489052920563
locomo.turn_retrieval.bigram_all.image_evidence.complete_at_10,0.5029171528588098
locomo.turn_retrieval.bigram_all.image_evidence.ndcg_at_10,0.44888198782458266
locomo.turn_retrieval.bigram_all.image_evidence.hit_at_20,0.7257876312718786
locomo.turn_retrieval.bigram_all.image_evidence.recall_at_20,0.6386469841063409
locomo.turn_retrieval.bigram_all.image_evidence.complete_at_20,0.5694282380396732
locomo.turn_retrieval.bigram_all.image_evidence.ndcg_at_20,0.47088810799504915
locomo.turn_retrieval.bigram_all.category_3.n,89
locomo.turn_retrieval.bigram_all.category_3.mrr,0.23580332297226836
locomo.turn_retrieval.bigram_all.category_3.hit_at_1,0.1348314606741573
locomo.turn_retrieval.bigram_all.category_3.recall_at_1,0.10486891385767791
locomo.turn_retrieval.bigram_all.category_3.complete_at_1,0.07865168539325842
locomo.turn_retrieval.bigram_all.category_3.ndcg_at_1,0.1348314606741573
locomo.turn_retrieval.bigram_all.category_3.hit_at_5,0.34831460674157305
locomo.turn_retrieval.bigram_all.category_3.recall_at_5,0.247576558713373
locomo.turn_retrieval.bigram_all.category_3.complete_at_5,0.16853932584269662
locomo.turn_retrieval.bigram_all.category_3.ndcg_at_5,0.20029428886183023
locomo.turn_retrieval.bigram_all.category_3.hit_at_10,0.4044943820224719
locomo.turn_retrieval.bigram_all.category_3.recall_at_10,0.27453984658214664
locomo.turn_retrieval.bigram_all.category_3.complete_at_10,0.1797752808988764
locomo.turn_retrieval.bigram_all.category_3.ndcg_at_10,0.21075390317762493
locomo.turn_retrieval.bigram_all.category_3.hit_at_20,0.449438202247191
locomo.turn_retrieval.bigram_all.category_3.recall_at_20,0.33887119709988184
locomo.turn_retrieval.bigram_all.category_3.complete_at_20,0.25842696629213485
locomo.turn_retrieval.bigram_all.category_3.ndcg_at_20,0.2283349549505867
locomo.turn_retrieval.bigram_all.category_1.n,281
locomo.turn_retrieval.bigram_all.category_1.mrr,0.26261125743200286
locomo.turn_retrieval.bigram_all.category_1.hit_at_1,0.15302491103202848
locomo.turn_retrieval.bigram_all.category_1.recall_at_1,0.05720794626488577
locomo.turn_retrieval.bigram_all.category_1.complete_at_1,0.0
locomo.turn_retrieval.bigram_all.category_1.ndcg_at_1,0.15302491103202848
locomo.turn_retrieval.bigram_all.category_1.hit_at_5,0.37722419928825623
locomo.turn_retrieval.bigram_all.category_1.recall_at_5,0.18740454203555906
locomo.turn_retrieval.bigram_all.category_1.complete_at_5,0.060498220640569395
locomo.turn_retrieval.bigram_all.category_1.ndcg_at_5,0.169036268465216
locomo.turn_retrieval.bigram_all.category_1.hit_at_10,0.49466192170818507
locomo.turn_retrieval.bigram_all.category_1.recall_at_10,0.2740088926078812
locomo.turn_retrieval.bigram_all.category_1.complete_at_10,0.10676156583629894
locomo.turn_retrieval.bigram_all.category_1.ndcg_at_10,0.20345813505934826
locomo.turn_retrieval.bigram_all.category_1.hit_at_20,0.6227758007117438
locomo.turn_retrieval.bigram_all.category_1.recall_at_20,0.36154541697714576
locomo.turn_retrieval.bigram_all.category_1.complete_at_20,0.15658362989323843
locomo.turn_retrieval.bigram_all.category_1.ndcg_at_20,0.23444545923860552
locomo.turn_retrieval.bigram_all.category_4.n,841
locomo.turn_retrieval.bigram_all.category_4.mrr,0.5044993852628719
locomo.turn_retrieval.bigram_all.category_4.hit_at_1,0.3983353151010702
locomo.turn_retrieval.bigram_all.category_4.recall_at_1,0.38941736028537455
locomo.turn_retrieval.bigram_all.category_4.complete_at_1,0.3816884661117717
locomo.turn_retrieval.bigram_all.category_4.ndcg_at_1,0.3983353151010702
locomo.turn_retrieval.bigram_all.category_4.hit_at_5,0.6242568370986921
locomo.turn_retrieval.bigram_all.category_4.recall_at_5,0.613158937772493
locomo.turn_retrieval.bigram_all.category_4.complete_at_5,0.6016646848989299
locomo.turn_retrieval.bigram_all.category_4.ndcg_at_5,0.5143247246806892
locomo.turn_retrieval.bigram_all.category_4.hit_at_10,0.6979785969084423
locomo.turn_retrieval.bigram_all.category_4.recall_at_10,0.6866825208085613
locomo.turn_retrieval.bigram_all.category_4.complete_at_10,0.6741973840665874
locomo.turn_retrieval.bigram_all.category_4.ndcg_at_10,0.5385808208080294
locomo.turn_retrieval.bigram_all.category_4.hit_at_20,0.7693222354340071
locomo.turn_retrieval.bigram_all.category_4.recall_at_20,0.7578279825604439
locomo.turn_retrieval.bigram_all.category_4.complete_at_20,0.7455410225921522
locomo.turn_retrieval.bigram_all.category_4.ndcg_at_20,0.5571067030659838
locomo.turn_retrieval.bigram_all.category_5.n,446
locomo.turn_retrieval.bigram_all.category_5.mrr,0.49421220850718695
locomo.turn_retrieval.bigram_all.category_5.hit_at_1,0.38789237668161436
locomo.turn_retrieval.bigram_all.category_5.recall_at_1,0.3811659192825112
locomo.turn_retrieval.bigram_all.category_5.complete_at_1,0.3744394618834081
locomo.turn_retrieval.bigram_all.category_5.ndcg_at_1,0.38789237668161436
locomo.turn_retrieval.bigram_all.category_5.hit_at_5,0.6188340807174888
locomo.turn_retrieval.bigram_all.category_5.recall_at_5,0.6132286995515696
locomo.turn_retrieval.bigram_all.category_5.complete_at_5,0.6076233183856502
locomo.turn_retrieval.bigram_all.category_5.ndcg_at_5,0.5094505129048648
locomo.turn_retrieval.bigram_all.category_5.hit_at_10,0.6838565022421524
locomo.turn_retrieval.bigram_all.category_5.recall_at_10,0.6782511210762332
locomo.turn_retrieval.bigram_all.category_5.complete_at_10,0.672645739910314
locomo.turn_retrieval.bigram_all.category_5.ndcg_at_10,0.5305241690572031
locomo.turn_retrieval.bigram_all.category_5.hit_at_20,0.7556053811659192
locomo.turn_retrieval.bigram_all.category_5.recall_at_20,0.7522421524663677
locomo.turn_retrieval.bigram_all.category_5.complete_at_20,0.7488789237668162
locomo.turn_retrieval.bigram_all.category_5.ndcg_at_20,0.5498386401467366
locomo.turn_retrieval.rrf_word_bigram.all_answerable.n,1977
locomo.turn_retrieval.rrf_word_bigram.all_answerable.mrr,0.46271449231795436
locomo.turn_retrieval.rrf_word_bigram.all_answerable.hit_at_1,0.35457764289327265
locomo.turn_retrieval.rrf_word_bigram.all_answerable.recall_at_1,0.3290017926209125
locomo.turn_retrieval.rrf_word_bigram.all_answerable.complete_at_1,0.3110773899848255
locomo.turn_retrieval.rrf_word_bigram.all_answerable.ndcg_at_1,0.35457764289327265
locomo.turn_retrieval.rrf_word_bigram.all_answerable.hit_at_5,0.5857359635811836
locomo.turn_retrieval.rrf_word_bigram.all_answerable.recall_at_5,0.5427389934433395
locomo.turn_retrieval.rrf_word_bigram.all_answerable.complete_at_5,0.5098634294385432
locomo.turn_retrieval.rrf_word_bigram.all_answerable.ndcg_at_5,0.45596365915914966
locomo.turn_retrieval.rrf_word_bigram.all_answerable.hit_at_10,0.6626201315123925
locomo.turn_retrieval.rrf_word_bigram.all_answerable.recall_at_10,0.6127058341211505
locomo.turn_retrieval.rrf_word_bigram.all_answerable.complete_at_10,0.5715730905412241
locomo.turn_retrieval.rrf_word_bigram.all_answerable.ndcg_at_10,0.47998235525452454
locomo.turn_retrieval.rrf_word_bigram.all_answerable.hit_at_20,0.7293879615579161
locomo.turn_retrieval.rrf_word_bigram.all_answerable.recall_at_20,0.6767174837527234
locomo.turn_retrieval.rrf_word_bigram.all_answerable.complete_at_20,0.6322711178553364
locomo.turn_retrieval.rrf_word_bigram.all_answerable.ndcg_at_20,0.49790832014062786
locomo.turn_retrieval.rrf_word_bigram.category_2.n,320
locomo.turn_retrieval.rrf_word_bigram.category_2.mrr,0.531446237332964
locomo.turn_retrieval.rrf_word_bigram.category_2.hit_at_1,0.425
locomo.turn_retrieval.rrf_word_bigram.category_2.recall_at_1,0.4020833333333333
locomo.turn_retrieval.rrf_word_bigram.category_2.complete_at_1,0.384375
locomo.turn_retrieval.rrf_word_bigram.category_2.ndcg_at_1,0.425
locomo.turn_retrieval.rrf_word_bigram.category_2.hit_at_5,0.65625
locomo.turn_retrieval.rrf_word_bigram.category_2.recall_at_5,0.6278645833333333
locomo.turn_retrieval.rrf_word_bigram.category_2.complete_at_5,0.6
locomo.turn_retrieval.rrf_word_bigram.category_2.ndcg_at_5,0.533944597567231
locomo.turn_retrieval.rrf_word_bigram.category_2.hit_at_10,0.725
locomo.turn_retrieval.rrf_word_bigram.category_2.recall_at_10,0.68984375
locomo.turn_retrieval.rrf_word_bigram.category_2.complete_at_10,0.653125
locomo.turn_retrieval.rrf_word_bigram.category_2.ndcg_at_10,0.5549044469031619
locomo.turn_retrieval.rrf_word_bigram.category_2.hit_at_20,0.775
locomo.turn_retrieval.rrf_word_bigram.category_2.recall_at_20,0.7424479166666667
locomo.turn_retrieval.rrf_word_bigram.category_2.complete_at_20,0.70625
locomo.turn_retrieval.rrf_word_bigram.category_2.ndcg_at_20,0.5685973852318502
locomo.turn_retrieval.rrf_word_bigram.image_evidence.n,857
locomo.turn_retrieval.rrf_word_bigram.image_evidence.mrr,0.4478790412731532
locomo.turn_retrieval.rrf_word_bigram.image_evidence.hit_at_1,0.3372228704784131
locomo.turn_retrieval.rrf_word_bigram.image_evidence.recall_at_1,0.3014234274736025
locomo.turn_retrieval.rrf_word_bigram.image_evidence.complete_at_1,0.28004667444574094
locomo.turn_retrieval.rrf_word_bigram.image_evidence.ndcg_at_1,0.3372228704784131
locomo.turn_retrieval.rrf_word_bigram.image_evidence.hit_at_5,0.5717619603267211
locomo.turn_retrieval.rrf_word_bigram.image_evidence.recall_at_5,0.5016666550417919
locomo.turn_retrieval.rrf_word_bigram.image_evidence.complete_at_5,0.4539089848308051
locomo.turn_retrieval.rrf_word_bigram.image_evidence.ndcg_at_5,0.42642631558395316
locomo.turn_retrieval.rrf_word_bigram.image_evidence.hit_at_10,0.6534422403733956
locomo.turn_retrieval.rrf_word_bigram.image_evidence.recall_at_10,0.5736127196314833
locomo.turn_retrieval.rrf_word_bigram.image_evidence.complete_at_10,0.5134189031505251
locomo.turn_retrieval.rrf_word_bigram.image_evidence.ndcg_at_10,0.4512984397048751
locomo.turn_retrieval.rrf_word_bigram.image_evidence.hit_at_20,0.7257876312718786
locomo.turn_retrieval.rrf_word_bigram.image_evidence.recall_at_20,0.6394637869068075
locomo.turn_retrieval.rrf_word_bigram.image_evidence.complete_at_20,0.5705950991831972
locomo.turn_retrieval.rrf_word_bigram.image_evidence.ndcg_at_20,0.47070509182798675
locomo.turn_retrieval.rrf_word_bigram.category_3.n,89
locomo.turn_retrieval.rrf_word_bigram.category_3.mrr,0.23962387838743873
locomo.turn_retrieval.rrf_word_bigram.category_3.hit_at_1,0.1348314606741573
locomo.turn_retrieval.rrf_word_bigram.category_3.recall_at_1,0.10486891385767791
locomo.turn_retrieval.rrf_word_bigram.category_3.complete_at_1,0.07865168539325842
locomo.turn_retrieval.rrf_word_bigram.category_3.ndcg_at_1,0.1348314606741573
locomo.turn_retrieval.rrf_word_bigram.category_3.hit_at_5,0.34831460674157305
locomo.turn_retrieval.rrf_word_bigram.category_3.recall_at_5,0.247576558713373
locomo.turn_retrieval.rrf_word_bigram.category_3.complete_at_5,0.16853932584269662
locomo.turn_retrieval.rrf_word_bigram.category_3.ndcg_at_5,0.20245577539582957
locomo.turn_retrieval.rrf_word_bigram.category_3.hit_at_10,0.4044943820224719
locomo.turn_retrieval.rrf_word_bigram.category_3.recall_at_10,0.27453984658214664
locomo.turn_retrieval.rrf_word_bigram.category_3.complete_at_10,0.1797752808988764
locomo.turn_retrieval.rrf_word_bigram.category_3.ndcg_at_10,0.21299782128460773
locomo.turn_retrieval.rrf_word_bigram.category_3.hit_at_20,0.449438202247191
locomo.turn_retrieval.rrf_word_bigram.category_3.recall_at_20,0.34448917462797174
locomo.turn_retrieval.rrf_word_bigram.category_3.complete_at_20,0.2696629213483146
locomo.turn_retrieval.rrf_word_bigram.category_3.ndcg_at_20,0.23221072228094675
locomo.turn_retrieval.rrf_word_bigram.category_1.n,281
locomo.turn_retrieval.rrf_word_bigram.category_1.mrr,0.2694703678731409
locomo.turn_retrieval.rrf_word_bigram.category_1.hit_at_1,0.1601423487544484
locomo.turn_retrieval.rrf_word_bigram.category_1.recall_at_1,0.05908615899719103
locomo.turn_retrieval.rrf_word_bigram.category_1.complete_at_1,0.0
locomo.turn_retrieval.rrf_word_bigram.category_1.ndcg_at_1,0.1601423487544484
locomo.turn_retrieval.rrf_word_bigram.category_1.hit_at_5,0.38434163701067614
locomo.turn_retrieval.rrf_word_bigram.category_1.recall_at_5,0.1899549572194262
locomo.turn_retrieval.rrf_word_bigram.category_1.complete_at_5,0.060498220640569395
locomo.turn_retrieval.rrf_word_bigram.category_1.ndcg_at_5,0.1728316006034589
locomo.turn_retrieval.rrf_word_bigram.category_1.hit_at_10,0.5088967971530249
locomo.turn_retrieval.rrf_word_bigram.category_1.recall_at_10,0.2851793157000125
locomo.turn_retrieval.rrf_word_bigram.category_1.complete_at_10,0.11743772241992882
locomo.turn_retrieval.rrf_word_bigram.category_1.ndcg_at_10,0.21023755831905921
locomo.turn_retrieval.rrf_word_bigram.category_1.hit_at_20,0.6227758007117438
locomo.turn_retrieval.rrf_word_bigram.category_1.recall_at_20,0.3622571607493878
locomo.turn_retrieval.rrf_word_bigram.category_1.complete_at_20,0.15658362989323843
locomo.turn_retrieval.rrf_word_bigram.category_1.ndcg_at_20,0.23806735074249005
locomo.turn_retrieval.rrf_word_bigram.category_4.n,841
locomo.turn_retrieval.rrf_word_bigram.category_4.mrr,0.5090738872534785
locomo.turn_retrieval.rrf_word_bigram.category_4.hit_at_1,0.40071343638525564
locomo.turn_retrieval.rrf_word_bigram.category_4.recall_at_1,0.3898137138327388
locomo.turn_retrieval.rrf_word_bigram.category_4.complete_at_1,0.380499405469679
locomo.turn_retrieval.rrf_word_bigram.category_4.ndcg_at_1,0.40071343638525564
locomo.turn_retrieval.rrf_word_bigram.category_4.hit_at_5,0.633769322235434
locomo.turn_retrieval.rrf_word_bigram.category_4.recall_at_5,0.6220768925881887
locomo.turn_retrieval.rrf_word_bigram.category_4.complete_at_5,0.6099881093935791
locomo.turn_retrieval.rrf_word_bigram.category_4.ndcg_at_5,0.520274312077351
locomo.turn_retrieval.rrf_word_bigram.category_4.hit_at_10,0.7051129607609988
locomo.turn_retrieval.rrf_word_bigram.category_4.recall_at_10,0.6932223543400713
locomo.turn_retrieval.rrf_word_bigram.category_4.complete_at_10,0.6801426872770512
locomo.turn_retrieval.rrf_word_bigram.category_4.ndcg_at_10,0.5436281964465118
locomo.turn_retrieval.rrf_word_bigram.category_4.hit_at_20,0.7657550535077289
locomo.turn_retrieval.rrf_word_bigram.category_4.recall_at_20,0.7542608006341657
locomo.turn_retrieval.rrf_word_bigram.category_4.complete_at_20,0.7419738406658739
locomo.turn_retrieval.rrf_word_bigram.category_4.ndcg_at_20,0.5596245626117194
locomo.turn_retrieval.rrf_word_bigram.category_5.n,446
locomo.turn_retrieval.rrf_word_bigram.category_5.mrr,0.4922531785583796
locomo.turn_retrieval.rrf_word_bigram.category_5.hit_at_1,0.3834080717488789
locomo.turn_retrieval.rrf_word_bigram.category_5.recall_at_1,0.37668161434977576
locomo.turn_retrieval.rrf_word_bigram.category_5.complete_at_1,0.36995515695067266
locomo.turn_retrieval.rrf_word_bigram.category_5.ndcg_at_1,0.3834080717488789
locomo.turn_retrieval.rrf_word_bigram.category_5.hit_at_5,0.6188340807174888
locomo.turn_retrieval.rrf_word_bigram.category_5.recall_at_5,0.6132286995515696
locomo.turn_retrieval.rrf_word_bigram.category_5.complete_at_5,0.6076233183856502
locomo.turn_retrieval.rrf_word_bigram.category_5.ndcg_at_5,0.5077196024647354
locomo.turn_retrieval.rrf_word_bigram.category_5.hit_at_10,0.6860986547085202
locomo.turn_retrieval.rrf_word_bigram.category_5.recall_at_10,0.679372197309417
locomo.turn_retrieval.rrf_word_bigram.category_5.complete_at_10,0.672645739910314
locomo.turn_retrieval.rrf_word_bigram.category_5.ndcg_at_10,0.5294413007526481
locomo.turn_retrieval.rrf_word_bigram.category_5.hit_at_20,0.7511210762331838
locomo.turn_retrieval.rrf_word_bigram.category_5.recall_at_20,0.7477578475336323
locomo.turn_retrieval.rrf_word_bigram.category_5.complete_at_20,0.7443946188340808
locomo.turn_retrieval.rrf_word_bigram.category_5.ndcg_at_20,0.5475462974119488
locomo.turn_retrieval.rrf_plus_recency.all_answerable.n,1977
locomo.turn_retrieval.rrf_plus_recency.all_answerable.mrr,0.3640214381718106
locomo.turn_retrieval.rrf_plus_recency.all_answerable.hit_at_1,0.20586747597369753
locomo.turn_retrieval.rrf_plus_recency.all_answerable.recall_at_1,0.1889059684203842
locomo.turn_retrieval.rrf_plus_recency.all_answerable.complete_at_1,0.17653009610520992
locomo.turn_retrieval.rrf_plus_recency.all_answerable.ndcg_at_1,0.20586747597369753
locomo.turn_retrieval.rrf_plus_recency.all_answerable.hit_at_5,0.5665149215983813
locomo.turn_retrieval.rrf_plus_recency.all_answerable.recall_at_5,0.5251811438293442
locomo.turn_retrieval.rrf_plus_recency.all_answerable.complete_at_5,0.4936772888214466
locomo.turn_retrieval.rrf_plus_recency.all_answerable.ndcg_at_5,0.37896234418906644
locomo.turn_retrieval.rrf_plus_recency.all_answerable.hit_at_10,0.6555386949924128
locomo.turn_retrieval.rrf_plus_recency.all_answerable.recall_at_10,0.606441886964139
locomo.turn_retrieval.rrf_plus_recency.all_answerable.complete_at_10,0.5665149215983813
locomo.turn_retrieval.rrf_plus_recency.all_answerable.ndcg_at_10,0.4073094292406511
locomo.turn_retrieval.rrf_plus_recency.all_answerable.hit_at_20,0.7278705108750633
locomo.turn_retrieval.rrf_plus_recency.all_answerable.recall_at_20,0.6747700887097289
locomo.turn_retrieval.rrf_plus_recency.all_answerable.complete_at_20,0.629742033383915
locomo.turn_retrieval.rrf_plus_recency.all_answerable.ndcg_at_20,0.42629708397489946
locomo.turn_retrieval.rrf_plus_recency.category_2.n,320
locomo.turn_retrieval.rrf_plus_recency.category_2.mrr,0.37234731149503303
locomo.turn_retrieval.rrf_plus_recency.category_2.hit_at_1,0.178125
locomo.turn_retrieval.rrf_plus_recency.category_2.recall_at_1,0.15677083333333333
locomo.turn_retrieval.rrf_plus_recency.category_2.complete_at_1,0.140625
locomo.turn_retrieval.rrf_plus_recency.category_2.ndcg_at_1,0.178125
locomo.turn_retrieval.rrf_plus_recency.category_2.hit_at_5,0.628125
locomo.turn_retrieval.rrf_plus_recency.category_2.recall_at_5,0.5955729166666667
locomo.turn_retrieval.rrf_plus_recency.category_2.complete_at_5,0.565625
locomo.turn_retrieval.rrf_plus_recency.category_2.ndcg_at_5,0.40293974230537655
locomo.turn_retrieval.rrf_plus_recency.category_2.hit_at_10,0.7125
locomo.turn_retrieval.rrf_plus_recency.category_2.recall_at_10,0.68203125
locomo.turn_retrieval.rrf_plus_recency.category_2.complete_at_10,0.65
locomo.turn_retrieval.rrf_plus_recency.category_2.ndcg_at_10,0.4323148854946668
locomo.turn_retrieval.rrf_plus_recency.category_2.hit_at_20,0.775
locomo.turn_retrieval.rrf_plus_recency.category_2.recall_at_20,0.7388020833333333
locomo.turn_retrieval.rrf_plus_recency.category_2.complete_at_20,0.7
locomo.turn_retrieval.rrf_plus_recency.category_2.ndcg_at_20,0.4474451127773185
locomo.turn_retrieval.rrf_plus_recency.image_evidence.n,857
locomo.turn_retrieval.rrf_plus_recency.image_evidence.mrr,0.3677234304318146
locomo.turn_retrieval.rrf_plus_recency.image_evidence.hit_at_1,0.21820303383897316
locomo.turn_retrieval.rrf_plus_recency.image_evidence.recall_at_1,0.19443846701723014
locomo.turn_retrieval.rrf_plus_recency.image_evidence.complete_at_1,0.17969661610268378
locomo.turn_retrieval.rrf_plus_recency.image_evidence.ndcg_at_1,0.21820303383897316
locomo.turn_retrieval.rrf_plus_recency.image_evidence.hit_at_5,0.5565927654609102
locomo.turn_retrieval.rrf_plus_recency.image_evidence.recall_at_5,0.4893618685538082
locomo.turn_retrieval.rrf_plus_recency.image_evidence.complete_at_5,0.44224037339556593
locomo.turn_retrieval.rrf_plus_recency.image_evidence.ndcg_at_5,0.36635515397216856
locomo.turn_retrieval.rrf_plus_recency.image_evidence.hit_at_10,0.6487747957992999
locomo.turn_retrieval.rrf_plus_recency.image_evidence.recall_at_10,0.5692753137239628
locomo.turn_retrieval.rrf_plus_recency.image_evidence.complete_at_10,0.5099183197199533
locomo.turn_retrieval.rrf_plus_recency.image_evidence.ndcg_at_10,0.3950072845331239
locomo.turn_retrieval.rrf_plus_recency.image_evidence.hit_at_20,0.7246207701283547
locomo.turn_retrieval.rrf_plus_recency.image_evidence.recall_at_20,0.6384719549348123
locomo.turn_retrieval.rrf_plus_recency.image_evidence.complete_at_20,0.5694282380396732
locomo.turn_retrieval.rrf_plus_recency.image_evidence.ndcg_at_20,0.4152676074221341
locomo.turn_retrieval.rrf_plus_recency.category_3.n,89
locomo.turn_retrieval.rrf_plus_recency.category_3.mrr,0.2123955132624545
locomo.turn_retrieval.rrf_plus_recency.category_3.hit_at_1,0.11235955056179775
locomo.turn_retrieval.rrf_plus_recency.category_3.recall_at_1,0.0852059925093633
locomo.turn_retrieval.rrf_plus_recency.category_3.complete_at_1,0.06741573033707865
locomo.turn_retrieval.rrf_plus_recency.category_3.ndcg_at_1,0.11235955056179775
locomo.turn_retrieval.rrf_plus_recency.category_3.hit_at_5,0.3595505617977528
locomo.turn_retrieval.rrf_plus_recency.category_3.recall_at_5,0.2588125137695528
locomo.turn_retrieval.rrf_plus_recency.category_3.complete_at_5,0.1797752808988764
locomo.turn_retrieval.rrf_plus_recency.category_3.ndcg_at_5,0.192832039473347
locomo.turn_retrieval.rrf_plus_recency.category_3.hit_at_10,0.38202247191011235
locomo.turn_retrieval.rrf_plus_recency.category_3.recall_at_10,0.26545194175729536
locomo.turn_retrieval.rrf_plus_recency.category_3.complete_at_10,0.1797752808988764
locomo.turn_retrieval.rrf_plus_recency.category_3.ndcg_at_10,0.19437566059714026
locomo.turn_retrieval.rrf_plus_recency.category_3.hit_at_20,0.449438202247191
locomo.turn_retrieval.rrf_plus_recency.category_3.recall_at_20,0.33325321957179194
locomo.turn_retrieval.rrf_plus_recency.category_3.complete_at_20,0.24719101123595505
locomo.turn_retrieval.rrf_plus_recency.category_3.ndcg_at_20,0.21392226003186712
locomo.turn_retrieval.rrf_plus_recency.category_1.n,281
locomo.turn_retrieval.rrf_plus_recency.category_1.mrr,0.21258841405525272
locomo.turn_retrieval.rrf_plus_recency.category_1.hit_at_1,0.09252669039145907
locomo.turn_retrieval.rrf_plus_recency.category_1.recall_at_1,0.03635978493629739
locomo.turn_retrieval.rrf_plus_recency.category_1.complete_at_1,0.0
locomo.turn_retrieval.rrf_plus_recency.category_1.ndcg_at_1,0.09252669039145907
locomo.turn_retrieval.rrf_plus_recency.category_1.hit_at_5,0.33451957295373663
locomo.turn_retrieval.rrf_plus_recency.category_1.recall_at_5,0.16191746485809044
locomo.turn_retrieval.rrf_plus_recency.category_1.complete_at_5,0.0498220640569395
locomo.turn_retrieval.rrf_plus_recency.category_1.ndcg_at_5,0.1354198611766088
locomo.turn_retrieval.rrf_plus_recency.category_1.hit_at_10,0.505338078291815
locomo.turn_retrieval.rrf_plus_recency.category_1.recall_at_10,0.2777949740630018
locomo.turn_retrieval.rrf_plus_recency.category_1.complete_at_10,0.1103202846975089
locomo.turn_retrieval.rrf_plus_recency.category_1.ndcg_at_10,0.1825877646151142
locomo.turn_retrieval.rrf_plus_recency.category_1.hit_at_20,0.6120996441281139
locomo.turn_retrieval.rrf_plus_recency.category_1.recall_at_20,0.356266650666351
locomo.turn_retrieval.rrf_plus_recency.category_1.complete_at_20,0.15302491103202848
locomo.turn_retrieval.rrf_plus_recency.category_1.ndcg_at_20,0.2108822564985826
locomo.turn_retrieval.rrf_plus_recency.category_4.n,841
locomo.turn_retrieval.rrf_plus_recency.category_4.mrr,0.4114920190259076
locomo.turn_retrieval.rrf_plus_recency.category_4.hit_at_1,0.25089179548156954
locomo.turn_retrieval.rrf_plus_recency.category_4.recall_at_1,0.2437574316290131
locomo.turn_retrieval.rrf_plus_recency.category_4.complete_at_1,0.23781212841854935
locomo.turn_retrieval.rrf_plus_recency.category_4.ndcg_at_1,0.25089179548156954
locomo.turn_retrieval.rrf_plus_recency.category_4.hit_at_5,0.6230677764565993
locomo.turn_retrieval.rrf_plus_recency.category_4.recall_at_5,0.6107808164883075
locomo.turn_retrieval.rrf_plus_recency.category_4.complete_at_5,0.5980975029726516
locomo.turn_retrieval.rrf_plus_recency.category_4.ndcg_at_5,0.44457546584841845
locomo.turn_retrieval.rrf_plus_recency.category_4.hit_at_10,0.6979785969084423
locomo.turn_retrieval.rrf_plus_recency.category_4.recall_at_10,0.6860879904875149
locomo.turn_retrieval.rrf_plus_recency.category_4.complete_at_10,0.6730083234244947
locomo.turn_retrieval.rrf_plus_recency.category_4.ndcg_at_10,0.46970471371343686
locomo.turn_retrieval.rrf_plus_recency.category_4.hit_at_20,0.7657550535077289
locomo.turn_retrieval.rrf_plus_recency.category_4.recall_at_20,0.7542608006341657
locomo.turn_retrieval.rrf_plus_recency.category_4.complete_at_20,0.7419738406658739
locomo.turn_retrieval.rrf_plus_recency.category_4.ndcg_at_20,0.48735890154425404
locomo.turn_retrieval.rrf_plus_recency.category_5.n,446
locomo.turn_retrieval.rrf_plus_recency.category_5.mrr,0.39420159317620224
locomo.turn_retrieval.rrf_plus_recency.category_5.hit_at_1,0.23094170403587444
locomo.turn_retrieval.rrf_plus_recency.category_5.recall_at_1,0.22533632286995517
locomo.turn_retrieval.rrf_plus_recency.category_5.complete_at_1,0.21973094170403587
locomo.turn_retrieval.rrf_plus_recency.category_5.ndcg_at_1,0.23094170403587444
locomo.turn_retrieval.rrf_plus_recency.category_5.hit_at_5,0.6031390134529148
locomo.turn_retrieval.rrf_plus_recency.category_5.recall_at_5,0.5952914798206278
locomo.turn_retrieval.rrf_plus_recency.category_5.complete_at_5,0.5874439461883408
locomo.turn_retrieval.rrf_plus_recency.category_5.ndcg_at_5,0.42862071220132064
locomo.turn_retrieval.rrf_plus_recency.category_5.hit_at_10,0.6838565022421524
locomo.turn_retrieval.rrf_plus_recency.category_5.recall_at_10,0.6771300448430493
locomo.turn_retrieval.rrf_plus_recency.category_5.complete_at_10,0.6704035874439462
locomo.turn_retrieval.rrf_plus_recency.category_5.ndcg_at_10,0.45578860620511413
locomo.turn_retrieval.rrf_plus_recency.category_5.hit_at_20,0.7511210762331838
locomo.turn_retrieval.rrf_plus_recency.category_5.recall_at_20,0.7477578475336323
locomo.turn_retrieval.rrf_plus_recency.category_5.complete_at_20,0.7443946188340808
locomo.turn_retrieval.rrf_plus_recency.category_5.ndcg_at_20,0.47408311101340556
locomo.turn_retrieval.rrf_neighbor.all_answerable.n,1977
locomo.turn_retrieval.rrf_neighbor.all_answerable.mrr,0.35778998938149725
locomo.turn_retrieval.rrf_neighbor.all_answerable.hit_at_1,0.19423368740515934
locomo.turn_retrieval.rrf_neighbor.all_answerable.recall_at_1,0.1754526440793512
locomo.turn_retrieval.rrf_neighbor.all_answerable.complete_at_1,0.16236722306525037
locomo.turn_retrieval.rrf_neighbor.all_answerable.ndcg_at_1,0.19423368740515934
locomo.turn_retrieval.rrf_neighbor.all_answerable.hit_at_5,0.5685381891755185
locomo.turn_retrieval.rrf_neighbor.all_answerable.recall_at_5,0.5250732996560008
locomo.turn_retrieval.rrf_neighbor.all_answerable.complete_at_5,0.4921598381385938
locomo.turn_retrieval.rrf_neighbor.all_answerable.ndcg_at_5,0.3698554374001796
locomo.turn_retrieval.rrf_neighbor.all_answerable.hit_at_10,0.682346990389479
locomo.turn_retrieval.rrf_neighbor.all_answerable.recall_at_10,0.6336871809370952
locomo.turn_retrieval.rrf_neighbor.all_answerable.complete_at_10,0.5953464845725848
locomo.turn_retrieval.rrf_neighbor.all_answerable.ndcg_at_10,0.4071940966446985
locomo.turn_retrieval.rrf_neighbor.all_answerable.hit_at_20,0.7435508345978755
locomo.turn_retrieval.rrf_neighbor.all_answerable.recall_at_20,0.6913148994882271
locomo.turn_retrieval.rrf_neighbor.all_answerable.complete_at_20,0.6464339908952959
locomo.turn_retrieval.rrf_neighbor.all_answerable.ndcg_at_20,0.42327012591861846
locomo.turn_retrieval.rrf_neighbor.category_2.n,320
locomo.turn_retrieval.rrf_neighbor.category_2.mrr,0.3693443284962046
locomo.turn_retrieval.rrf_neighbor.category_2.hit_at_1,0.20625
locomo.turn_retrieval.rrf_neighbor.category_2.recall_at_1,0.18489583333333331
locomo.turn_retrieval.rrf_neighbor.category_2.complete_at_1,0.16875
locomo.turn_retrieval.rrf_neighbor.category_2.ndcg_at_1,0.20625
locomo.turn_retrieval.rrf_neighbor.category_2.hit_at_5,0.590625
locomo.turn_retrieval.rrf_neighbor.category_2.recall_at_5,0.56484375
locomo.turn_retrieval.rrf_neighbor.category_2.complete_at_5,0.5375
locomo.turn_retrieval.rrf_neighbor.category_2.ndcg_at_5,0.39029466921043876
locomo.turn_retrieval.rrf_neighbor.category_2.hit_at_10,0.709375
locomo.turn_retrieval.rrf_neighbor.category_2.recall_at_10,0.6778645833333333
locomo.turn_retrieval.rrf_neighbor.category_2.complete_at_10,0.646875
locomo.turn_retrieval.rrf_neighbor.category_2.ndcg_at_10,0.4273223807452495
locomo.turn_retrieval.rrf_neighbor.category_2.hit_at_20,0.7625
locomo.turn_retrieval.rrf_neighbor.category_2.recall_at_20,0.7299479166666667
locomo.turn_retrieval.rrf_neighbor.category_2.complete_at_20,0.69375
locomo.turn_retrieval.rrf_neighbor.category_2.ndcg_at_20,0.4412338805029717
locomo.turn_retrieval.rrf_neighbor.image_evidence.n,857
locomo.turn_retrieval.rrf_neighbor.image_evidence.mrr,0.33592622082492535
locomo.turn_retrieval.rrf_neighbor.image_evidence.hit_at_1,0.17152858809801633
locomo.turn_retrieval.rrf_neighbor.image_evidence.recall_at_1,0.14434446986955737
locomo.turn_retrieval.rrf_neighbor.image_evidence.complete_at_1,0.12835472578763127
locomo.turn_retrieval.rrf_neighbor.image_evidence.ndcg_at_1,0.17152858809801633
locomo.turn_retrieval.rrf_neighbor.image_evidence.hit_at_5,0.5379229871645275
locomo.turn_retrieval.rrf_neighbor.image_evidence.recall_at_5,0.47071557380775586
locomo.turn_retrieval.rrf_neighbor.image_evidence.complete_at_5,0.4235705950991832
locomo.turn_retrieval.rrf_neighbor.image_evidence.ndcg_at_5,0.33213525419137524
locomo.turn_retrieval.rrf_neighbor.image_evidence.hit_at_10,0.6557759626604434
locomo.turn_retrieval.rrf_neighbor.image_evidence.recall_at_10,0.5769734228463289
locomo.turn_retrieval.rrf_neighbor.image_evidence.complete_at_10,0.5180863477246208
locomo.turn_retrieval.rrf_neighbor.image_evidence.ndcg_at_10,0.3694811781098727
locomo.turn_retrieval.rrf_neighbor.image_evidence.hit_at_20,0.7386231038506418
locomo.turn_retrieval.rrf_neighbor.image_evidence.recall_at_20,0.6515903029423086
locomo.turn_retrieval.rrf_neighbor.image_evidence.complete_at_20,0.5799299883313885
locomo.turn_retrieval.rrf_neighbor.image_evidence.ndcg_at_20,0.39131665979879693
locomo.turn_retrieval.rrf_neighbor.category_3.n,89
locomo.turn_retrieval.rrf_neighbor.category_3.mrr,0.18664150117262662
locomo.turn_retrieval.rrf_neighbor.category_3.hit_at_1,0.07865168539325842
locomo.turn_retrieval.rrf_neighbor.category_3.recall_at_1,0.04119850187265917
locomo.turn_retrieval.rrf_neighbor.category_3.complete_at_1,0.011235955056179775
locomo.turn_retrieval.rrf_neighbor.category_3.ndcg_at_1,0.07865168539325842
locomo.turn_retrieval.rrf_neighbor.category_3.hit_at_5,0.29213483146067415
locomo.turn_retrieval.rrf_neighbor.category_3.recall_at_5,0.19475655430711608
locomo.turn_retrieval.rrf_neighbor.category_3.complete_at_5,0.12359550561797752
locomo.turn_retrieval.rrf_neighbor.category_3.ndcg_at_5,0.1403328668239248
locomo.turn_retrieval.rrf_neighbor.category_3.hit_at_10,0.39325842696629215
locomo.turn_retrieval.rrf_neighbor.category_3.recall_at_10,0.28288169200264374
locomo.turn_retrieval.rrf_neighbor.category_3.complete_at_10,0.19101123595505617
locomo.turn_retrieval.rrf_neighbor.category_3.ndcg_at_10,0.1743100586707084
locomo.turn_retrieval.rrf_neighbor.category_3.hit_at_20,0.4606741573033708
locomo.turn_retrieval.rrf_neighbor.category_3.recall_at_20,0.3557251296841515
locomo.turn_retrieval.rrf_neighbor.category_3.complete_at_20,0.2808988764044944
locomo.turn_retrieval.rrf_neighbor.category_3.ndcg_at_20,0.19394179333102302
locomo.turn_retrieval.rrf_neighbor.category_1.n,281
locomo.turn_retrieval.rrf_neighbor.category_1.mrr,0.23134797171696206
locomo.turn_retrieval.rrf_neighbor.category_1.hit_at_1,0.10320284697508897
locomo.turn_retrieval.rrf_neighbor.category_1.recall_at_1,0.03571723847524559
locomo.turn_retrieval.rrf_neighbor.category_1.complete_at_1,0.0
locomo.turn_retrieval.rrf_neighbor.category_1.ndcg_at_1,0.10320284697508897
locomo.turn_retrieval.rrf_neighbor.category_1.hit_at_5,0.3701067615658363
locomo.turn_retrieval.rrf_neighbor.category_1.recall_at_5,0.1683982683982684
locomo.turn_retrieval.rrf_neighbor.category_1.complete_at_5,0.03558718861209965
locomo.turn_retrieval.rrf_neighbor.category_1.ndcg_at_5,0.1414128163270803
locomo.turn_retrieval.rrf_neighbor.category_1.hit_at_10,0.505338078291815
locomo.turn_retrieval.rrf_neighbor.category_1.recall_at_10,0.27416282132052877
locomo.turn_retrieval.rrf_neighbor.category_1.complete_at_10,0.1103202846975089
locomo.turn_retrieval.rrf_neighbor.category_1.ndcg_at_10,0.18416059667057746
locomo.turn_retrieval.rrf_neighbor.category_1.hit_at_20,0.6227758007117438
locomo.turn_retrieval.rrf_neighbor.category_1.recall_at_20,0.36175570490985365
locomo.turn_retrieval.rrf_neighbor.category_1.complete_at_20,0.1494661921708185
locomo.turn_retrieval.rrf_neighbor.category_1.ndcg_at_20,0.215157581786108
locomo.turn_retrieval.rrf_neighbor.category_4.n,841
locomo.turn_retrieval.rrf_neighbor.category_4.mrr,0.40065204357700634
locomo.turn_retrieval.rrf_neighbor.category_4.hit_at_1,0.2259215219976219
locomo.turn_retrieval.rrf_neighbor.category_4.recall_at_1,0.21878715814506539
locomo.turn_retrieval.rrf_neighbor.category_4.complete_at_1,0.2116527942925089
locomo.turn_retrieval.rrf_neighbor.category_4.ndcg_at_1,0.2259215219976219
locomo.turn_retrieval.rrf_neighbor.category_4.hit_at_5,0.633769322235434
locomo.turn_retrieval.rrf_neighbor.category_4.recall_at_5,0.6214823622671423
locomo.turn_retrieval.rrf_neighbor.category_4.complete_at_5,0.6087990487514863
locomo.turn_retrieval.rrf_neighbor.category_4.ndcg_at_5,0.43608745121737463
locomo.turn_retrieval.rrf_neighbor.category_4.hit_at_10,0.7431629013079667
locomo.turn_retrieval.rrf_neighbor.category_4.recall_at_10,0.7314704716607213
locomo.turn_retrieval.rrf_neighbor.category_4.complete_at_10,0.7193816884661117
locomo.turn_retrieval.rrf_neighbor.category_4.ndcg_at_10,0.472451183062203
locomo.turn_retrieval.rrf_neighbor.category_4.hit_at_20,0.7895362663495838
locomo.turn_retrieval.rrf_neighbor.category_4.recall_at_20,0.778636543797067
locomo.turn_retrieval.rrf_neighbor.category_4.complete_at_20,0.7669441141498217
locomo.turn_retrieval.rrf_neighbor.category_4.ndcg_at_20,0.4846291422710648
locomo.turn_retrieval.rrf_neighbor.category_5.n,446
locomo.turn_retrieval.rrf_neighbor.category_5.mrr,0.3824941291106326
locomo.turn_retrieval.rrf_neighbor.category_5.hit_at_1,0.2062780269058296
locomo.turn_retrieval.rrf_neighbor.category_5.recall_at_1,0.20179372197309417
locomo.turn_retrieval.rrf_neighbor.category_5.complete_at_1,0.19730941704035873
locomo.turn_retrieval.rrf_neighbor.category_5.ndcg_at_1,0.2062780269058296
locomo.turn_retrieval.rrf_neighbor.category_5.hit_at_5,0.6098654708520179
locomo.turn_retrieval.rrf_neighbor.category_5.recall_at_5,0.6053811659192825
locomo.turn_retrieval.rrf_neighbor.category_5.complete_at_5,0.600896860986547
locomo.turn_retrieval.rrf_neighbor.category_5.ndcg_at_5,0.4200307905465555
locomo.turn_retrieval.rrf_neighbor.category_5.hit_at_10,0.7174887892376681
locomo.turn_retrieval.rrf_neighbor.category_5.recall_at_10,0.7141255605381166
locomo.turn_retrieval.rrf_neighbor.category_5.complete_at_10,0.7107623318385651
locomo.turn_retrieval.rrf_neighbor.category_5.ndcg_at_10,0.4566937205978725
locomo.turn_retrieval.rrf_neighbor.category_5.hit_at_20,0.7757847533632287
locomo.turn_retrieval.rrf_neighbor.category_5.recall_at_20,0.773542600896861
locomo.turn_retrieval.rrf_neighbor.category_5.complete_at_20,0.7713004484304933
locomo.turn_retrieval.rrf_neighbor.category_5.ndcg_at_20,0.4715627543538898
locomo.turn_retrieval.word_alternate.all_answerable.n,1977
locomo.turn_retrieval.word_alternate.all_answerable.mrr,0.4668460614159104
locomo.turn_retrieval.word_alternate.all_answerable.hit_at_1,0.36317653009610523
locomo.turn_retrieval.word_alternate.all_answerable.recall_at_1,0.33281227989118733
locomo.turn_retrieval.word_alternate.all_answerable.complete_at_1,0.31208902377339404
locomo.turn_retrieval.word_alternate.all_answerable.ndcg_at_1,0.36317653009610523
locomo.turn_retrieval.word_alternate.all_answerable.hit_at_5,0.5912999494183105
locomo.turn_retrieval.word_alternate.all_answerable.recall_at_5,0.5463042651399154
locomo.turn_retrieval.word_alternate.all_answerable.complete_at_5,0.5098634294385432
locomo.turn_retrieval.word_alternate.all_answerable.ndcg_at_5,0.4592699147752701
locomo.turn_retrieval.word_alternate.all_answerable.hit_at_10,0.6611026808295397
locomo.turn_retrieval.word_alternate.all_answerable.recall_at_10,0.6104735977462739
locomo.turn_retrieval.word_alternate.all_answerable.complete_at_10,0.5680323722812342
locomo.turn_retrieval.word_alternate.all_answerable.ndcg_at_10,0.4813946136132886
locomo.turn_retrieval.word_alternate.all_answerable.hit_at_20,0.7157309054122407
locomo.turn_retrieval.word_alternate.all_answerable.recall_at_20,0.6632017351838639
locomo.turn_retrieval.word_alternate.all_answerable.complete_at_20,0.6181082448153769
locomo.turn_retrieval.word_alternate.all_answerable.ndcg_at_20,0.4962117013003867
locomo.turn_retrieval.word_alternate.category_2.n,320
locomo.turn_retrieval.word_alternate.category_2.mrr,0.5266223723217146
locomo.turn_retrieval.word_alternate.category_2.hit_at_1,0.421875
locomo.turn_retrieval.word_alternate.category_2.recall_at_1,0.39505208333333336
locomo.turn_retrieval.word_alternate.category_2.complete_at_1,0.375
locomo.turn_retrieval.word_alternate.category_2.ndcg_at_1,0.421875
locomo.turn_retrieval.word_alternate.category_2.hit_at_5,0.653125
locomo.turn_retrieval.word_alternate.category_2.recall_at_5,0.62421875
locomo.turn_retrieval.word_alternate.category_2.complete_at_5,0.59375
locomo.turn_retrieval.word_alternate.category_2.ndcg_at_5,0.5279435367063888
locomo.turn_retrieval.word_alternate.category_2.hit_at_10,0.71875
locomo.turn_retrieval.word_alternate.category_2.recall_at_10,0.6856770833333333
locomo.turn_retrieval.word_alternate.category_2.complete_at_10,0.65
locomo.turn_retrieval.word_alternate.category_2.ndcg_at_10,0.5487350063602578
locomo.turn_retrieval.word_alternate.category_2.hit_at_20,0.7625
locomo.turn_retrieval.word_alternate.category_2.recall_at_20,0.7278645833333333
locomo.turn_retrieval.word_alternate.category_2.complete_at_20,0.690625
locomo.turn_retrieval.word_alternate.category_2.ndcg_at_20,0.5603276657682739
locomo.turn_retrieval.word_alternate.image_evidence.n,857
locomo.turn_retrieval.word_alternate.image_evidence.mrr,0.45673741196717177
locomo.turn_retrieval.word_alternate.image_evidence.hit_at_1,0.35822637106184363
locomo.turn_retrieval.word_alternate.image_evidence.recall_at_1,0.3128392189944115
locomo.turn_retrieval.word_alternate.image_evidence.complete_at_1,0.28588098016336055
locomo.turn_retrieval.word_alternate.image_evidence.ndcg_at_1,0.35822637106184363
locomo.turn_retrieval.word_alternate.image_evidence.hit_at_5,0.5764294049008168
locomo.turn_retrieval.word_alternate.image_evidence.recall_at_5,0.5028901581271248
locomo.turn_retrieval.word_alternate.image_evidence.complete_at_5,0.44807467911318555
locomo.turn_retrieval.word_alternate.image_evidence.ndcg_at_5,0.4314963312039581
locomo.turn_retrieval.word_alternate.image_evidence.hit_at_10,0.6452742123687282
locomo.turn_retrieval.word_alternate.image_evidence.recall_at_10,0.5647681478930959
locomo.turn_retrieval.word_alternate.image_evidence.complete_at_10,0.5017502917152858
locomo.turn_retrieval.word_alternate.image_evidence.ndcg_at_10,0.4531760062652968
locomo.turn_retrieval.word_alternate.image_evidence.hit_at_20,0.7012835472578763
locomo.turn_retrieval.word_alternate.image_evidence.recall_at_20,0.6158691137205358
locomo.turn_retrieval.word_alternate.image_evidence.complete_at_20,0.5460910151691949
locomo.turn_retrieval.word_alternate.image_evidence.ndcg_at_20,0.46850350530378276
locomo.turn_retrieval.word_alternate.category_3.n,89
locomo.turn_retrieval.word_alternate.category_3.mrr,0.24277515861291996
locomo.turn_retrieval.word_alternate.category_3.hit_at_1,0.14606741573033707
locomo.turn_retrieval.word_alternate.category_3.recall_at_1,0.1104868913857678
locomo.turn_retrieval.word_alternate.category_3.complete_at_1,0.07865168539325842
locomo.turn_retrieval.word_alternate.category_3.ndcg_at_1,0.14606741573033707
locomo.turn_retrieval.word_alternate.category_3.hit_at_5,0.34831460674157305
locomo.turn_retrieval.word_alternate.category_3.recall_at_5,0.24823749724608946
locomo.turn_retrieval.word_alternate.category_3.complete_at_5,0.16853932584269662
locomo.turn_retrieval.word_alternate.category_3.ndcg_at_5,0.20643982230108382
locomo.turn_retrieval.word_alternate.category_3.hit_at_10,0.39325842696629215
locomo.turn_retrieval.word_alternate.category_3.recall_at_10,0.27351839612249396
locomo.turn_retrieval.word_alternate.category_3.complete_at_10,0.1797752808988764
locomo.turn_retrieval.word_alternate.category_3.ndcg_at_10,0.21472884445455737
locomo.turn_retrieval.word_alternate.category_3.hit_at_20,0.43820224719101125
locomo.turn_retrieval.word_alternate.category_3.recall_at_20,0.329507901219732
locomo.turn_retrieval.word_alternate.category_3.complete_at_20,0.24719101123595505
locomo.turn_retrieval.word_alternate.category_3.ndcg_at_20,0.23047561435655656
locomo.turn_retrieval.word_alternate.category_1.n,281
locomo.turn_retrieval.word_alternate.category_1.mrr,0.2926089163058125
locomo.turn_retrieval.word_alternate.category_1.hit_at_1,0.19217081850533807
locomo.turn_retrieval.word_alternate.category_1.recall_at_1,0.06899125982755876
locomo.turn_retrieval.word_alternate.category_1.complete_at_1,0.0
locomo.turn_retrieval.word_alternate.category_1.ndcg_at_1,0.19217081850533807
locomo.turn_retrieval.word_alternate.category_1.hit_at_5,0.40213523131672596
locomo.turn_retrieval.word_alternate.category_1.recall_at_5,0.20000140543313422
locomo.turn_retrieval.word_alternate.category_1.complete_at_5,0.05693950177935943
locomo.turn_retrieval.word_alternate.category_1.ndcg_at_5,0.1848186557844856
locomo.turn_retrieval.word_alternate.category_1.hit_at_10,0.5231316725978647
locomo.turn_retrieval.word_alternate.category_1.recall_at_10,0.2887775758819025
locomo.turn_retrieval.word_alternate.category_1.complete_at_10,0.1103202846975089
locomo.turn_retrieval.word_alternate.category_1.ndcg_at_10,0.22048135882376965
locomo.turn_retrieval.word_alternate.category_1.hit_at_20,0.6156583629893239
locomo.turn_retrieval.word_alternate.category_1.recall_at_20,0.3596926236652777
locomo.turn_retrieval.word_alternate.category_1.complete_at_20,0.15302491103202848
locomo.turn_retrieval.word_alternate.category_1.ndcg_at_20,0.24587693470617872
locomo.turn_retrieval.word_alternate.category_4.n,841
locomo.turn_retrieval.word_alternate.category_4.mrr,0.513537505535699
locomo.turn_retrieval.word_alternate.category_4.hit_at_1,0.4102259215219976
locomo.turn_retrieval.word_alternate.category_4.recall_at_1,0.398137138327388
locomo.turn_retrieval.word_alternate.category_4.complete_at_1,0.3876337693222354
locomo.turn_retrieval.word_alternate.category_4.ndcg_at_1,0.4102259215219976
locomo.turn_retrieval.word_alternate.category_4.hit_at_5,0.638525564803805
locomo.turn_retrieval.word_alternate.category_4.recall_at_5,0.6254458977407847
locomo.turn_retrieval.word_alternate.category_4.complete_at_5,0.6111771700356718
locomo.turn_retrieval.word_alternate.category_4.ndcg_at_5,0.5255212738645204
locomo.turn_retrieval.word_alternate.category_4.hit_at_10,0.6991676575505351
locomo.turn_retrieval.word_alternate.category_4.recall_at_10,0.6872770511296076
locomo.turn_retrieval.word_alternate.category_4.complete_at_10,0.6741973840665874
locomo.turn_retrieval.word_alternate.category_4.ndcg_at_10,0.5459879769965466
locomo.turn_retrieval.word_alternate.category_4.hit_at_20,0.746730083234245
locomo.turn_retrieval.word_alternate.category_4.recall_at_20,0.7358303606817281
locomo.turn_retrieval.word_alternate.category_4.complete_at_20,0.7241379310344828
locomo.turn_retrieval.word_alternate.category_4.ndcg_at_20,0.5585521400865227
locomo.turn_retrieval.word_alternate.category_5.n,446
locomo.turn_retrieval.word_alternate.category_5.mrr,0.49040441148497815
locomo.turn_retrieval.word_alternate.category_5.hit_at_1,0.3834080717488789
locomo.turn_retrieval.word_alternate.category_5.recall_at_1,0.3755605381165919
locomo.turn_retrieval.word_alternate.category_5.complete_at_1,0.36771300448430494
locomo.turn_retrieval.word_alternate.category_5.ndcg_at_1,0.3834080717488789
locomo.turn_retrieval.word_alternate.category_5.hit_at_5,0.625560538116592
locomo.turn_retrieval.word_alternate.category_5.recall_at_5,0.6188340807174888
locomo.turn_retrieval.word_alternate.category_5.complete_at_5,0.6121076233183856
locomo.turn_retrieval.word_alternate.category_5.ndcg_at_5,0.5084397129694306
locomo.turn_retrieval.word_alternate.category_5.hit_at_10,0.6883408071748879
locomo.turn_retrieval.word_alternate.category_5.recall_at_10,0.6816143497757847
locomo.turn_retrieval.word_alternate.category_5.complete_at_10,0.6748878923766816
locomo.turn_retrieval.word_alternate.category_5.ndcg_at_10,0.5288787700407142
locomo.turn_retrieval.word_alternate.category_5.hit_at_20,0.742152466367713
locomo.turn_retrieval.word_alternate.category_5.recall_at_20,0.7376681614349776
locomo.turn_retrieval.word_alternate.category_5.complete_at_20,0.7331838565022422
locomo.turn_retrieval.word_alternate.category_5.ndcg_at_20,0.5434071351616178
locomo.turn_retrieval.rrf_word_alternate.all_answerable.n,1977
locomo.turn_retrieval.rrf_word_alternate.all_answerable.mrr,0.4645629317706164
locomo.turn_retrieval.rrf_word_alternate.all_answerable.hit_at_1,0.35761254425897826
locomo.turn_retrieval.rrf_word_alternate.all_answerable.recall_at_1,0.3298026693701959
locomo.turn_retrieval.rrf_word_alternate.all_answerable.complete_at_1,0.3110773899848255
locomo.turn_retrieval.rrf_word_alternate.all_answerable.ndcg_at_1,0.35761254425897826
locomo.turn_retrieval.rrf_word_alternate.all_answerable.hit_at_5,0.5852301466868993
locomo.turn_retrieval.rrf_word_alternate.all_answerable.recall_at_5,0.5414498280017149
locomo.turn_retrieval.rrf_word_alternate.all_answerable.complete_at_5,0.5068285280728376
locomo.turn_retrieval.rrf_word_alternate.all_answerable.ndcg_at_5,0.45635139031741606
locomo.turn_retrieval.rrf_word_alternate.all_answerable.hit_at_10,0.6621143146181082
locomo.turn_retrieval.rrf_word_alternate.all_answerable.recall_at_10,0.611999478710698
locomo.turn_retrieval.rrf_word_alternate.all_answerable.complete_at_10,0.569549822964087
locomo.turn_retrieval.rrf_word_alternate.all_answerable.ndcg_at_10,0.48050193232364624
locomo.turn_retrieval.rrf_word_alternate.all_answerable.hit_at_20,0.7172483560950936
locomo.turn_retrieval.rrf_word_alternate.all_answerable.recall_at_20,0.6658677113703259
locomo.turn_retrieval.rrf_word_alternate.all_answerable.complete_at_20,0.6216489630753668
locomo.turn_retrieval.rrf_word_alternate.all_answerable.ndcg_at_20,0.4956696351116341
locomo.turn_retrieval.rrf_word_alternate.category_2.n,320
locomo.turn_retrieval.rrf_word_alternate.category_2.mrr,0.5301947394368026
locomo.turn_retrieval.rrf_word_alternate.category_2.hit_at_1,0.43125
locomo.turn_retrieval.rrf_word_alternate.category_2.recall_at_1,0.4059895833333333
locomo.turn_retrieval.rrf_word_alternate.category_2.complete_at_1,0.3875
locomo.turn_retrieval.rrf_word_alternate.category_2.ndcg_at_1,0.43125
locomo.turn_retrieval.rrf_word_alternate.category_2.hit_at_5,0.64375
locomo.turn_retrieval.rrf_word_alternate.category_2.recall_at_5,0.6153645833333333
locomo.turn_retrieval.rrf_word_alternate.category_2.complete_at_5,0.5875
locomo.turn_retrieval.rrf_word_alternate.category_2.ndcg_at_5,0.5278090194460633
locomo.turn_retrieval.rrf_word_alternate.category_2.hit_at_10,0.71875
locomo.turn_retrieval.rrf_word_alternate.category_2.recall_at_10,0.6856770833333333
locomo.turn_retrieval.rrf_word_alternate.category_2.complete_at_10,0.65
locomo.turn_retrieval.rrf_word_alternate.category_2.ndcg_at_10,0.5516343254856103
locomo.turn_retrieval.rrf_word_alternate.category_2.hit_at_20,0.765625
locomo.turn_retrieval.rrf_word_alternate.category_2.recall_at_20,0.7341145833333333
locomo.turn_retrieval.rrf_word_alternate.category_2.complete_at_20,0.7
locomo.turn_retrieval.rrf_word_alternate.category_2.ndcg_at_20,0.5649394528446714
locomo.turn_retrieval.rrf_word_alternate.image_evidence.n,857
locomo.turn_retrieval.rrf_word_alternate.image_evidence.mrr,0.4472663674544886
locomo.turn_retrieval.rrf_word_alternate.image_evidence.hit_at_1,0.34072345390898484
locomo.turn_retrieval.rrf_word_alternate.image_evidence.recall_at_1,0.30122895061634847
locomo.turn_retrieval.rrf_word_alternate.image_evidence.complete_at_1,0.27887981330221706
locomo.turn_retrieval.rrf_word_alternate.image_evidence.ndcg_at_1,0.34072345390898484
locomo.turn_retrieval.rrf_word_alternate.image_evidence.hit_at_5,0.5565927654609102
locomo.turn_retrieval.rrf_word_alternate.image_evidence.recall_at_5,0.4858572267126299
locomo.turn_retrieval.rrf_word_alternate.image_evidence.complete_at_5,0.4352392065344224
locomo.turn_retrieval.rrf_word_alternate.image_evidence.ndcg_at_5,0.41974143089090526
locomo.turn_retrieval.rrf_word_alternate.image_evidence.hit_at_10,0.6441073512252042
locomo.turn_retrieval.rrf_word_alternate.image_evidence.recall_at_10,0.5645931187215674
locomo.turn_retrieval.rrf_word_alternate.image_evidence.complete_at_10,0.5017502917152858
locomo.turn_retrieval.rrf_word_alternate.image_evidence.ndcg_at_10,0.446921805401309
locomo.turn_retrieval.rrf_word_alternate.image_evidence.hit_at_20,0.7036172695449242
locomo.turn_retrieval.rrf_word_alternate.image_evidence.recall_at_20,0.6202689210958391
locomo.turn_retrieval.rrf_word_alternate.image_evidence.complete_at_20,0.5519253208868145
locomo.turn_retrieval.rrf_word_alternate.image_evidence.ndcg_at_20,0.46348565279584353
locomo.turn_retrieval.rrf_word_alternate.category_3.n,89
locomo.turn_retrieval.rrf_word_alternate.category_3.mrr,0.2453799332438886
locomo.turn_retrieval.rrf_word_alternate.category_3.hit_at_1,0.14606741573033707
locomo.turn_retrieval.rrf_word_alternate.category_3.recall_at_1,0.1104868913857678
locomo.turn_retrieval.rrf_word_alternate.category_3.complete_at_1,0.07865168539325842
locomo.turn_retrieval.rrf_word_alternate.category_3.ndcg_at_1,0.14606741573033707
locomo.turn_retrieval.rrf_word_alternate.category_3.hit_at_5,0.3595505617977528
locomo.turn_retrieval.rrf_word_alternate.category_3.recall_at_5,0.2510464860101344
locomo.turn_retrieval.rrf_word_alternate.category_3.complete_at_5,0.16853932584269662
locomo.turn_retrieval.rrf_word_alternate.category_3.ndcg_at_5,0.2098063179862493
locomo.turn_retrieval.rrf_word_alternate.category_3.hit_at_10,0.39325842696629215
locomo.turn_retrieval.rrf_word_alternate.category_3.recall_at_10,0.27351839612249396
locomo.turn_retrieval.rrf_word_alternate.category_3.complete_at_10,0.1797752808988764
locomo.turn_retrieval.rrf_word_alternate.category_3.ndcg_at_10,0.21677341837483385
locomo.turn_retrieval.rrf_word_alternate.category_3.hit_at_20,0.42696629213483145
locomo.turn_retrieval.rrf_word_alternate.category_3.recall_at_20,0.3182719461635522
locomo.turn_retrieval.rrf_word_alternate.category_3.complete_at_20,0.23595505617977527
locomo.turn_retrieval.rrf_word_alternate.category_3.ndcg_at_20,0.22944977945731201
locomo.turn_retrieval.rrf_word_alternate.category_1.n,281
locomo.turn_retrieval.rrf_word_alternate.category_1.mrr,0.285066736108631
locomo.turn_retrieval.rrf_word_alternate.category_1.hit_at_1,0.17793594306049823
locomo.turn_retrieval.rrf_word_alternate.category_1.recall_at_1,0.06383111747880431
locomo.turn_retrieval.rrf_word_alternate.category_1.complete_at_1,0.0
locomo.turn_retrieval.rrf_word_alternate.category_1.ndcg_at_1,0.17793594306049823
locomo.turn_retrieval.rrf_word_alternate.category_1.hit_at_5,0.3807829181494662
locomo.turn_retrieval.rrf_word_alternate.category_1.recall_at_5,0.1892758221986542
locomo.turn_retrieval.rrf_word_alternate.category_1.complete_at_5,0.05693950177935943
locomo.turn_retrieval.rrf_word_alternate.category_1.ndcg_at_5,0.1774887147070338
locomo.turn_retrieval.rrf_word_alternate.category_1.hit_at_10,0.5195729537366548
locomo.turn_retrieval.rrf_word_alternate.category_1.recall_at_10,0.28883688786292266
locomo.turn_retrieval.rrf_word_alternate.category_1.complete_at_10,0.1103202846975089
locomo.turn_retrieval.rrf_word_alternate.category_1.ndcg_at_10,0.21768169582187663
locomo.turn_retrieval.rrf_word_alternate.category_1.hit_at_20,0.6120996441281139
locomo.turn_retrieval.rrf_word_alternate.category_1.recall_at_20,0.3588763778312383
locomo.turn_retrieval.rrf_word_alternate.category_1.complete_at_20,0.15302491103202848
locomo.turn_retrieval.rrf_word_alternate.category_1.ndcg_at_20,0.24302112631779074
locomo.turn_retrieval.rrf_word_alternate.category_4.n,841
locomo.turn_retrieval.rrf_word_alternate.category_4.mrr,0.5113345832137092
locomo.turn_retrieval.rrf_word_alternate.category_4.hit_at_1,0.40309155766944116
locomo.turn_retrieval.rrf_word_alternate.category_4.recall_at_1,0.3921918351169243
locomo.turn_retrieval.rrf_word_alternate.category_4.complete_at_1,0.38287752675386444
locomo.turn_retrieval.rrf_word_alternate.category_4.ndcg_at_1,0.40309155766944116
locomo.turn_retrieval.rrf_word_alternate.category_4.hit_at_5,0.6361474435196195
locomo.turn_retrieval.rrf_word_alternate.category_4.recall_at_5,0.6230677764565993
locomo.turn_retrieval.rrf_word_alternate.category_4.complete_at_5,0.6087990487514863
locomo.turn_retrieval.rrf_word_alternate.category_4.ndcg_at_5,0.5229553436034147
locomo.turn_retrieval.rrf_word_alternate.category_4.hit_at_10,0.703923900118906
locomo.turn_retrieval.rrf_word_alternate.category_4.recall_at_10,0.6920332936979786
locomo.turn_retrieval.rrf_word_alternate.category_4.complete_at_10,0.6789536266349584
locomo.turn_retrieval.rrf_word_alternate.category_4.ndcg_at_10,0.5454343058452666
locomo.turn_retrieval.rrf_word_alternate.category_4.hit_at_20,0.7502972651605232
locomo.turn_retrieval.rrf_word_alternate.category_4.recall_at_20,0.7399920729290528
locomo.turn_retrieval.rrf_word_alternate.category_4.complete_at_20,0.7288941736028538
locomo.turn_retrieval.rrf_word_alternate.category_4.ndcg_at_20,0.5578308818586774
locomo.turn_retrieval.rrf_word_alternate.category_5.n,446
locomo.turn_retrieval.rrf_word_alternate.category_5.mrr,0.48610683431114565
locomo.turn_retrieval.rrf_word_alternate.category_5.hit_at_1,0.3744394618834081
locomo.turn_retrieval.rrf_word_alternate.category_5.recall_at_1,0.3688340807174888
locomo.turn_retrieval.rrf_word_alternate.category_5.complete_at_1,0.3632286995515695
locomo.turn_retrieval.rrf_word_alternate.category_5.ndcg_at_1,0.3744394618834081
locomo.turn_retrieval.rrf_word_alternate.category_5.hit_at_5,0.6210762331838565
locomo.turn_retrieval.rrf_word_alternate.category_5.recall_at_5,0.6143497757847534
locomo.turn_retrieval.rrf_word_alternate.category_5.complete_at_5,0.6076233183856502
locomo.turn_retrieval.rrf_word_alternate.category_5.ndcg_at_5,0.504384029889836
locomo.turn_retrieval.rrf_word_alternate.category_5.hit_at_10,0.6860986547085202
locomo.turn_retrieval.rrf_word_alternate.category_5.recall_at_10,0.679372197309417
locomo.turn_retrieval.rrf_word_alternate.category_5.complete_at_10,0.672645739910314
locomo.turn_retrieval.rrf_word_alternate.category_5.ndcg_at_10,0.5252414665275259
locomo.turn_retrieval.rrf_word_alternate.category_5.hit_at_20,0.7443946188340808
locomo.turn_retrieval.rrf_word_alternate.category_5.recall_at_20,0.7399103139013453
locomo.turn_retrieval.rrf_word_alternate.category_5.complete_at_20,0.7354260089686099
locomo.turn_retrieval.rrf_word_alternate.category_5.ndcg_at_20,0.5410594286889194
locomo.session_retrieval.word_all.all_answerable.n,1977
locomo.session_retrieval.word_all.all_answerable.mrr,0.797216679748676
locomo.session_retrieval.word_all.all_answerable.hit_at_1,0.7005563985837127
locomo.session_retrieval.word_all.all_answerable.recall_at_1,0.6522673443007282
locomo.session_retrieval.word_all.all_answerable.complete_at_1,0.6181082448153769
locomo.session_retrieval.word_all.all_answerable.ndcg_at_1,0.7005563985837127
locomo.session_retrieval.word_all.all_answerable.hit_at_3,0.8720283257460799
locomo.session_retrieval.word_all.all_answerable.recall_at_3,0.8217718043211214
locomo.session_retrieval.word_all.all_answerable.complete_at_3,0.7809812847749115
locomo.session_retrieval.word_all.all_answerable.ndcg_at_3,0.7726445269533635
locomo.session_retrieval.word_all.all_answerable.hit_at_5,0.9180576631259484
locomo.session_retrieval.word_all.all_answerable.recall_at_5,0.8705189039028189
locomo.session_retrieval.word_all.all_answerable.complete_at_5,0.8265048052604957
locomo.session_retrieval.word_all.all_answerable.ndcg_at_5,0.7928722597523409
locomo.session_retrieval.word_all.all_answerable.hit_at_10,0.9645928174001012
locomo.session_retrieval.word_all.all_answerable.recall_at_10,0.9261597658790375
locomo.session_retrieval.word_all.all_answerable.complete_at_10,0.8831562974203339
locomo.session_retrieval.word_all.all_answerable.ndcg_at_10,0.8138228082992979
locomo.session_retrieval.word_all.category_2.n,320
locomo.session_retrieval.word_all.category_2.mrr,0.750068962922024
locomo.session_retrieval.word_all.category_2.hit_at_1,0.6375
locomo.session_retrieval.word_all.category_2.recall_at_1,0.6098958333333333
locomo.session_retrieval.word_all.category_2.complete_at_1,0.584375
locomo.session_retrieval.word_all.category_2.ndcg_at_1,0.6375
locomo.session_retrieval.word_all.category_2.hit_at_3,0.83125
locomo.session_retrieval.word_all.category_2.recall_at_3,0.809375
locomo.session_retrieval.word_all.category_2.complete_at_3,0.7875
locomo.session_retrieval.word_all.category_2.ndcg_at_3,0.7373251841561757
locomo.session_retrieval.word_all.category_2.hit_at_5,0.9
locomo.session_retrieval.word_all.category_2.recall_at_5,0.8802083333333334
locomo.session_retrieval.word_all.category_2.complete_at_5,0.859375
locomo.session_retrieval.word_all.category_2.ndcg_at_5,0.7678365587685497
locomo.session_retrieval.word_all.category_2.hit_at_10,0.95625
locomo.session_retrieval.word_all.category_2.recall_at_10,0.9432291666666666
locomo.session_retrieval.word_all.category_2.complete_at_10,0.928125
locomo.session_retrieval.word_all.category_2.ndcg_at_10,0.7892260970198097
locomo.session_retrieval.word_all.category_3.n,89
locomo.session_retrieval.word_all.category_3.mrr,0.5575972729479144
locomo.session_retrieval.word_all.category_3.hit_at_1,0.4157303370786517
locomo.session_retrieval.word_all.category_3.recall_at_1,0.30450775815944353
locomo.session_retrieval.word_all.category_3.complete_at_1,0.24719101123595505
locomo.session_retrieval.word_all.category_3.ndcg_at_1,0.4157303370786517
locomo.session_retrieval.word_all.category_3.hit_at_3,0.6404494382022472
locomo.session_retrieval.word_all.category_3.recall_at_3,0.4987961476725522
locomo.session_retrieval.word_all.category_3.complete_at_3,0.4044943820224719
locomo.session_retrieval.word_all.category_3.ndcg_at_3,0.46100399042637846
locomo.session_retrieval.word_all.category_3.hit_at_5,0.6966292134831461
locomo.session_retrieval.word_all.category_3.recall_at_5,0.5587212413055109
locomo.session_retrieval.word_all.category_3.complete_at_5,0.4606741573033708
locomo.session_retrieval.word_all.category_3.ndcg_at_5,0.48065070104588814
locomo.session_retrieval.word_all.category_3.hit_at_10,0.8314606741573034
locomo.session_retrieval.word_all.category_3.recall_at_10,0.7173622257891921
locomo.session_retrieval.word_all.category_3.complete_at_10,0.5955056179775281
locomo.session_retrieval.word_all.category_3.ndcg_at_10,0.5393940214646311
locomo.session_retrieval.word_all.category_1.n,281
locomo.session_retrieval.word_all.category_1.mrr,0.6209148841551063
locomo.session_retrieval.word_all.category_1.hit_at_1,0.47330960854092524
locomo.session_retrieval.word_all.category_1.recall_at_1,0.2020095464045642
locomo.session_retrieval.word_all.category_1.complete_at_1,0.010676156583629894
locomo.session_retrieval.word_all.category_1.ndcg_at_1,0.47330960854092524
locomo.session_retrieval.word_all.category_1.hit_at_3,0.7153024911032029
locomo.session_retrieval.word_all.category_1.recall_at_3,0.4314946619217082
locomo.session_retrieval.word_all.category_1.complete_at_3,0.199288256227758
locomo.session_retrieval.word_all.category_1.ndcg_at_3,0.4490780469558217
locomo.session_retrieval.word_all.category_1.hit_at_5,0.8113879003558719
locomo.session_retrieval.word_all.category_1.recall_at_5,0.5431424052420494
locomo.session_retrieval.word_all.category_1.complete_at_5,0.28825622775800713
locomo.session_retrieval.word_all.category_1.ndcg_at_5,0.49574248373401253
locomo.session_retrieval.word_all.category_1.hit_at_10,0.9323843416370107
locomo.session_retrieval.word_all.category_1.recall_at_10,0.7129511947127606
locomo.session_retrieval.word_all.category_1.complete_at_10,0.46619217081850534
locomo.session_retrieval.word_all.category_1.ndcg_at_10,0.5675326073565766
locomo.session_retrieval.word_all.category_4.n,841
locomo.session_retrieval.word_all.category_4.mrr,0.8635560386011986
locomo.session_retrieval.word_all.category_4.hit_at_1,0.7847800237812128
locomo.session_retrieval.word_all.category_4.recall_at_1,0.7841854934601664
locomo.session_retrieval.word_all.category_4.complete_at_1,0.7835909631391201
locomo.session_retrieval.word_all.category_4.ndcg_at_1,0.7847800237812128
locomo.session_retrieval.word_all.category_4.hit_at_3,0.9310344827586207
locomo.session_retrieval.word_all.category_4.recall_at_3,0.9310344827586207
locomo.session_retrieval.word_all.category_4.complete_at_3,0.9310344827586207
locomo.session_retrieval.word_all.category_4.ndcg_at_3,0.8725414944538846
locomo.session_retrieval.word_all.category_4.hit_at_5,0.9619500594530321
locomo.session_retrieval.word_all.category_4.recall_at_5,0.9619500594530321
locomo.session_retrieval.word_all.category_4.complete_at_5,0.9619500594530321
locomo.session_retrieval.word_all.category_4.ndcg_at_5,0.885439235836997
locomo.session_retrieval.word_all.category_4.hit_at_10,0.9821640903686087
locomo.session_retrieval.word_all.category_4.recall_at_10,0.9821640903686087
locomo.session_retrieval.word_all.category_4.complete_at_10,0.9821640903686087
locomo.session_retrieval.word_all.category_4.ndcg_at_10,0.8920816282815555
locomo.session_retrieval.word_all.category_5.n,446
locomo.session_retrieval.word_all.category_5.mrr,0.8648462769608245
locomo.session_retrieval.word_all.category_5.hit_at_1,0.7869955156950673
locomo.session_retrieval.word_all.category_5.recall_at_1,0.7869955156950673
locomo.session_retrieval.word_all.category_5.complete_at_1,0.7869955156950673
locomo.session_retrieval.word_all.category_5.ndcg_at_1,0.7869955156950673
locomo.session_retrieval.word_all.category_5.hit_at_3,0.9349775784753364
locomo.session_retrieval.word_all.category_5.recall_at_3,0.9349775784753364
locomo.session_retrieval.word_all.category_5.complete_at_3,0.9349775784753364
locomo.session_retrieval.word_all.category_5.ndcg_at_3,0.8756647705797598
locomo.session_retrieval.word_all.category_5.hit_at_5,0.9596412556053812
locomo.session_retrieval.word_all.category_5.recall_at_5,0.9596412556053812
locomo.session_retrieval.word_all.category_5.complete_at_5,0.9596412556053812
locomo.session_retrieval.word_all.category_5.ndcg_at_5,0.885795540500417
locomo.session_retrieval.word_all.category_5.hit_at_10,0.984304932735426
locomo.session_retrieval.word_all.category_5.recall_at_10,0.984304932735426
locomo.session_retrieval.word_all.category_5.complete_at_10,0.984304932735426
locomo.session_retrieval.word_all.category_5.ndcg_at_10,0.8938384775763097
locomo.session_retrieval.bigram_all.all_answerable.n,1977
locomo.session_retrieval.bigram_all.all_answerable.mrr,0.805963307669613
locomo.session_retrieval.bigram_all.all_answerable.hit_at_1,0.7172483560950936
locomo.session_retrieval.bigram_all.all_answerable.recall_at_1,0.6709319876998178
locomo.session_retrieval.bigram_all.all_answerable.complete_at_1,0.6378351036924633
locomo.session_retrieval.bigram_all.all_answerable.ndcg_at_1,0.7172483560950936
locomo.session_retrieval.bigram_all.all_answerable.hit_at_3,0.8705108750632271
locomo.session_retrieval.bigram_all.all_answerable.recall_at_3,0.8207882714711243
locomo.session_retrieval.bigram_all.all_answerable.complete_at_3,0.7804754678806272
locomo.session_retrieval.bigram_all.all_answerable.ndcg_at_3,0.7789367222364885
locomo.session_retrieval.bigram_all.all_answerable.hit_at_5,0.9195751138088012
locomo.session_retrieval.bigram_all.all_answerable.recall_at_5,0.8742366580758083
locomo.session_retrieval.bigram_all.all_answerable.complete_at_5,0.8320687910976227
locomo.session_retrieval.bigram_all.all_answerable.ndcg_at_5,0.8013838734309523
locomo.session_retrieval.bigram_all.all_answerable.hit_at_10,0.9645928174001012
locomo.session_retrieval.bigram_all.all_answerable.recall_at_10,0.9270421353501779
locomo.session_retrieval.bigram_all.all_answerable.complete_at_10,0.885179564997471
locomo.session_retrieval.bigram_all.all_answerable.ndcg_at_10,0.8215025848639741
locomo.session_retrieval.bigram_all.category_2.n,320
locomo.session_retrieval.bigram_all.category_2.mrr,0.7685710250959612
locomo.session_retrieval.bigram_all.category_2.hit_at_1,0.65625
locomo.session_retrieval.bigram_all.category_2.recall_at_1,0.6302083333333333
locomo.session_retrieval.bigram_all.category_2.complete_at_1,0.60625
locomo.session_retrieval.bigram_all.category_2.ndcg_at_1,0.65625
locomo.session_retrieval.bigram_all.category_2.hit_at_3,0.85
locomo.session_retrieval.bigram_all.category_2.recall_at_3,0.8286458333333334
locomo.session_retrieval.bigram_all.category_2.complete_at_3,0.80625
locomo.session_retrieval.bigram_all.category_2.ndcg_at_3,0.7603072886593588
locomo.session_retrieval.bigram_all.category_2.hit_at_5,0.90625
locomo.session_retrieval.bigram_all.category_2.recall_at_5,0.8880208333333334
locomo.session_retrieval.bigram_all.category_2.complete_at_5,0.86875
locomo.session_retrieval.bigram_all.category_2.ndcg_at_5,0.7857092510407943
locomo.session_retrieval.bigram_all.category_2.hit_at_10,0.959375
locomo.session_retrieval.bigram_all.category_2.recall_at_10,0.9463541666666666
locomo.session_retrieval.bigram_all.category_2.complete_at_10,0.93125
locomo.session_retrieval.bigram_all.category_2.ndcg_at_10,0.8054316593000967
locomo.session_retrieval.bigram_all.category_3.n,89
locomo.session_retrieval.bigram_all.category_3.mrr,0.5560906335199267
locomo.session_retrieval.bigram_all.category_3.hit_at_1,0.4157303370786517
locomo.session_retrieval.bigram_all.category_3.recall_at_1,0.3063804173354735
locomo.session_retrieval.bigram_all.category_3.complete_at_1,0.24719101123595505
locomo.session_retrieval.bigram_all.category_3.ndcg_at_1,0.4157303370786517
locomo.session_retrieval.bigram_all.category_3.hit_at_3,0.6179775280898876
locomo.session_retrieval.bigram_all.category_3.recall_at_3,0.48943285179240237
locomo.session_retrieval.bigram_all.category_3.complete_at_3,0.4044943820224719
locomo.session_retrieval.bigram_all.category_3.ndcg_at_3,0.45790452612968763
locomo.session_retrieval.bigram_all.category_3.hit_at_5,0.6966292134831461
locomo.session_retrieval.bigram_all.category_3.recall_at_5,0.5643392188336008
locomo.session_retrieval.bigram_all.category_3.complete_at_5,0.47191011235955055
locomo.session_retrieval.bigram_all.category_3.ndcg_at_5,0.484661168261264
locomo.session_retrieval.bigram_all.category_3.hit_at_10,0.8202247191011236
locomo.session_retrieval.bigram_all.category_3.recall_at_10,0.7061262707330123
locomo.session_retrieval.bigram_all.category_3.complete_at_10,0.5842696629213483
locomo.session_retrieval.bigram_all.category_3.ndcg_at_10,0.5383921751653056
locomo.session_retrieval.bigram_all.category_1.n,281
locomo.session_retrieval.bigram_all.category_1.mrr,0.6093989798726849
locomo.session_retrieval.bigram_all.category_1.hit_at_1,0.45907473309608543
locomo.session_retrieval.bigram_all.category_1.recall_at_1,0.19928119527763655
locomo.session_retrieval.bigram_all.category_1.complete_at_1,0.014234875444839857
locomo.session_retrieval.bigram_all.category_1.ndcg_at_1,0.45907473309608543
locomo.session_retrieval.bigram_all.category_1.hit_at_3,0.7046263345195729
locomo.session_retrieval.bigram_all.category_1.recall_at_3,0.4198299723210755
locomo.session_retrieval.bigram_all.category_1.complete_at_3,0.18861209964412812
locomo.session_retrieval.bigram_all.category_1.ndcg_at_3,0.436708187674604
locomo.session_retrieval.bigram_all.category_1.hit_at_5,0.7935943060498221
locomo.session_retrieval.bigram_all.category_1.recall_at_5,0.537270519121053
locomo.session_retrieval.bigram_all.category_1.complete_at_5,0.2918149466192171
locomo.session_retrieval.bigram_all.category_1.ndcg_at_5,0.48847526716873807
locomo.session_retrieval.bigram_all.category_1.hit_at_10,0.9323843416370107
locomo.session_retrieval.bigram_all.category_1.recall_at_10,0.719159182059538
locomo.session_retrieval.bigram_all.category_1.complete_at_10,0.4804270462633452
locomo.session_retrieval.bigram_all.category_1.ndcg_at_10,0.5648926593910887
locomo.session_retrieval.bigram_all.category_4.n,841
locomo.session_retrieval.bigram_all.category_4.mrr,0.8706057236235352
locomo.session_retrieval.bigram_all.category_4.hit_at_1,0.8014268727705113
locomo.session_retrieval.bigram_all.category_4.recall_at_1,0.8008323424494649
locomo.session_retrieval.bigram_all.category_4.complete_at_1,0.8002378121284186
locomo.session_retrieval.bigram_all.category_4.ndcg_at_1,0.8014268727705113
locomo.session_retrieval.bigram_all.category_4.hit_at_3,0.9274673008323424
locomo.session_retrieval.bigram_all.category_4.recall_at_3,0.9274673008323424
locomo.session_retrieval.bigram_all.category_4.complete_at_3,0.9274673008323424
locomo.session_retrieval.bigram_all.category_4.ndcg_at_3,0.8758722027983782
locomo.session_retrieval.bigram_all.category_4.hit_at_5,0.9655172413793104
locomo.session_retrieval.bigram_all.category_4.recall_at_5,0.9655172413793104
locomo.session_retrieval.bigram_all.category_4.complete_at_5,0.9655172413793104
locomo.session_retrieval.bigram_all.category_4.ndcg_at_5,0.8916341110603073
locomo.session_retrieval.bigram_all.category_4.hit_at_10,0.9821640903686087
locomo.session_retrieval.bigram_all.category_4.recall_at_10,0.9821640903686087
locomo.session_retrieval.bigram_all.category_4.complete_at_10,0.9821640903686087
locomo.session_retrieval.bigram_all.category_4.ndcg_at_10,0.897197414237732
locomo.session_retrieval.bigram_all.category_5.n,446
locomo.session_retrieval.bigram_all.category_5.mrr,0.884605690442211
locomo.session_retrieval.bigram_all.category_5.hit_at_1,0.8251121076233184
locomo.session_retrieval.bigram_all.category_5.recall_at_1,0.8251121076233184
locomo.session_retrieval.bigram_all.category_5.complete_at_1,0.8251121076233184
locomo.session_retrieval.bigram_all.category_5.ndcg_at_1,0.8251121076233184
locomo.session_retrieval.bigram_all.category_5.hit_at_3,0.9327354260089686
locomo.session_retrieval.bigram_all.category_5.recall_at_3,0.9327354260089686
locomo.session_retrieval.bigram_all.category_5.complete_at_3,0.9327354260089686
locomo.session_retrieval.bigram_all.category_5.ndcg_at_3,0.8891985232623342
locomo.session_retrieval.bigram_all.category_5.hit_at_5,0.9663677130044843
locomo.session_retrieval.bigram_all.category_5.recall_at_5,0.9663677130044843
locomo.session_retrieval.bigram_all.category_5.complete_at_5,0.9663677130044843
locomo.session_retrieval.bigram_all.category_5.ndcg_at_5,0.90279882508644
locomo.session_retrieval.bigram_all.category_5.hit_at_10,0.984304932735426
locomo.session_retrieval.bigram_all.category_5.recall_at_10,0.984304932735426
locomo.session_retrieval.bigram_all.category_5.complete_at_10,0.984304932735426
locomo.session_retrieval.bigram_all.category_5.ndcg_at_10,0.9084702086266928
locomo.session_retrieval.rrf_word_bigram.all_answerable.n,1977
locomo.session_retrieval.rrf_word_bigram.all_answerable.mrr,0.8035851780153073
locomo.session_retrieval.rrf_word_bigram.all_answerable.hit_at_1,0.7101669195751138
locomo.session_retrieval.rrf_word_bigram.all_answerable.recall_at_1,0.662085009353598
locomo.session_retrieval.rrf_word_bigram.all_answerable.complete_at_1,0.627718765806778
locomo.session_retrieval.rrf_word_bigram.all_answerable.ndcg_at_1,0.7101669195751138
locomo.session_retrieval.rrf_word_bigram.all_answerable.hit_at_3,0.8750632271117855
locomo.session_retrieval.rrf_word_bigram.all_answerable.recall_at_3,0.8236244590569326
locomo.session_retrieval.rrf_word_bigram.all_answerable.complete_at_3,0.78199291856348
locomo.session_retrieval.rrf_word_bigram.all_answerable.ndcg_at_3,0.7776896184970651
locomo.session_retrieval.rrf_word_bigram.all_answerable.hit_at_5,0.9215983813859383
locomo.session_retrieval.rrf_word_bigram.all_answerable.recall_at_5,0.8749448017278063
locomo.session_retrieval.rrf_word_bigram.all_answerable.complete_at_5,0.8320687910976227
locomo.session_retrieval.rrf_word_bigram.all_answerable.ndcg_at_5,0.7991465468539924
locomo.session_retrieval.rrf_word_bigram.all_answerable.hit_at_10,0.9650986342943855
locomo.session_retrieval.rrf_word_bigram.all_answerable.recall_at_10,0.9277193679697473
locomo.session_retrieval.rrf_word_bigram.all_answerable.complete_at_10,0.8861911987860395
locomo.session_retrieval.rrf_word_bigram.all_answerable.ndcg_at_10,0.8191731690617308
locomo.session_retrieval.rrf_word_bigram.category_2.n,320
locomo.session_retrieval.rrf_word_bigram.category_2.mrr,0.7601905687467548
locomo.session_retrieval.rrf_word_bigram.category_2.hit_at_1,0.64375
locomo.session_retrieval.rrf_word_bigram.category_2.recall_at_1,0.6161458333333333
locomo.session_retrieval.rrf_word_bigram.category_2.complete_at_1,0.590625
locomo.session_retrieval.rrf_word_bigram.category_2.ndcg_at_1,0.64375
locomo.session_retrieval.rrf_word_bigram.category_2.hit_at_3,0.853125
locomo.session_retrieval.rrf_word_bigram.category_2.recall_at_3,0.828125
locomo.session_retrieval.rrf_word_bigram.category_2.complete_at_3,0.803125
locomo.session_retrieval.rrf_word_bigram.category_2.ndcg_at_3,0.7531354470808563
locomo.session_retrieval.rrf_word_bigram.category_2.hit_at_5,0.903125
locomo.session_retrieval.rrf_word_bigram.category_2.recall_at_5,0.8848958333333334
locomo.session_retrieval.rrf_word_bigram.category_2.complete_at_5,0.865625
locomo.session_retrieval.rrf_word_bigram.category_2.ndcg_at_5,0.7773012026129023
locomo.session_retrieval.rrf_word_bigram.category_2.hit_at_10,0.959375
locomo.session_retrieval.rrf_word_bigram.category_2.recall_at_10,0.9463541666666666
locomo.session_retrieval.rrf_word_bigram.category_2.complete_at_10,0.93125
locomo.session_retrieval.rrf_word_bigram.category_2.ndcg_at_10,0.798088637254505
locomo.session_retrieval.rrf_word_bigram.category_3.n,89
locomo.session_retrieval.rrf_word_bigram.category_3.mrr,0.5655694505830134
locomo.session_retrieval.rrf_word_bigram.category_3.hit_at_1,0.42696629213483145
locomo.session_retrieval.rrf_word_bigram.category_3.recall_at_1,0.3176163723916533
locomo.session_retrieval.rrf_word_bigram.category_3.complete_at_1,0.25842696629213485
locomo.session_retrieval.rrf_word_bigram.category_3.ndcg_at_1,0.42696629213483145
locomo.session_retrieval.rrf_word_bigram.category_3.hit_at_3,0.6292134831460674
locomo.session_retrieval.rrf_word_bigram.category_3.recall_at_3,0.4875601926163724
locomo.session_retrieval.rrf_word_bigram.category_3.complete_at_3,0.39325842696629215
locomo.session_retrieval.rrf_word_bigram.category_3.ndcg_at_3,0.4610314851202479
locomo.session_retrieval.rrf_word_bigram.category_3.hit_at_5,0.7191011235955056
locomo.session_retrieval.rrf_word_bigram.category_3.recall_at_5,0.5868111289459604
locomo.session_retrieval.rrf_word_bigram.category_3.complete_at_5,0.4943820224719101
locomo.session_retrieval.rrf_word_bigram.category_3.ndcg_at_5,0.4971776372579044
locomo.session_retrieval.rrf_word_bigram.category_3.hit_at_10,0.8314606741573034
locomo.session_retrieval.rrf_word_bigram.category_3.recall_at_10,0.7173622257891921
locomo.session_retrieval.rrf_word_bigram.category_3.complete_at_10,0.5955056179775281
locomo.session_retrieval.rrf_word_bigram.category_3.ndcg_at_10,0.5461071828933052
locomo.session_retrieval.rrf_word_bigram.category_1.n,281
locomo.session_retrieval.rrf_word_bigram.category_1.mrr,0.6207586364280709
locomo.session_retrieval.rrf_word_bigram.category_1.hit_at_1,0.47330960854092524
locomo.session_retrieval.rrf_word_bigram.category_1.recall_at_1,0.20287380669942948
locomo.session_retrieval.rrf_word_bigram.category_1.complete_at_1,0.010676156583629894
locomo.session_retrieval.rrf_word_bigram.category_1.ndcg_at_1,0.47330960854092524
locomo.session_retrieval.rrf_word_bigram.category_1.hit_at_3,0.7117437722419929
locomo.session_retrieval.rrf_word_bigram.category_1.recall_at_3,0.4231768626786421
locomo.session_retrieval.rrf_word_bigram.category_1.complete_at_3,0.18861209964412812
locomo.session_retrieval.rrf_word_bigram.category_1.ndcg_at_3,0.4432999726562405
locomo.session_retrieval.rrf_word_bigram.category_1.hit_at_5,0.8042704626334519
locomo.session_retrieval.rrf_word_bigram.category_1.recall_at_5,0.5386940066655369
locomo.session_retrieval.rrf_word_bigram.category_1.complete_at_5,0.28825622775800713
locomo.session_retrieval.rrf_word_bigram.category_1.ndcg_at_5,0.49341763324513155
locomo.session_retrieval.rrf_word_bigram.category_1.hit_at_10,0.9323843416370107
locomo.session_retrieval.rrf_word_bigram.category_1.recall_at_10,0.7203651923402813
locomo.session_retrieval.rrf_word_bigram.category_1.complete_at_10,0.48398576512455516
locomo.session_retrieval.rrf_word_bigram.category_1.ndcg_at_10,0.5697339705670469
locomo.session_retrieval.rrf_word_bigram.category_4.n,841
locomo.session_retrieval.rrf_word_bigram.category_4.mrr,0.8694299473585794
locomo.session_retrieval.rrf_word_bigram.category_4.hit_at_1,0.7966706302021404
locomo.session_retrieval.rrf_word_bigram.category_4.recall_at_1,0.796076099881094
locomo.session_retrieval.rrf_word_bigram.category_4.complete_at_1,0.7954815695600476
locomo.session_retrieval.rrf_word_bigram.category_4.ndcg_at_1,0.7966706302021404
locomo.session_retrieval.rrf_word_bigram.category_4.hit_at_3,0.9334126040428062
locomo.session_retrieval.rrf_word_bigram.category_4.recall_at_3,0.9334126040428062
locomo.session_retrieval.rrf_word_bigram.category_4.complete_at_3,0.9334126040428062
locomo.session_retrieval.rrf_word_bigram.category_4.ndcg_at_3,0.8776519738873817
locomo.session_retrieval.rrf_word_bigram.category_4.hit_at_5,0.9655172413793104
locomo.session_retrieval.rrf_word_bigram.category_4.recall_at_5,0.9655172413793104
locomo.session_retrieval.rrf_word_bigram.category_4.complete_at_5,0.9655172413793104
locomo.session_retrieval.rrf_word_bigram.category_4.ndcg_at_5,0.8910097067178597
locomo.session_retrieval.rrf_word_bigram.category_4.hit_at_10,0.9821640903686087
locomo.session_retrieval.rrf_word_bigram.category_4.recall_at_10,0.9821640903686087
locomo.session_retrieval.rrf_word_bigram.category_4.complete_at_10,0.9821640903686087
locomo.session_retrieval.rrf_word_bigram.category_4.ndcg_at_10,0.8964931735566518
locomo.session_retrieval.rrf_word_bigram.category_5.n,446
locomo.session_retrieval.rrf_word_bigram.category_5.mrr,0.8732454512792813
locomo.session_retrieval.rrf_word_bigram.category_5.hit_at_1,0.8004484304932735
locomo.session_retrieval.rrf_word_bigram.category_5.recall_at_1,0.8004484304932735
locomo.session_retrieval.rrf_word_bigram.category_5.complete_at_1,0.8004484304932735
locomo.session_retrieval.rrf_word_bigram.category_5.ndcg_at_1,0.8004484304932735
locomo.session_retrieval.rrf_word_bigram.category_5.hit_at_3,0.9327354260089686
locomo.session_retrieval.rrf_word_bigram.category_5.recall_at_3,0.9327354260089686
locomo.session_retrieval.rrf_word_bigram.category_5.complete_at_3,0.9327354260089686
locomo.session_retrieval.rrf_word_bigram.category_5.ndcg_at_3,0.8806830228058968
locomo.session_retrieval.rrf_word_bigram.category_5.hit_at_5,0.9663677130044843
locomo.session_retrieval.rrf_word_bigram.category_5.recall_at_5,0.9663677130044843
locomo.session_retrieval.rrf_word_bigram.category_5.complete_at_5,0.9663677130044843
locomo.session_retrieval.rrf_word_bigram.category_5.ndcg_at_5,0.8944798436920602
locomo.session_retrieval.rrf_word_bigram.category_5.hit_at_10,0.984304932735426
locomo.session_retrieval.rrf_word_bigram.category_5.recall_at_10,0.984304932735426
locomo.session_retrieval.rrf_word_bigram.category_5.complete_at_10,0.984304932735426
locomo.session_retrieval.rrf_word_bigram.category_5.ndcg_at_10,0.9001512272323132
locomo.session_retrieval.rrf_plus_recency.all_answerable.n,1977
locomo.session_retrieval.rrf_plus_recency.all_answerable.mrr,0.6993343946051067
locomo.session_retrieval.rrf_plus_recency.all_answerable.hit_at_1,0.5356600910470409
locomo.session_retrieval.rrf_plus_recency.all_answerable.recall_at_1,0.4981407214715257
locomo.session_retrieval.rrf_plus_recency.all_answerable.complete_at_1,0.47243297926150735
locomo.session_retrieval.rrf_plus_recency.all_answerable.ndcg_at_1,0.5356600910470409
locomo.session_retrieval.rrf_plus_recency.all_answerable.hit_at_3,0.8507840161861406
locomo.session_retrieval.rrf_plus_recency.all_answerable.recall_at_3,0.7994574511645832
locomo.session_retrieval.rrf_plus_recency.all_answerable.complete_at_3,0.7587253414264037
locomo.session_retrieval.rrf_plus_recency.all_answerable.ndcg_at_3,0.6928490063863961
locomo.session_retrieval.rrf_plus_recency.all_answerable.hit_at_5,0.9099645928174
locomo.session_retrieval.rrf_plus_recency.all_answerable.recall_at_5,0.86122993793707
locomo.session_retrieval.rrf_plus_recency.all_answerable.complete_at_5,0.815882650480526
locomo.session_retrieval.rrf_plus_recency.all_answerable.ndcg_at_5,0.7190829058467706
locomo.session_retrieval.rrf_plus_recency.all_answerable.hit_at_10,0.9620637329286799
locomo.session_retrieval.rrf_plus_recency.all_answerable.recall_at_10,0.9248229640870005
locomo.session_retrieval.rrf_plus_recency.all_answerable.complete_at_10,0.8821446636317652
locomo.session_retrieval.rrf_plus_recency.all_answerable.ndcg_at_10,0.7426702482988019
locomo.session_retrieval.rrf_plus_recency.category_2.n,320
locomo.session_retrieval.rrf_plus_recency.category_2.mrr,0.6403060071278182
locomo.session_retrieval.rrf_plus_recency.category_2.hit_at_1,0.45
locomo.session_retrieval.rrf_plus_recency.category_2.recall_at_1,0.4322916666666667
locomo.session_retrieval.rrf_plus_recency.category_2.complete_at_1,0.415625
locomo.session_retrieval.rrf_plus_recency.category_2.ndcg_at_1,0.45
locomo.session_retrieval.rrf_plus_recency.category_2.hit_at_3,0.821875
locomo.session_retrieval.rrf_plus_recency.category_2.recall_at_3,0.796875
locomo.session_retrieval.rrf_plus_recency.category_2.complete_at_3,0.771875
locomo.session_retrieval.rrf_plus_recency.category_2.ndcg_at_3,0.6533942802036867
locomo.session_retrieval.rrf_plus_recency.category_2.hit_at_5,0.89375
locomo.session_retrieval.rrf_plus_recency.category_2.recall_at_5,0.8739583333333334
locomo.session_retrieval.rrf_plus_recency.category_2.complete_at_5,0.853125
locomo.session_retrieval.rrf_plus_recency.category_2.ndcg_at_5,0.6866616506601546
locomo.session_retrieval.rrf_plus_recency.category_2.hit_at_10,0.953125
locomo.session_retrieval.rrf_plus_recency.category_2.recall_at_10,0.9359375
locomo.session_retrieval.rrf_plus_recency.category_2.complete_at_10,0.915625
locomo.session_retrieval.rrf_plus_recency.category_2.ndcg_at_10,0.7077830446911975
locomo.session_retrieval.rrf_plus_recency.category_3.n,89
locomo.session_retrieval.rrf_plus_recency.category_3.mrr,0.5090778229261376
locomo.session_retrieval.rrf_plus_recency.category_3.hit_at_1,0.3595505617977528
locomo.session_retrieval.rrf_plus_recency.category_3.recall_at_1,0.2656500802568218
locomo.session_retrieval.rrf_plus_recency.category_3.complete_at_1,0.21348314606741572
locomo.session_retrieval.rrf_plus_recency.category_3.ndcg_at_1,0.3595505617977528
locomo.session_retrieval.rrf_plus_recency.category_3.hit_at_3,0.6067415730337079
locomo.session_retrieval.rrf_plus_recency.category_3.recall_at_3,0.4693017656500803
locomo.session_retrieval.rrf_plus_recency.category_3.complete_at_3,0.38202247191011235
locomo.session_retrieval.rrf_plus_recency.category_3.ndcg_at_3,0.4187756772404969
locomo.session_retrieval.rrf_plus_recency.category_3.hit_at_5,0.6966292134831461
locomo.session_retrieval.rrf_plus_recency.category_3.recall_at_5,0.5528357410379882
locomo.session_retrieval.rrf_plus_recency.category_3.complete_at_5,0.43820224719101125
locomo.session_retrieval.rrf_plus_recency.category_3.ndcg_at_5,0.450629359806642
locomo.session_retrieval.rrf_plus_recency.category_3.hit_at_10,0.8202247191011236
locomo.session_retrieval.rrf_plus_recency.category_3.recall_at_10,0.7145532370251472
locomo.session_retrieval.rrf_plus_recency.category_3.complete_at_10,0.5955056179775281
locomo.session_retrieval.rrf_plus_recency.category_3.ndcg_at_10,0.5091510895730265
locomo.session_retrieval.rrf_plus_recency.category_1.n,281
locomo.session_retrieval.rrf_plus_recency.category_1.mrr,0.5547246016940061
locomo.session_retrieval.rrf_plus_recency.category_1.hit_at_1,0.36298932384341637
locomo.session_retrieval.rrf_plus_recency.category_1.recall_at_1,0.15070468282212054
locomo.session_retrieval.rrf_plus_recency.category_1.complete_at_1,0.0071174377224199285
locomo.session_retrieval.rrf_plus_recency.category_1.ndcg_at_1,0.36298932384341637
locomo.session_retrieval.rrf_plus_recency.category_1.hit_at_3,0.6832740213523132
locomo.session_retrieval.rrf_plus_recency.category_1.recall_at_3,0.39416200643958654
locomo.session_retrieval.rrf_plus_recency.category_1.complete_at_3,0.16370106761565836
locomo.session_retrieval.rrf_plus_recency.category_1.ndcg_at_3,0.39316682443068346
locomo.session_retrieval.rrf_plus_recency.category_1.hit_at_5,0.8113879003558719
locomo.session_retrieval.rrf_plus_recency.category_1.recall_at_5,0.536592667909394
locomo.session_retrieval.rrf_plus_recency.category_1.complete_at_5,0.2775800711743772
locomo.session_retrieval.rrf_plus_recency.category_1.ndcg_at_5,0.45671843049590644
locomo.session_retrieval.rrf_plus_recency.category_1.hit_at_10,0.9181494661921709
locomo.session_retrieval.rrf_plus_recency.category_1.recall_at_10,0.7091806473479071
locomo.session_retrieval.rrf_plus_recency.category_1.complete_at_10,0.4697508896797153
locomo.session_retrieval.rrf_plus_recency.category_1.ndcg_at_10,0.5288736565755351
locomo.session_retrieval.rrf_plus_recency.category_4.n,841
locomo.session_retrieval.rrf_plus_recency.category_4.mrr,0.7520894081997718
locomo.session_retrieval.rrf_plus_recency.category_4.hit_at_1,0.5933412604042806
locomo.session_retrieval.rrf_plus_recency.category_4.recall_at_1,0.5927467300832342
locomo.session_retrieval.rrf_plus_recency.category_4.complete_at_1,0.5921521997621879
locomo.session_retrieval.rrf_plus_recency.category_4.ndcg_at_1,0.5933412604042806
locomo.session_retrieval.rrf_plus_recency.category_4.hit_at_3,0.9096313912009513
locomo.session_retrieval.rrf_plus_recency.category_4.recall_at_3,0.9096313912009513
locomo.session_retrieval.rrf_plus_recency.category_4.complete_at_3,0.9096313912009513
locomo.session_retrieval.rrf_plus_recency.category_4.ndcg_at_3,0.7811264015711017
locomo.session_retrieval.rrf_plus_recency.category_4.hit_at_5,0.9524375743162902
locomo.session_retrieval.rrf_plus_recency.category_4.recall_at_5,0.9524375743162902
locomo.session_retrieval.rrf_plus_recency.category_4.complete_at_5,0.9524375743162902
locomo.session_retrieval.rrf_plus_recency.category_4.ndcg_at_5,0.7987282756224936
locomo.session_retrieval.rrf_plus_recency.category_4.hit_at_10,0.9833531510107015
locomo.session_retrieval.rrf_plus_recency.category_4.recall_at_10,0.9833531510107015
locomo.session_retrieval.rrf_plus_recency.category_4.complete_at_10,0.9833531510107015
locomo.session_retrieval.rrf_plus_recency.category_4.ndcg_at_10,0.8090673252576447
locomo.session_retrieval.rrf_plus_recency.category_5.n,446
locomo.session_retrieval.rrf_plus_recency.category_5.mrr,0.7712857494191575
locomo.session_retrieval.rrf_plus_recency.category_5.hit_at_1,0.6322869955156951
locomo.session_retrieval.rrf_plus_recency.category_5.recall_at_1,0.6322869955156951
locomo.session_retrieval.rrf_plus_recency.category_5.complete_at_1,0.6322869955156951
locomo.session_retrieval.rrf_plus_recency.category_5.ndcg_at_1,0.6322869955156951
locomo.session_retrieval.rrf_plus_recency.category_5.hit_at_3,0.9147982062780269
locomo.session_retrieval.rrf_plus_recency.category_5.recall_at_3,0.9147982062780269
locomo.session_retrieval.rrf_plus_recency.category_5.complete_at_3,0.9147982062780269
locomo.session_retrieval.rrf_plus_recency.category_5.ndcg_at_3,0.7982020163677185
locomo.session_retrieval.rrf_plus_recency.category_5.hit_at_5,0.9461883408071748
locomo.session_retrieval.rrf_plus_recency.category_5.recall_at_5,0.9461883408071748
locomo.session_retrieval.rrf_plus_recency.category_5.complete_at_5,0.9461883408071748
locomo.session_retrieval.rrf_plus_recency.category_5.ndcg_at_5,0.811033194746991
locomo.session_retrieval.rrf_plus_recency.category_5.hit_at_10,0.984304932735426
locomo.session_retrieval.rrf_plus_recency.category_5.recall_at_10,0.984304932735426
locomo.session_retrieval.rrf_plus_recency.category_5.complete_at_10,0.984304932735426
locomo.session_retrieval.rrf_plus_recency.category_5.ndcg_at_10,0.8238003174308166
locomo.session_retrieval.rrf_neighbor.all_answerable.n,1977
locomo.session_retrieval.rrf_neighbor.all_answerable.mrr,0.6303088825363337
locomo.session_retrieval.rrf_neighbor.all_answerable.hit_at_1,0.4729387961557916
locomo.session_retrieval.rrf_neighbor.all_answerable.recall_at_1,0.433891739126944
locomo.session_retrieval.rrf_neighbor.all_answerable.complete_at_1,0.4046535154274153
locomo.session_retrieval.rrf_neighbor.all_answerable.ndcg_at_1,0.4729387961557916
locomo.session_retrieval.rrf_neighbor.all_answerable.hit_at_3,0.7465857359635811
locomo.session_retrieval.rrf_neighbor.all_answerable.recall_at_3,0.6951397419530956
locomo.session_retrieval.rrf_neighbor.all_answerable.complete_at_3,0.6555386949924128
locomo.session_retrieval.rrf_neighbor.all_answerable.ndcg_at_3,0.6033432587619514
locomo.session_retrieval.rrf_neighbor.all_answerable.hit_at_5,0.8366211431461811
locomo.session_retrieval.rrf_neighbor.all_answerable.recall_at_5,0.7872024311326283
locomo.session_retrieval.rrf_neighbor.all_answerable.complete_at_5,0.7420333839150227
locomo.session_retrieval.rrf_neighbor.all_answerable.ndcg_at_5,0.6423933816445767
locomo.session_retrieval.rrf_neighbor.all_answerable.hit_at_10,0.9049064238745574
locomo.session_retrieval.rrf_neighbor.all_answerable.recall_at_10,0.8642754775152347
locomo.session_retrieval.rrf_neighbor.all_answerable.complete_at_10,0.8179059180576631
locomo.session_retrieval.rrf_neighbor.all_answerable.ndcg_at_10,0.6708435227825291
locomo.session_retrieval.rrf_neighbor.category_2.n,320
locomo.session_retrieval.rrf_neighbor.category_2.mrr,0.6018410980131886
locomo.session_retrieval.rrf_neighbor.category_2.hit_at_1,0.44375
locomo.session_retrieval.rrf_neighbor.category_2.recall_at_1,0.4145833333333333
locomo.session_retrieval.rrf_neighbor.category_2.complete_at_1,0.3875
locomo.session_retrieval.rrf_neighbor.category_2.ndcg_at_1,0.44375
locomo.session_retrieval.rrf_neighbor.category_2.hit_at_3,0.703125
locomo.session_retrieval.rrf_neighbor.category_2.recall_at_3,0.6786458333333333
locomo.session_retrieval.rrf_neighbor.category_2.complete_at_3,0.653125
locomo.session_retrieval.rrf_neighbor.category_2.ndcg_at_3,0.579212361285177
locomo.session_retrieval.rrf_neighbor.category_2.hit_at_5,0.815625
locomo.session_retrieval.rrf_neighbor.category_2.recall_at_5,0.7916666666666667
locomo.session_retrieval.rrf_neighbor.category_2.complete_at_5,0.76875
locomo.session_retrieval.rrf_neighbor.category_2.ndcg_at_5,0.6269185993414516
locomo.session_retrieval.rrf_neighbor.category_2.hit_at_10,0.875
locomo.session_retrieval.rrf_neighbor.category_2.recall_at_10,0.8578125
locomo.session_retrieval.rrf_neighbor.category_2.complete_at_10,0.8375
locomo.session_retrieval.rrf_neighbor.category_2.ndcg_at_10,0.6502432375792067
locomo.session_retrieval.rrf_neighbor.category_3.n,89
locomo.session_retrieval.rrf_neighbor.category_3.mrr,0.4418822447469919
locomo.session_retrieval.rrf_neighbor.category_3.hit_at_1,0.2808988764044944
locomo.session_retrieval.rrf_neighbor.category_3.recall_at_1,0.19495719636169073
locomo.session_retrieval.rrf_neighbor.category_3.complete_at_1,0.14606741573033707
locomo.session_retrieval.rrf_neighbor.category_3.ndcg_at_1,0.2808988764044944
locomo.session_retrieval.rrf_neighbor.category_3.hit_at_3,0.5056179775280899
locomo.session_retrieval.rrf_neighbor.category_3.recall_at_3,0.38008293204922416
locomo.session_retrieval.rrf_neighbor.category_3.complete_at_3,0.30337078651685395
locomo.session_retrieval.rrf_neighbor.category_3.ndcg_at_3,0.33975806305964673
locomo.session_retrieval.rrf_neighbor.category_3.hit_at_5,0.6404494382022472
locomo.session_retrieval.rrf_neighbor.category_3.recall_at_5,0.4891653290529695
locomo.session_retrieval.rrf_neighbor.category_3.complete_at_5,0.38202247191011235
locomo.session_retrieval.rrf_neighbor.category_3.ndcg_at_5,0.3842467151507932
locomo.session_retrieval.rrf_neighbor.category_3.hit_at_10,0.7752808988764045
locomo.session_retrieval.rrf_neighbor.category_3.recall_at_10,0.6490101658640984
locomo.session_retrieval.rrf_neighbor.category_3.complete_at_10,0.5168539325842697
locomo.session_retrieval.rrf_neighbor.category_3.ndcg_at_10,0.4436512566493122
locomo.session_retrieval.rrf_neighbor.category_1.n,281
locomo.session_retrieval.rrf_neighbor.category_1.mrr,0.5497482858541947
locomo.session_retrieval.rrf_neighbor.category_1.hit_at_1,0.3736654804270463
locomo.session_retrieval.rrf_neighbor.category_1.recall_at_1,0.16116053776196126
locomo.session_retrieval.rrf_neighbor.category_1.complete_at_1,0.0035587188612099642
locomo.session_retrieval.rrf_neighbor.category_1.ndcg_at_1,0.3736654804270463
locomo.session_retrieval.rrf_neighbor.category_1.hit_at_3,0.6654804270462633
locomo.session_retrieval.rrf_neighbor.category_1.recall_at_3,0.3711644918940292
locomo.session_retrieval.rrf_neighbor.category_1.complete_at_3,0.14590747330960854
locomo.session_retrieval.rrf_neighbor.category_1.ndcg_at_3,0.3769671734202367
locomo.session_retrieval.rrf_neighbor.category_1.hit_at_5,0.7544483985765125
locomo.session_retrieval.rrf_neighbor.category_1.recall_at_5,0.4819578602496752
locomo.session_retrieval.rrf_neighbor.category_1.complete_at_5,0.22419928825622776
locomo.session_retrieval.rrf_neighbor.category_1.ndcg_at_5,0.4293786926902449
locomo.session_retrieval.rrf_neighbor.category_1.hit_at_10,0.8932384341637011
locomo.session_retrieval.rrf_neighbor.category_1.recall_at_10,0.6669420437214031
locomo.session_retrieval.rrf_neighbor.category_1.complete_at_10,0.40569395017793597
locomo.session_retrieval.rrf_neighbor.category_1.ndcg_at_10,0.5068813745599668
locomo.session_retrieval.rrf_neighbor.category_4.n,841
locomo.session_retrieval.rrf_neighbor.category_4.mrr,0.6685927405081493
locomo.session_retrieval.rrf_neighbor.category_4.hit_at_1,0.5160523186682521
locomo.session_retrieval.rrf_neighbor.category_4.recall_at_1,0.5154577883472057
locomo.session_retrieval.rrf_neighbor.category_4.complete_at_1,0.5148632580261593
locomo.session_retrieval.rrf_neighbor.category_4.ndcg_at_1,0.5160523186682521
locomo.session_retrieval.rrf_neighbor.category_4.hit_at_3,0.7954815695600476
locomo.session_retrieval.rrf_neighbor.category_4.recall_at_3,0.7954815695600476
locomo.session_retrieval.rrf_neighbor.category_4.complete_at_3,0.7954815695600476
locomo.session_retrieval.rrf_neighbor.category_4.ndcg_at_3,0.6791796832086068
locomo.session_retrieval.rrf_neighbor.category_4.hit_at_5,0.8727705112960761
locomo.session_retrieval.rrf_neighbor.category_4.recall_at_5,0.8727705112960761
locomo.session_retrieval.rrf_neighbor.category_4.complete_at_5,0.8727705112960761
locomo.session_retrieval.rrf_neighbor.category_4.ndcg_at_5,0.7108508365959625
locomo.session_retrieval.rrf_neighbor.category_4.hit_at_10,0.9239001189060642
locomo.session_retrieval.rrf_neighbor.category_4.recall_at_10,0.9239001189060642
locomo.session_retrieval.rrf_neighbor.category_4.complete_at_10,0.9239001189060642
locomo.session_retrieval.rrf_neighbor.category_4.ndcg_at_10,0.7278505887170182
locomo.session_retrieval.rrf_neighbor.category_5.n,446
locomo.session_retrieval.rrf_neighbor.category_5.mrr,0.6669018532180419
locomo.session_retrieval.rrf_neighbor.category_5.hit_at_1,0.5134529147982063
locomo.session_retrieval.rrf_neighbor.category_5.recall_at_1,0.5134529147982063
locomo.session_retrieval.rrf_neighbor.category_5.complete_at_1,0.5134529147982063
locomo.session_retrieval.rrf_neighbor.category_5.ndcg_at_1,0.5134529147982063
locomo.session_retrieval.rrf_neighbor.category_5.hit_at_3,0.7847533632286996
locomo.session_retrieval.rrf_neighbor.category_5.recall_at_3,0.7847533632286996
locomo.session_retrieval.rrf_neighbor.category_5.complete_at_3,0.7847533632286996
locomo.session_retrieval.rrf_neighbor.category_5.ndcg_at_3,0.6728818610746369
locomo.session_retrieval.rrf_neighbor.category_5.hit_at_5,0.874439461883408
locomo.session_retrieval.rrf_neighbor.category_5.recall_at_5,0.874439461883408
locomo.session_retrieval.rrf_neighbor.category_5.complete_at_5,0.874439461883408
locomo.session_retrieval.rrf_neighbor.category_5.ndcg_at_5,0.7101319279158741
locomo.session_retrieval.rrf_neighbor.category_5.hit_at_10,0.9237668161434978
locomo.session_retrieval.rrf_neighbor.category_5.recall_at_10,0.9237668161434978
locomo.session_retrieval.rrf_neighbor.category_5.complete_at_10,0.9237668161434978
locomo.session_retrieval.rrf_neighbor.category_5.ndcg_at_10,0.7267686890393771
locomo.session_retrieval.word_alternate.all_answerable.n,1977
locomo.session_retrieval.word_alternate.all_answerable.mrr,0.7924336780497389
locomo.session_retrieval.word_alternate.all_answerable.hit_at_1,0.69549822964087
locomo.session_retrieval.word_alternate.all_answerable.recall_at_1,0.646551613395316
locomo.session_retrieval.word_alternate.all_answerable.complete_at_1,0.6125442589782498
locomo.session_retrieval.word_alternate.all_answerable.ndcg_at_1,0.69549822964087
locomo.session_retrieval.word_alternate.all_answerable.hit_at_3,0.8700050581689428
locomo.session_retrieval.word_alternate.all_answerable.recall_at_3,0.8183575402847026
locomo.session_retrieval.word_alternate.all_answerable.complete_at_3,0.7754172989377845
locomo.session_retrieval.word_alternate.all_answerable.ndcg_at_3,0.7679835319600522
locomo.session_retrieval.word_alternate.all_answerable.hit_at_5,0.9104704097116844
locomo.session_retrieval.word_alternate.all_answerable.recall_at_5,0.8640697385006945
locomo.session_retrieval.word_alternate.all_answerable.complete_at_5,0.8199291856348002
locomo.session_retrieval.word_alternate.all_answerable.ndcg_at_5,0.7867806172276024
locomo.session_retrieval.word_alternate.all_answerable.hit_at_10,0.9630753667172484
locomo.session_retrieval.word_alternate.all_answerable.recall_at_10,0.9241027771756148
locomo.session_retrieval.word_alternate.all_answerable.complete_at_10,0.8801213960546282
locomo.session_retrieval.word_alternate.all_answerable.ndcg_at_10,0.8091263284055074
locomo.session_retrieval.word_alternate.category_2.n,320
locomo.session_retrieval.word_alternate.category_2.mrr,0.7507601926481802
locomo.session_retrieval.word_alternate.category_2.hit_at_1,0.63125
locomo.session_retrieval.word_alternate.category_2.recall_at_1,0.603125
locomo.session_retrieval.word_alternate.category_2.complete_at_1,0.578125
locomo.session_retrieval.word_alternate.category_2.ndcg_at_1,0.63125
locomo.session_retrieval.word_alternate.category_2.hit_at_3,0.846875
locomo.session_retrieval.word_alternate.category_2.recall_at_3,0.821875
locomo.session_retrieval.word_alternate.category_2.complete_at_3,0.796875
locomo.session_retrieval.word_alternate.category_2.ndcg_at_3,0.742909349604107
locomo.session_retrieval.word_alternate.category_2.hit_at_5,0.9
locomo.session_retrieval.word_alternate.category_2.recall_at_5,0.8802083333333334
locomo.session_retrieval.word_alternate.category_2.complete_at_5,0.859375
locomo.session_retrieval.word_alternate.category_2.ndcg_at_5,0.7676154591715932
locomo.session_retrieval.word_alternate.category_2.hit_at_10,0.953125
locomo.session_retrieval.word_alternate.category_2.recall_at_10,0.9401041666666666
locomo.session_retrieval.word_alternate.category_2.complete_at_10,0.925
locomo.session_retrieval.word_alternate.category_2.ndcg_at_10,0.7880602395744359
locomo.session_retrieval.word_alternate.category_3.n,89
locomo.session_retrieval.word_alternate.category_3.mrr,0.5588044227384854
locomo.session_retrieval.word_alternate.category_3.hit_at_1,0.4157303370786517
locomo.session_retrieval.word_alternate.category_3.recall_at_1,0.29888978063135363
locomo.session_retrieval.word_alternate.category_3.complete_at_1,0.23595505617977527
locomo.session_retrieval.word_alternate.category_3.ndcg_at_1,0.4157303370786517
locomo.session_retrieval.word_alternate.category_3.hit_at_3,0.651685393258427
locomo.session_retrieval.word_alternate.category_3.recall_at_3,0.510032102728732
locomo.session_retrieval.word_alternate.category_3.complete_at_3,0.4157303370786517
locomo.session_retrieval.word_alternate.category_3.ndcg_at_3,0.46601014781532984
locomo.session_retrieval.word_alternate.category_3.hit_at_5,0.6966292134831461
locomo.session_retrieval.word_alternate.category_3.recall_at_5,0.556848582129481
locomo.session_retrieval.word_alternate.category_3.complete_at_5,0.449438202247191
locomo.session_retrieval.word_alternate.category_3.ndcg_at_5,0.48067835856030533
locomo.session_retrieval.word_alternate.category_3.hit_at_10,0.8426966292134831
locomo.session_retrieval.word_alternate.category_3.recall_at_10,0.7248528624933119
locomo.session_retrieval.word_alternate.category_3.complete_at_10,0.5955056179775281
locomo.session_retrieval.word_alternate.category_3.ndcg_at_10,0.5418678370596454
locomo.session_retrieval.word_alternate.category_1.n,281
locomo.session_retrieval.word_alternate.category_1.mrr,0.6189637509528564
locomo.session_retrieval.word_alternate.category_1.hit_at_1,0.47330960854092524
locomo.session_retrieval.word_alternate.category_1.recall_at_1,0.19975569112579789
locomo.session_retrieval.word_alternate.category_1.complete_at_1,0.010676156583629894
locomo.session_retrieval.word_alternate.category_1.ndcg_at_1,0.47330960854092524
locomo.session_retrieval.word_alternate.category_1.hit_at_3,0.7153024911032029
locomo.session_retrieval.word_alternate.category_1.recall_at_3,0.42526690391459077
locomo.session_retrieval.word_alternate.category_1.complete_at_3,0.18149466192170818
locomo.session_retrieval.word_alternate.category_1.ndcg_at_3,0.4448480787717069
locomo.session_retrieval.word_alternate.category_1.hit_at_5,0.797153024911032
locomo.session_retrieval.word_alternate.category_1.recall_at_5,0.5375077670451336
locomo.session_retrieval.word_alternate.category_1.complete_at_5,0.2846975088967972
locomo.session_retrieval.word_alternate.category_1.ndcg_at_5,0.4914794379460442
locomo.session_retrieval.word_alternate.category_1.hit_at_10,0.9323843416370107
locomo.session_retrieval.word_alternate.category_1.recall_at_10,0.7103414675478732
locomo.session_retrieval.word_alternate.category_1.complete_at_10,0.45907473309608543
locomo.session_retrieval.word_alternate.category_1.ndcg_at_10,0.5641847936981125
locomo.session_retrieval.word_alternate.category_4.n,841
locomo.session_retrieval.word_alternate.category_4.mrr,0.8560722740961602
locomo.session_retrieval.word_alternate.category_4.hit_at_1,0.7788347205707491
locomo.session_retrieval.word_alternate.category_4.recall_at_1,0.7782401902497027
locomo.session_retrieval.word_alternate.category_4.complete_at_1,0.7776456599286563
locomo.session_retrieval.word_alternate.category_4.ndcg_at_1,0.7788347205707491
locomo.session_retrieval.word_alternate.category_4.hit_at_3,0.9227110582639715
locomo.session_retrieval.word_alternate.category_4.recall_at_3,0.9227110582639715
locomo.session_retrieval.word_alternate.category_4.complete_at_3,0.9227110582639715
locomo.session_retrieval.word_alternate.category_4.ndcg_at_3,0.864221889833371
locomo.session_retrieval.word_alternate.category_4.hit_at_5,0.9512485136741974
locomo.session_retrieval.word_alternate.category_4.recall_at_5,0.9512485136741974
locomo.session_retrieval.word_alternate.category_4.complete_at_5,0.9512485136741974
locomo.session_retrieval.word_alternate.category_4.ndcg_at_5,0.8759912119325064
locomo.session_retrieval.word_alternate.category_4.hit_at_10,0.9809750297265161
locomo.session_retrieval.word_alternate.category_4.recall_at_10,0.9809750297265161
locomo.session_retrieval.word_alternate.category_4.complete_at_10,0.9809750297265161
locomo.session_retrieval.word_alternate.category_4.ndcg_at_10,0.8857293703602539
locomo.session_retrieval.word_alternate.category_5.n,446
locomo.session_retrieval.word_alternate.category_5.mrr,0.8582487213017211
locomo.session_retrieval.word_alternate.category_5.hit_at_1,0.7802690582959642
locomo.session_retrieval.word_alternate.category_5.recall_at_1,0.7802690582959642
locomo.session_retrieval.word_alternate.category_5.complete_at_1,0.7802690582959642
locomo.session_retrieval.word_alternate.category_5.ndcg_at_1,0.7802690582959642
locomo.session_retrieval.word_alternate.category_5.hit_at_3,0.9282511210762332
locomo.session_retrieval.word_alternate.category_5.recall_at_3,0.9282511210762332
locomo.session_retrieval.word_alternate.category_5.complete_at_3,0.9282511210762332
locomo.session_retrieval.word_alternate.category_5.ndcg_at_3,0.8683511842408744
locomo.session_retrieval.word_alternate.category_5.hit_at_5,0.9551569506726457
locomo.session_retrieval.word_alternate.category_5.recall_at_5,0.9551569506726457
locomo.session_retrieval.word_alternate.category_5.complete_at_5,0.9551569506726457
locomo.session_retrieval.word_alternate.category_5.ndcg_at_5,0.8794475966684224
locomo.session_retrieval.word_alternate.category_5.hit_at_10,0.9798206278026906
locomo.session_retrieval.word_alternate.category_5.recall_at_10,0.9798206278026906
locomo.session_retrieval.word_alternate.category_5.complete_at_10,0.9798206278026906
locomo.session_retrieval.word_alternate.category_5.ndcg_at_10,0.887450469940397
locomo.session_retrieval.rrf_word_alternate.all_answerable.n,1977
locomo.session_retrieval.rrf_word_alternate.all_answerable.mrr,0.7936550310864631
locomo.session_retrieval.rrf_word_alternate.all_answerable.hit_at_1,0.6939807789580172
locomo.session_retrieval.rrf_word_alternate.all_answerable.recall_at_1,0.6453713739753194
locomo.session_retrieval.rrf_word_alternate.all_answerable.complete_at_1,0.6115326251896813
locomo.session_retrieval.rrf_word_alternate.all_answerable.ndcg_at_1,0.6939807789580172
locomo.session_retrieval.rrf_word_alternate.all_answerable.hit_at_3,0.8745574102175012
locomo.session_retrieval.rrf_word_alternate.all_answerable.recall_at_3,0.8241744345689718
locomo.session_retrieval.rrf_word_alternate.all_answerable.complete_at_3,0.7824987354577643
locomo.session_retrieval.rrf_word_alternate.all_answerable.ndcg_at_3,0.7711414789767792
locomo.session_retrieval.rrf_word_alternate.all_answerable.hit_at_5,0.9145169448659585
locomo.session_retrieval.rrf_word_alternate.all_answerable.recall_at_5,0.8674418511292563
locomo.session_retrieval.rrf_word_alternate.all_answerable.complete_at_5,0.8229640870005058
locomo.session_retrieval.rrf_word_alternate.all_answerable.ndcg_at_5,0.7890974688870236
locomo.session_retrieval.rrf_word_alternate.all_answerable.hit_at_10,0.9645928174001012
locomo.session_retrieval.rrf_word_alternate.all_answerable.recall_at_10,0.9264632560156081
locomo.session_retrieval.rrf_word_alternate.all_answerable.complete_at_10,0.8836621143146182
locomo.session_retrieval.rrf_word_alternate.all_answerable.ndcg_at_10,0.8111075199704618
locomo.session_retrieval.rrf_word_alternate.category_2.n,320
locomo.session_retrieval.rrf_word_alternate.category_2.mrr,0.7492481616909324
locomo.session_retrieval.rrf_word_alternate.category_2.hit_at_1,0.628125
locomo.session_retrieval.rrf_word_alternate.category_2.recall_at_1,0.6
locomo.session_retrieval.rrf_word_alternate.category_2.complete_at_1,0.575
locomo.session_retrieval.rrf_word_alternate.category_2.ndcg_at_1,0.628125
locomo.session_retrieval.rrf_word_alternate.category_2.hit_at_3,0.853125
locomo.session_retrieval.rrf_word_alternate.category_2.recall_at_3,0.8296875
locomo.session_retrieval.rrf_word_alternate.category_2.complete_at_3,0.80625
locomo.session_retrieval.rrf_word_alternate.category_2.ndcg_at_3,0.745076307115411
locomo.session_retrieval.rrf_word_alternate.category_2.hit_at_5,0.903125
locomo.session_retrieval.rrf_word_alternate.category_2.recall_at_5,0.8833333333333334
locomo.session_retrieval.rrf_word_alternate.category_2.complete_at_5,0.8625
locomo.session_retrieval.rrf_word_alternate.category_2.ndcg_at_5,0.7677789518566065
locomo.session_retrieval.rrf_word_alternate.category_2.hit_at_10,0.95625
locomo.session_retrieval.rrf_word_alternate.category_2.recall_at_10,0.94375
locomo.session_retrieval.rrf_word_alternate.category_2.complete_at_10,0.928125
locomo.session_retrieval.rrf_word_alternate.category_2.ndcg_at_10,0.7880651075282564
locomo.session_retrieval.rrf_word_alternate.category_3.n,89
locomo.session_retrieval.rrf_word_alternate.category_3.mrr,0.5707156512707526
locomo.session_retrieval.rrf_word_alternate.category_3.hit_at_1,0.43820224719101125
locomo.session_retrieval.rrf_word_alternate.category_3.recall_at_1,0.3213616907437132
locomo.session_retrieval.rrf_word_alternate.category_3.complete_at_1,0.25842696629213485
locomo.session_retrieval.rrf_word_alternate.category_3.ndcg_at_1,0.43820224719101125
locomo.session_retrieval.rrf_word_alternate.category_3.hit_at_3,0.6404494382022472
locomo.session_retrieval.rrf_word_alternate.category_3.recall_at_3,0.4987961476725522
locomo.session_retrieval.rrf_word_alternate.category_3.complete_at_3,0.4044943820224719
locomo.session_retrieval.rrf_word_alternate.category_3.ndcg_at_3,0.4693762493974823
locomo.session_retrieval.rrf_word_alternate.category_3.hit_at_5,0.7078651685393258
locomo.session_retrieval.rrf_word_alternate.category_3.recall_at_5,0.5708935259497058
locomo.session_retrieval.rrf_word_alternate.category_3.complete_at_5,0.4606741573033708
locomo.session_retrieval.rrf_word_alternate.category_3.ndcg_at_5,0.49549558899872853
locomo.session_retrieval.rrf_word_alternate.category_3.hit_at_10,0.8314606741573034
locomo.session_retrieval.rrf_word_alternate.category_3.recall_at_10,0.716425896201177
locomo.session_retrieval.rrf_word_alternate.category_3.complete_at_10,0.5955056179775281
locomo.session_retrieval.rrf_word_alternate.category_3.ndcg_at_10,0.5484542077411187
locomo.session_retrieval.rrf_word_alternate.category_1.n,281
locomo.session_retrieval.rrf_word_alternate.category_1.mrr,0.6187945980396901
locomo.session_retrieval.rrf_word_alternate.category_1.hit_at_1,0.4697508896797153
locomo.session_retrieval.rrf_word_alternate.category_1.recall_at_1,0.19856945150539457
locomo.session_retrieval.rrf_word_alternate.category_1.complete_at_1,0.010676156583629894
locomo.session_retrieval.rrf_word_alternate.category_1.ndcg_at_1,0.4697508896797153
locomo.session_retrieval.rrf_word_alternate.category_1.hit_at_3,0.7153024911032029
locomo.session_retrieval.rrf_word_alternate.category_1.recall_at_3,0.43238434163701067
locomo.session_retrieval.rrf_word_alternate.category_1.complete_at_3,0.19572953736654805
locomo.session_retrieval.rrf_word_alternate.category_1.ndcg_at_3,0.44829251222494426
locomo.session_retrieval.rrf_word_alternate.category_1.hit_at_5,0.8078291814946619
locomo.session_retrieval.rrf_word_alternate.category_1.recall_at_5,0.5425492854318478
locomo.session_retrieval.rrf_word_alternate.category_1.complete_at_5,0.28825622775800713
locomo.session_retrieval.rrf_word_alternate.category_1.ndcg_at_5,0.49438847296563454
locomo.session_retrieval.rrf_word_alternate.category_1.hit_at_10,0.9359430604982206
locomo.session_retrieval.rrf_word_alternate.category_1.recall_at_10,0.7183485849855956
locomo.session_retrieval.rrf_word_alternate.category_1.complete_at_10,0.47330960854092524
locomo.session_retrieval.rrf_word_alternate.category_1.ndcg_at_10,0.5678905974739076
locomo.session_retrieval.rrf_word_alternate.category_4.n,841
locomo.session_retrieval.rrf_word_alternate.category_4.mrr,0.857836605612933
locomo.session_retrieval.rrf_word_alternate.category_4.hit_at_1,0.7764565992865636
locomo.session_retrieval.rrf_word_alternate.category_4.recall_at_1,0.7758620689655172
locomo.session_retrieval.rrf_word_alternate.category_4.complete_at_1,0.7752675386444708
locomo.session_retrieval.rrf_word_alternate.category_4.ndcg_at_1,0.7764565992865636
locomo.session_retrieval.rrf_word_alternate.category_4.hit_at_3,0.929845422116528
locomo.session_retrieval.rrf_word_alternate.category_4.recall_at_3,0.929845422116528
locomo.session_retrieval.rrf_word_alternate.category_4.complete_at_3,0.929845422116528
locomo.session_retrieval.rrf_word_alternate.category_4.ndcg_at_3,0.8680966187192152
locomo.session_retrieval.rrf_word_alternate.category_4.hit_at_5,0.9560047562425684
locomo.session_retrieval.rrf_word_alternate.category_4.recall_at_5,0.9560047562425684
locomo.session_retrieval.rrf_word_alternate.category_4.complete_at_5,0.9560047562425684
locomo.session_retrieval.rrf_word_alternate.category_4.ndcg_at_5,0.879050176118242
locomo.session_retrieval.rrf_word_alternate.category_4.hit_at_10,0.9809750297265161
locomo.session_retrieval.rrf_word_alternate.category_4.recall_at_10,0.9809750297265161
locomo.session_retrieval.rrf_word_alternate.category_4.complete_at_10,0.9809750297265161
locomo.session_retrieval.rrf_word_alternate.category_4.ndcg_at_10,0.8873341384099072
locomo.session_retrieval.rrf_word_alternate.category_5.n,446
locomo.session_retrieval.rrf_word_alternate.category_5.mrr,0.8591502788881449
locomo.session_retrieval.rrf_word_alternate.category_5.hit_at_1,0.7780269058295964
locomo.session_retrieval.rrf_word_alternate.category_5.recall_at_1,0.7780269058295964
locomo.session_retrieval.rrf_word_alternate.category_5.complete_at_1,0.7780269058295964
locomo.session_retrieval.rrf_word_alternate.category_5.ndcg_at_1,0.7780269058295964
locomo.session_retrieval.rrf_word_alternate.category_5.hit_at_3,0.9327354260089686
locomo.session_retrieval.rrf_word_alternate.category_5.recall_at_3,0.9327354260089686
locomo.session_retrieval.rrf_word_alternate.category_5.complete_at_3,0.9327354260089686
locomo.session_retrieval.rrf_word_alternate.category_5.ndcg_at_3,0.8706465183536228
locomo.session_retrieval.rrf_word_alternate.category_5.hit_at_5,0.952914798206278
locomo.session_retrieval.rrf_word_alternate.category_5.recall_at_5,0.952914798206278
locomo.session_retrieval.rrf_word_alternate.category_5.complete_at_5,0.952914798206278
locomo.session_retrieval.rrf_word_alternate.category_5.ndcg_at_5,0.8790425223225555
locomo.session_retrieval.rrf_word_alternate.category_5.hit_at_10,0.984304932735426
locomo.session_retrieval.rrf_word_alternate.category_5.recall_at_10,0.984304932735426
locomo.session_retrieval.rrf_word_alternate.category_5.complete_at_10,0.984304932735426
locomo.session_retrieval.rrf_word_alternate.category_5.ndcg_at_10,0.889553900876012
locomo.retriever_confidence_answerable_auc.word_all,0.7102231214522565
locomo.retriever_confidence_answerable_auc.bigram_all,0.687348957455179
locomo.retriever_confidence_answerable_auc.rrf_word_bigram,0.4814252796043388
locomo.retriever_confidence_answerable_auc.rrf_plus_recency,0.318945652784803
locomo.retriever_confidence_answerable_auc.rrf_neighbor,0.510088236947114
locomo.retriever_confidence_answerable_auc.word_alternate,0.690018546619457
locomo.retriever_confidence_answerable_auc.rrf_word_alternate,0.3462878660147249
locomo.elapsed_seconds,112.79043340682983
locomo.claim_boundary,Evidence retrieval metrics only; not LoCoMo answer F1 or LLM-judge accuracy.
elapsed_seconds,112.8029854297638
