metric,value
version,2026.08.26-graph-scheduler-v1
seeds_per_cell,30
horizon,4200
topologies[0],line
topologies[1],fan_in
topologies[2],fan_out
topologies[3],diamond
topologies[4],self_loop
topologies[5],two_cycle
loads[0],under
loads[1],capacity
loads[2],over
policies[0],reactive
policies[1],watermark
policies[2],credit
policies[3],pi
policies[4],aimd:a=0.5:m=1.35
policies[5],aimd:a=0.5:m=1.8
policies[6],aimd:a=0.5:m=2.5
policies[7],aimd:a=1.0:m=1.35
policies[8],aimd:a=1.0:m=1.8
policies[9],aimd:a=1.0:m=2.5
policies[10],aimd:a=2.0:m=1.35
policies[11],aimd:a=2.0:m=1.8
policies[12],aimd:a=2.0:m=2.5
aggregate.line.under.reactive.generated_traces,221.4
aggregate.line.under.reactive.sink_completions,221.4
aggregate.line.under.reactive.throughput_per_1000_ticks,52.714285714285715
aggregate.line.under.reactive.p50_latency,20.0
aggregate.line.under.reactive.p95_latency,22.165000000000003
aggregate.line.under.reactive.p99_latency,22.953333333333333
aggregate.line.under.reactive.mean_latency,20.00226082790153
aggregate.line.under.reactive.max_node_queue,0.0
aggregate.line.under.reactive.max_external_backlog,0.0
aggregate.line.under.reactive.pending_after_drain,0.0
aggregate.line.under.reactive.sustained_no_progress,0.0
aggregate.line.under.reactive.activations,664.2
aggregate.line.under.reactive.blocked_ticks,442.8
aggregate.line.under.reactive.busy_ticks,4428.466666666666
aggregate.line.under.reactive.atomic_publish_stalls,0.0
aggregate.line.under.reactive.overflow_attempts,0.0
aggregate.line.under.reactive.queue_cv,0.0
aggregate.line.under.reactive.queue_direction_reversals,0.0
aggregate.line.under.reactive.source_fairness,1.0
aggregate.line.under.watermark.generated_traces,221.4
aggregate.line.under.watermark.sink_completions,221.4
aggregate.line.under.watermark.throughput_per_1000_ticks,52.714285714285715
aggregate.line.under.watermark.p50_latency,20.0
aggregate.line.under.watermark.p95_latency,22.165000000000003
aggregate.line.under.watermark.p99_latency,22.953333333333333
aggregate.line.under.watermark.mean_latency,20.00226082790153
aggregate.line.under.watermark.max_node_queue,0.0
aggregate.line.under.watermark.max_external_backlog,0.0
aggregate.line.under.watermark.pending_after_drain,0.0
aggregate.line.under.watermark.sustained_no_progress,0.0
aggregate.line.under.watermark.activations,664.2
aggregate.line.under.watermark.blocked_ticks,442.8
aggregate.line.under.watermark.busy_ticks,4428.466666666666
aggregate.line.under.watermark.atomic_publish_stalls,0.0
aggregate.line.under.watermark.overflow_attempts,0.0
aggregate.line.under.watermark.queue_cv,0.0
aggregate.line.under.watermark.queue_direction_reversals,0.0
aggregate.line.under.watermark.source_fairness,1.0
aggregate.line.under.credit.generated_traces,221.4
aggregate.line.under.credit.sink_completions,221.4
aggregate.line.under.credit.throughput_per_1000_ticks,52.714285714285715
aggregate.line.under.credit.p50_latency,20.0
aggregate.line.under.credit.p95_latency,22.165000000000003
aggregate.line.under.credit.p99_latency,22.953333333333333
aggregate.line.under.credit.mean_latency,20.00226082790153
aggregate.line.under.credit.max_node_queue,0.0
aggregate.line.under.credit.max_external_backlog,0.0
aggregate.line.under.credit.pending_after_drain,0.0
aggregate.line.under.credit.sustained_no_progress,0.0
aggregate.line.under.credit.activations,664.2
aggregate.line.under.credit.blocked_ticks,442.8
aggregate.line.under.credit.busy_ticks,4428.466666666666
aggregate.line.under.credit.atomic_publish_stalls,0.0
aggregate.line.under.credit.overflow_attempts,0.0
aggregate.line.under.credit.queue_cv,0.0
aggregate.line.under.credit.queue_direction_reversals,0.0
aggregate.line.under.credit.source_fairness,1.0
aggregate.line.under.pi.generated_traces,221.4
aggregate.line.under.pi.sink_completions,221.4
aggregate.line.under.pi.throughput_per_1000_ticks,52.714285714285715
aggregate.line.under.pi.p50_latency,20.0
aggregate.line.under.pi.p95_latency,22.165000000000003
aggregate.line.under.pi.p99_latency,22.953333333333333
aggregate.line.under.pi.mean_latency,20.00226082790153
aggregate.line.under.pi.max_node_queue,0.0
aggregate.line.under.pi.max_external_backlog,0.0
aggregate.line.under.pi.pending_after_drain,0.0
aggregate.line.under.pi.sustained_no_progress,0.0
aggregate.line.under.pi.activations,664.2
aggregate.line.under.pi.blocked_ticks,442.8
aggregate.line.under.pi.busy_ticks,4428.466666666666
aggregate.line.under.pi.atomic_publish_stalls,0.0
aggregate.line.under.pi.overflow_attempts,0.0
aggregate.line.under.pi.queue_cv,0.0
aggregate.line.under.pi.queue_direction_reversals,0.0
aggregate.line.under.pi.source_fairness,1.0
aggregate.line.under.aimd:a=0.5:m=1.35.generated_traces,221.36666666666667
aggregate.line.under.aimd:a=0.5:m=1.35.sink_completions,221.36666666666667
aggregate.line.under.aimd:a=0.5:m=1.35.throughput_per_1000_ticks,52.7063492063492
aggregate.line.under.aimd:a=0.5:m=1.35.p50_latency,484.25
aggregate.line.under.aimd:a=0.5:m=1.35.p95_latency,930.4150000000001
aggregate.line.under.aimd:a=0.5:m=1.35.p99_latency,980.7786666666667
aggregate.line.under.aimd:a=0.5:m=1.35.mean_latency,484.45651382266436
aggregate.line.under.aimd:a=0.5:m=1.35.max_node_queue,36.0
aggregate.line.under.aimd:a=0.5:m=1.35.max_external_backlog,5.866666666666666
aggregate.line.under.aimd:a=0.5:m=1.35.pending_after_drain,0.0
aggregate.line.under.aimd:a=0.5:m=1.35.sustained_no_progress,0.0
aggregate.line.under.aimd:a=0.5:m=1.35.activations,194.8
aggregate.line.under.aimd:a=0.5:m=1.35.blocked_ticks,129.86666666666667
aggregate.line.under.aimd:a=0.5:m=1.35.busy_ticks,2079.6666666666665
aggregate.line.under.aimd:a=0.5:m=1.35.atomic_publish_stalls,0.0
aggregate.line.under.aimd:a=0.5:m=1.35.overflow_attempts,0.0
aggregate.line.under.aimd:a=0.5:m=1.35.queue_cv,0.6181096784715469
aggregate.line.under.aimd:a=0.5:m=1.35.queue_direction_reversals,116.93333333333334
aggregate.line.under.aimd:a=0.5:m=1.35.source_fairness,1.0
aggregate.line.under.aimd:a=0.5:m=1.8.generated_traces,221.83333333333334
aggregate.line.under.aimd:a=0.5:m=1.8.sink_completions,221.83333333333334
aggregate.line.under.aimd:a=0.5:m=1.8.throughput_per_1000_ticks,52.81746031746032
aggregate.line.under.aimd:a=0.5:m=1.8.p50_latency,536.0833333333334
aggregate.line.under.aimd:a=0.5:m=1.8.p95_latency,986.3166666666667
aggregate.line.under.aimd:a=0.5:m=1.8.p99_latency,1037.8756666666666
aggregate.line.under.aimd:a=0.5:m=1.8.mean_latency,533.6703822949377
aggregate.line.under.aimd:a=0.5:m=1.8.max_node_queue,36.0
aggregate.line.under.aimd:a=0.5:m=1.8.max_external_backlog,8.166666666666666
aggregate.line.under.aimd:a=0.5:m=1.8.pending_after_drain,0.0
aggregate.line.under.aimd:a=0.5:m=1.8.sustained_no_progress,0.0
aggregate.line.under.aimd:a=0.5:m=1.8.activations,182.4
aggregate.line.under.aimd:a=0.5:m=1.8.blocked_ticks,121.6
aggregate.line.under.aimd:a=0.5:m=1.8.busy_ticks,2023.5
aggregate.line.under.aimd:a=0.5:m=1.8.atomic_publish_stalls,0.0
aggregate.line.under.aimd:a=0.5:m=1.8.overflow_attempts,0.0
aggregate.line.under.aimd:a=0.5:m=1.8.queue_cv,0.5696435358361757
aggregate.line.under.aimd:a=0.5:m=1.8.queue_direction_reversals,110.53333333333333
aggregate.line.under.aimd:a=0.5:m=1.8.source_fairness,1.0
aggregate.line.under.aimd:a=0.5:m=2.5.generated_traces,221.3
aggregate.line.under.aimd:a=0.5:m=2.5.sink_completions,221.3
aggregate.line.under.aimd:a=0.5:m=2.5.throughput_per_1000_ticks,52.69047619047619
aggregate.line.under.aimd:a=0.5:m=2.5.p50_latency,553.9833333333333
aggregate.line.under.aimd:a=0.5:m=2.5.p95_latency,1001.5816666666667
aggregate.line.under.aimd:a=0.5:m=2.5.p99_latency,1051.5639999999999
aggregate.line.under.aimd:a=0.5:m=2.5.mean_latency,552.4344289971484
aggregate.line.under.aimd:a=0.5:m=2.5.max_node_queue,36.0
aggregate.line.under.aimd:a=0.5:m=2.5.max_external_backlog,8.5
aggregate.line.under.aimd:a=0.5:m=2.5.pending_after_drain,0.0
aggregate.line.under.aimd:a=0.5:m=2.5.sustained_no_progress,0.0
aggregate.line.under.aimd:a=0.5:m=2.5.activations,177.2
aggregate.line.under.aimd:a=0.5:m=2.5.blocked_ticks,118.13333333333334
aggregate.line.under.aimd:a=0.5:m=2.5.busy_ticks,1992.8333333333333
aggregate.line.under.aimd:a=0.5:m=2.5.atomic_publish_stalls,0.0
aggregate.line.under.aimd:a=0.5:m=2.5.overflow_attempts,0.0
aggregate.line.under.aimd:a=0.5:m=2.5.queue_cv,0.5465839378729321
aggregate.line.under.aimd:a=0.5:m=2.5.queue_direction_reversals,114.73333333333333
aggregate.line.under.aimd:a=0.5:m=2.5.source_fairness,1.0
aggregate.line.under.aimd:a=1.0:m=1.35.generated_traces,221.36666666666667
aggregate.line.under.aimd:a=1.0:m=1.35.sink_completions,221.36666666666667
aggregate.line.under.aimd:a=1.0:m=1.35.throughput_per_1000_ticks,52.7063492063492
aggregate.line.under.aimd:a=1.0:m=1.35.p50_latency,484.25
aggregate.line.under.aimd:a=1.0:m=1.35.p95_latency,930.4150000000001
aggregate.line.under.aimd:a=1.0:m=1.35.p99_latency,980.7786666666667
aggregate.line.under.aimd:a=1.0:m=1.35.mean_latency,484.45651382266436
aggregate.line.under.aimd:a=1.0:m=1.35.max_node_queue,36.0
aggregate.line.under.aimd:a=1.0:m=1.35.max_external_backlog,5.866666666666666
aggregate.line.under.aimd:a=1.0:m=1.35.pending_after_drain,0.0
aggregate.line.under.aimd:a=1.0:m=1.35.sustained_no_progress,0.0
aggregate.line.under.aimd:a=1.0:m=1.35.activations,194.8
aggregate.line.under.aimd:a=1.0:m=1.35.blocked_ticks,129.86666666666667
aggregate.line.under.aimd:a=1.0:m=1.35.busy_ticks,2079.6666666666665
aggregate.line.under.aimd:a=1.0:m=1.35.atomic_publish_stalls,0.0
aggregate.line.under.aimd:a=1.0:m=1.35.overflow_attempts,0.0
aggregate.line.under.aimd:a=1.0:m=1.35.queue_cv,0.6181096784715469
aggregate.line.under.aimd:a=1.0:m=1.35.queue_direction_reversals,116.93333333333334
aggregate.line.under.aimd:a=1.0:m=1.35.source_fairness,1.0
aggregate.line.under.aimd:a=1.0:m=1.8.generated_traces,221.83333333333334
aggregate.line.under.aimd:a=1.0:m=1.8.sink_completions,221.83333333333334
aggregate.line.under.aimd:a=1.0:m=1.8.throughput_per_1000_ticks,52.81746031746032
aggregate.line.under.aimd:a=1.0:m=1.8.p50_latency,536.0833333333334
aggregate.line.under.aimd:a=1.0:m=1.8.p95_latency,986.3166666666667
aggregate.line.under.aimd:a=1.0:m=1.8.p99_latency,1037.8756666666666
aggregate.line.under.aimd:a=1.0:m=1.8.mean_latency,533.6703822949377
aggregate.line.under.aimd:a=1.0:m=1.8.max_node_queue,36.0
aggregate.line.under.aimd:a=1.0:m=1.8.max_external_backlog,8.166666666666666
aggregate.line.under.aimd:a=1.0:m=1.8.pending_after_drain,0.0
aggregate.line.under.aimd:a=1.0:m=1.8.sustained_no_progress,0.0
aggregate.line.under.aimd:a=1.0:m=1.8.activations,182.4
aggregate.line.under.aimd:a=1.0:m=1.8.blocked_ticks,121.6
aggregate.line.under.aimd:a=1.0:m=1.8.busy_ticks,2023.5
aggregate.line.under.aimd:a=1.0:m=1.8.atomic_publish_stalls,0.0
aggregate.line.under.aimd:a=1.0:m=1.8.overflow_attempts,0.0
aggregate.line.under.aimd:a=1.0:m=1.8.queue_cv,0.5696435358361757
aggregate.line.under.aimd:a=1.0:m=1.8.queue_direction_reversals,110.53333333333333
aggregate.line.under.aimd:a=1.0:m=1.8.source_fairness,1.0
aggregate.line.under.aimd:a=1.0:m=2.5.generated_traces,221.3
aggregate.line.under.aimd:a=1.0:m=2.5.sink_completions,221.3
aggregate.line.under.aimd:a=1.0:m=2.5.throughput_per_1000_ticks,52.69047619047619
aggregate.line.under.aimd:a=1.0:m=2.5.p50_latency,553.9833333333333
aggregate.line.under.aimd:a=1.0:m=2.5.p95_latency,1001.5816666666667
aggregate.line.under.aimd:a=1.0:m=2.5.p99_latency,1051.5639999999999
aggregate.line.under.aimd:a=1.0:m=2.5.mean_latency,552.4344289971484
aggregate.line.under.aimd:a=1.0:m=2.5.max_node_queue,36.0
aggregate.line.under.aimd:a=1.0:m=2.5.max_external_backlog,8.5
aggregate.line.under.aimd:a=1.0:m=2.5.pending_after_drain,0.0
aggregate.line.under.aimd:a=1.0:m=2.5.sustained_no_progress,0.0
aggregate.line.under.aimd:a=1.0:m=2.5.activations,177.2
aggregate.line.under.aimd:a=1.0:m=2.5.blocked_ticks,118.13333333333334
aggregate.line.under.aimd:a=1.0:m=2.5.busy_ticks,1992.8333333333333
aggregate.line.under.aimd:a=1.0:m=2.5.atomic_publish_stalls,0.0
aggregate.line.under.aimd:a=1.0:m=2.5.overflow_attempts,0.0
aggregate.line.under.aimd:a=1.0:m=2.5.queue_cv,0.5465839378729321
aggregate.line.under.aimd:a=1.0:m=2.5.queue_direction_reversals,114.73333333333333
aggregate.line.under.aimd:a=1.0:m=2.5.source_fairness,1.0
aggregate.line.under.aimd:a=2.0:m=1.35.generated_traces,221.36666666666667
aggregate.line.under.aimd:a=2.0:m=1.35.sink_completions,221.36666666666667
aggregate.line.under.aimd:a=2.0:m=1.35.throughput_per_1000_ticks,52.7063492063492
aggregate.line.under.aimd:a=2.0:m=1.35.p50_latency,484.25
aggregate.line.under.aimd:a=2.0:m=1.35.p95_latency,930.4150000000001
aggregate.line.under.aimd:a=2.0:m=1.35.p99_latency,980.7786666666667
aggregate.line.under.aimd:a=2.0:m=1.35.mean_latency,484.45651382266436
aggregate.line.under.aimd:a=2.0:m=1.35.max_node_queue,36.0
aggregate.line.under.aimd:a=2.0:m=1.35.max_external_backlog,5.866666666666666
aggregate.line.under.aimd:a=2.0:m=1.35.pending_after_drain,0.0
aggregate.line.under.aimd:a=2.0:m=1.35.sustained_no_progress,0.0
aggregate.line.under.aimd:a=2.0:m=1.35.activations,194.8
aggregate.line.under.aimd:a=2.0:m=1.35.blocked_ticks,129.86666666666667
aggregate.line.under.aimd:a=2.0:m=1.35.busy_ticks,2079.6666666666665
aggregate.line.under.aimd:a=2.0:m=1.35.atomic_publish_stalls,0.0
aggregate.line.under.aimd:a=2.0:m=1.35.overflow_attempts,0.0
aggregate.line.under.aimd:a=2.0:m=1.35.queue_cv,0.6181096784715469
aggregate.line.under.aimd:a=2.0:m=1.35.queue_direction_reversals,116.93333333333334
aggregate.line.under.aimd:a=2.0:m=1.35.source_fairness,1.0
aggregate.line.under.aimd:a=2.0:m=1.8.generated_traces,221.83333333333334
aggregate.line.under.aimd:a=2.0:m=1.8.sink_completions,221.83333333333334
aggregate.line.under.aimd:a=2.0:m=1.8.throughput_per_1000_ticks,52.81746031746032
aggregate.line.under.aimd:a=2.0:m=1.8.p50_latency,536.0833333333334
aggregate.line.under.aimd:a=2.0:m=1.8.p95_latency,986.3166666666667
aggregate.line.under.aimd:a=2.0:m=1.8.p99_latency,1037.8756666666666
aggregate.line.under.aimd:a=2.0:m=1.8.mean_latency,533.6703822949377
aggregate.line.under.aimd:a=2.0:m=1.8.max_node_queue,36.0
aggregate.line.under.aimd:a=2.0:m=1.8.max_external_backlog,8.166666666666666
aggregate.line.under.aimd:a=2.0:m=1.8.pending_after_drain,0.0
aggregate.line.under.aimd:a=2.0:m=1.8.sustained_no_progress,0.0
aggregate.line.under.aimd:a=2.0:m=1.8.activations,182.4
aggregate.line.under.aimd:a=2.0:m=1.8.blocked_ticks,121.6
aggregate.line.under.aimd:a=2.0:m=1.8.busy_ticks,2023.5
aggregate.line.under.aimd:a=2.0:m=1.8.atomic_publish_stalls,0.0
aggregate.line.under.aimd:a=2.0:m=1.8.overflow_attempts,0.0
aggregate.line.under.aimd:a=2.0:m=1.8.queue_cv,0.5696435358361757
aggregate.line.under.aimd:a=2.0:m=1.8.queue_direction_reversals,110.53333333333333
aggregate.line.under.aimd:a=2.0:m=1.8.source_fairness,1.0
aggregate.line.under.aimd:a=2.0:m=2.5.generated_traces,221.3
aggregate.line.under.aimd:a=2.0:m=2.5.sink_completions,221.3
aggregate.line.under.aimd:a=2.0:m=2.5.throughput_per_1000_ticks,52.69047619047619
aggregate.line.under.aimd:a=2.0:m=2.5.p50_latency,553.9833333333333
aggregate.line.under.aimd:a=2.0:m=2.5.p95_latency,1001.5816666666667
aggregate.line.under.aimd:a=2.0:m=2.5.p99_latency,1051.5639999999999
aggregate.line.under.aimd:a=2.0:m=2.5.mean_latency,552.4344289971484
aggregate.line.under.aimd:a=2.0:m=2.5.max_node_queue,36.0
aggregate.line.under.aimd:a=2.0:m=2.5.max_external_backlog,8.5
aggregate.line.under.aimd:a=2.0:m=2.5.pending_after_drain,0.0
aggregate.line.under.aimd:a=2.0:m=2.5.sustained_no_progress,0.0
aggregate.line.under.aimd:a=2.0:m=2.5.activations,177.2
aggregate.line.under.aimd:a=2.0:m=2.5.blocked_ticks,118.13333333333334
aggregate.line.under.aimd:a=2.0:m=2.5.busy_ticks,1992.8333333333333
aggregate.line.under.aimd:a=2.0:m=2.5.atomic_publish_stalls,0.0
aggregate.line.under.aimd:a=2.0:m=2.5.overflow_attempts,0.0
aggregate.line.under.aimd:a=2.0:m=2.5.queue_cv,0.5465839378729321
aggregate.line.under.aimd:a=2.0:m=2.5.queue_direction_reversals,114.73333333333333
aggregate.line.under.aimd:a=2.0:m=2.5.source_fairness,1.0
aggregate.line.capacity.reactive.generated_traces,420.1
aggregate.line.capacity.reactive.sink_completions,420.1
aggregate.line.capacity.reactive.throughput_per_1000_ticks,100.02380952380953
aggregate.line.capacity.reactive.p50_latency,20.966666666666665
aggregate.line.capacity.reactive.p95_latency,24.536666666666665
aggregate.line.capacity.reactive.p99_latency,26.55366666666667
aggregate.line.capacity.reactive.mean_latency,21.037680403601186
aggregate.line.capacity.reactive.max_node_queue,1.0
aggregate.line.capacity.reactive.max_external_backlog,0.0
aggregate.line.capacity.reactive.pending_after_drain,0.0
aggregate.line.capacity.reactive.sustained_no_progress,0.0
aggregate.line.capacity.reactive.activations,1260.1
aggregate.line.capacity.reactive.blocked_ticks,840.0666666666667
aggregate.line.capacity.reactive.busy_ticks,8394.466666666667
aggregate.line.capacity.reactive.atomic_publish_stalls,0.0
aggregate.line.capacity.reactive.overflow_attempts,0.0
aggregate.line.capacity.reactive.queue_cv,3.1439480549570726
aggregate.line.capacity.reactive.queue_direction_reversals,45.13333333333333
aggregate.line.capacity.reactive.source_fairness,1.0
aggregate.line.capacity.watermark.generated_traces,420.1
aggregate.line.capacity.watermark.sink_completions,420.1
aggregate.line.capacity.watermark.throughput_per_1000_ticks,100.02380952380953
aggregate.line.capacity.watermark.p50_latency,20.966666666666665
aggregate.line.capacity.watermark.p95_latency,24.536666666666665
aggregate.line.capacity.watermark.p99_latency,26.55366666666667
aggregate.line.capacity.watermark.mean_latency,21.037680403601186
aggregate.line.capacity.watermark.max_node_queue,1.0
aggregate.line.capacity.watermark.max_external_backlog,0.0
aggregate.line.capacity.watermark.pending_after_drain,0.0
aggregate.line.capacity.watermark.sustained_no_progress,0.0
aggregate.line.capacity.watermark.activations,1260.1
aggregate.line.capacity.watermark.blocked_ticks,840.0666666666667
aggregate.line.capacity.watermark.busy_ticks,8394.466666666667
aggregate.line.capacity.watermark.atomic_publish_stalls,0.0
aggregate.line.capacity.watermark.overflow_attempts,0.0
aggregate.line.capacity.watermark.queue_cv,3.1439480549570726
aggregate.line.capacity.watermark.queue_direction_reversals,45.13333333333333
aggregate.line.capacity.watermark.source_fairness,1.0
aggregate.line.capacity.credit.generated_traces,420.1
aggregate.line.capacity.credit.sink_completions,420.1
aggregate.line.capacity.credit.throughput_per_1000_ticks,100.02380952380953
aggregate.line.capacity.credit.p50_latency,20.966666666666665
aggregate.line.capacity.credit.p95_latency,24.536666666666665
aggregate.line.capacity.credit.p99_latency,26.55366666666667
aggregate.line.capacity.credit.mean_latency,21.037680403601186
aggregate.line.capacity.credit.max_node_queue,1.0
aggregate.line.capacity.credit.max_external_backlog,0.0
aggregate.line.capacity.credit.pending_after_drain,0.0
aggregate.line.capacity.credit.sustained_no_progress,0.0
aggregate.line.capacity.credit.activations,1260.1
aggregate.line.capacity.credit.blocked_ticks,840.0666666666667
aggregate.line.capacity.credit.busy_ticks,8394.466666666667
aggregate.line.capacity.credit.atomic_publish_stalls,0.0
aggregate.line.capacity.credit.overflow_attempts,0.0
aggregate.line.capacity.credit.queue_cv,3.1439480549570726
aggregate.line.capacity.credit.queue_direction_reversals,45.13333333333333
aggregate.line.capacity.credit.source_fairness,1.0
aggregate.line.capacity.pi.generated_traces,420.1
aggregate.line.capacity.pi.sink_completions,420.1
aggregate.line.capacity.pi.throughput_per_1000_ticks,100.02380952380953
aggregate.line.capacity.pi.p50_latency,20.966666666666665
aggregate.line.capacity.pi.p95_latency,24.536666666666665
aggregate.line.capacity.pi.p99_latency,26.55366666666667
aggregate.line.capacity.pi.mean_latency,21.037680403601186
aggregate.line.capacity.pi.max_node_queue,1.0
aggregate.line.capacity.pi.max_external_backlog,0.0
aggregate.line.capacity.pi.pending_after_drain,0.0
aggregate.line.capacity.pi.sustained_no_progress,0.0
aggregate.line.capacity.pi.activations,1260.1
aggregate.line.capacity.pi.blocked_ticks,840.0666666666667
aggregate.line.capacity.pi.busy_ticks,8394.466666666667
aggregate.line.capacity.pi.atomic_publish_stalls,0.0
aggregate.line.capacity.pi.overflow_attempts,0.0
aggregate.line.capacity.pi.queue_cv,3.1439480549570726
aggregate.line.capacity.pi.queue_direction_reversals,45.13333333333333
aggregate.line.capacity.pi.source_fairness,1.0
aggregate.line.capacity.aimd:a=0.5:m=1.35.generated_traces,420.93333333333334
aggregate.line.capacity.aimd:a=0.5:m=1.35.sink_completions,420.93333333333334
aggregate.line.capacity.aimd:a=0.5:m=1.35.throughput_per_1000_ticks,100.22222222222221
aggregate.line.capacity.aimd:a=0.5:m=1.35.p50_latency,2560.8
aggregate.line.capacity.aimd:a=0.5:m=1.35.p95_latency,5120.591666666666
aggregate.line.capacity.aimd:a=0.5:m=1.35.p99_latency,5347.229
aggregate.line.capacity.aimd:a=0.5:m=1.35.mean_latency,2572.0558560469203
aggregate.line.capacity.aimd:a=0.5:m=1.35.max_node_queue,36.0
aggregate.line.capacity.aimd:a=0.5:m=1.35.max_external_backlog,192.76666666666668
aggregate.line.capacity.aimd:a=0.5:m=1.35.pending_after_drain,0.0
aggregate.line.capacity.aimd:a=0.5:m=1.35.sustained_no_progress,0.0
aggregate.line.capacity.aimd:a=0.5:m=1.35.activations,336.9
aggregate.line.capacity.aimd:a=0.5:m=1.35.blocked_ticks,224.6
aggregate.line.capacity.aimd:a=0.5:m=1.35.busy_ticks,3786.9666666666667
aggregate.line.capacity.aimd:a=0.5:m=1.35.atomic_publish_stalls,0.0
aggregate.line.capacity.aimd:a=0.5:m=1.35.overflow_attempts,0.0
aggregate.line.capacity.aimd:a=0.5:m=1.35.queue_cv,0.28723359681362837
aggregate.line.capacity.aimd:a=0.5:m=1.35.queue_direction_reversals,123.66666666666667
aggregate.line.capacity.aimd:a=0.5:m=1.35.source_fairness,1.0
aggregate.line.capacity.aimd:a=0.5:m=1.8.generated_traces,421.4
aggregate.line.capacity.aimd:a=0.5:m=1.8.sink_completions,421.4
aggregate.line.capacity.aimd:a=0.5:m=1.8.throughput_per_1000_ticks,100.33333333333333
aggregate.line.capacity.aimd:a=0.5:m=1.8.p50_latency,2747.4333333333334
aggregate.line.capacity.aimd:a=0.5:m=1.8.p95_latency,5313.016666666666
aggregate.line.capacity.aimd:a=0.5:m=1.8.p99_latency,5538.391666666666
aggregate.line.capacity.aimd:a=0.5:m=1.8.mean_latency,2751.8015282011725
aggregate.line.capacity.aimd:a=0.5:m=1.8.max_node_queue,36.0
aggregate.line.capacity.aimd:a=0.5:m=1.8.max_external_backlog,200.5
aggregate.line.capacity.aimd:a=0.5:m=1.8.pending_after_drain,0.0
aggregate.line.capacity.aimd:a=0.5:m=1.8.sustained_no_progress,0.0
aggregate.line.capacity.aimd:a=0.5:m=1.8.activations,328.2
aggregate.line.capacity.aimd:a=0.5:m=1.8.blocked_ticks,218.8
aggregate.line.capacity.aimd:a=0.5:m=1.8.busy_ticks,3748.8
aggregate.line.capacity.aimd:a=0.5:m=1.8.atomic_publish_stalls,0.0
aggregate.line.capacity.aimd:a=0.5:m=1.8.overflow_attempts,0.0
aggregate.line.capacity.aimd:a=0.5:m=1.8.queue_cv,0.25736490644509313
aggregate.line.capacity.aimd:a=0.5:m=1.8.queue_direction_reversals,131.0
aggregate.line.capacity.aimd:a=0.5:m=1.8.source_fairness,1.0
aggregate.line.capacity.aimd:a=0.5:m=2.5.generated_traces,421.1333333333333
aggregate.line.capacity.aimd:a=0.5:m=2.5.sink_completions,421.1333333333333
aggregate.line.capacity.aimd:a=0.5:m=2.5.throughput_per_1000_ticks,100.26984126984127
aggregate.line.capacity.aimd:a=0.5:m=2.5.p50_latency,2813.6833333333334
aggregate.line.capacity.aimd:a=0.5:m=2.5.p95_latency,5373.91
aggregate.line.capacity.aimd:a=0.5:m=2.5.p99_latency,5601.038666666666
aggregate.line.capacity.aimd:a=0.5:m=2.5.mean_latency,2815.7338961486844
aggregate.line.capacity.aimd:a=0.5:m=2.5.max_node_queue,36.0
aggregate.line.capacity.aimd:a=0.5:m=2.5.max_external_backlog,203.53333333333333
aggregate.line.capacity.aimd:a=0.5:m=2.5.pending_after_drain,0.0
aggregate.line.capacity.aimd:a=0.5:m=2.5.sustained_no_progress,0.0
aggregate.line.capacity.aimd:a=0.5:m=2.5.activations,324.9
aggregate.line.capacity.aimd:a=0.5:m=2.5.blocked_ticks,216.6
aggregate.line.capacity.aimd:a=0.5:m=2.5.busy_ticks,3729.8
aggregate.line.capacity.aimd:a=0.5:m=2.5.atomic_publish_stalls,0.0
aggregate.line.capacity.aimd:a=0.5:m=2.5.overflow_attempts,0.0
aggregate.line.capacity.aimd:a=0.5:m=2.5.queue_cv,0.24666109187946086
aggregate.line.capacity.aimd:a=0.5:m=2.5.queue_direction_reversals,108.2
aggregate.line.capacity.aimd:a=0.5:m=2.5.source_fairness,1.0
aggregate.line.capacity.aimd:a=1.0:m=1.35.generated_traces,420.93333333333334
aggregate.line.capacity.aimd:a=1.0:m=1.35.sink_completions,420.93333333333334
aggregate.line.capacity.aimd:a=1.0:m=1.35.throughput_per_1000_ticks,100.22222222222221
aggregate.line.capacity.aimd:a=1.0:m=1.35.p50_latency,2560.8
aggregate.line.capacity.aimd:a=1.0:m=1.35.p95_latency,5120.591666666666
aggregate.line.capacity.aimd:a=1.0:m=1.35.p99_latency,5347.229
aggregate.line.capacity.aimd:a=1.0:m=1.35.mean_latency,2572.0558560469203
aggregate.line.capacity.aimd:a=1.0:m=1.35.max_node_queue,36.0
aggregate.line.capacity.aimd:a=1.0:m=1.35.max_external_backlog,192.76666666666668
aggregate.line.capacity.aimd:a=1.0:m=1.35.pending_after_drain,0.0
aggregate.line.capacity.aimd:a=1.0:m=1.35.sustained_no_progress,0.0
aggregate.line.capacity.aimd:a=1.0:m=1.35.activations,336.9
aggregate.line.capacity.aimd:a=1.0:m=1.35.blocked_ticks,224.6
aggregate.line.capacity.aimd:a=1.0:m=1.35.busy_ticks,3786.9666666666667
aggregate.line.capacity.aimd:a=1.0:m=1.35.atomic_publish_stalls,0.0
aggregate.line.capacity.aimd:a=1.0:m=1.35.overflow_attempts,0.0
aggregate.line.capacity.aimd:a=1.0:m=1.35.queue_cv,0.28723359681362837
aggregate.line.capacity.aimd:a=1.0:m=1.35.queue_direction_reversals,123.66666666666667
aggregate.line.capacity.aimd:a=1.0:m=1.35.source_fairness,1.0
aggregate.line.capacity.aimd:a=1.0:m=1.8.generated_traces,421.4
aggregate.line.capacity.aimd:a=1.0:m=1.8.sink_completions,421.4
aggregate.line.capacity.aimd:a=1.0:m=1.8.throughput_per_1000_ticks,100.33333333333333
aggregate.line.capacity.aimd:a=1.0:m=1.8.p50_latency,2747.4333333333334
aggregate.line.capacity.aimd:a=1.0:m=1.8.p95_latency,5313.016666666666
aggregate.line.capacity.aimd:a=1.0:m=1.8.p99_latency,5538.391666666666
aggregate.line.capacity.aimd:a=1.0:m=1.8.mean_latency,2751.8015282011725
aggregate.line.capacity.aimd:a=1.0:m=1.8.max_node_queue,36.0
aggregate.line.capacity.aimd:a=1.0:m=1.8.max_external_backlog,200.5
aggregate.line.capacity.aimd:a=1.0:m=1.8.pending_after_drain,0.0
aggregate.line.capacity.aimd:a=1.0:m=1.8.sustained_no_progress,0.0
aggregate.line.capacity.aimd:a=1.0:m=1.8.activations,328.2
aggregate.line.capacity.aimd:a=1.0:m=1.8.blocked_ticks,218.8
aggregate.line.capacity.aimd:a=1.0:m=1.8.busy_ticks,3748.8
aggregate.line.capacity.aimd:a=1.0:m=1.8.atomic_publish_stalls,0.0
aggregate.line.capacity.aimd:a=1.0:m=1.8.overflow_attempts,0.0
aggregate.line.capacity.aimd:a=1.0:m=1.8.queue_cv,0.25736490644509313
aggregate.line.capacity.aimd:a=1.0:m=1.8.queue_direction_reversals,131.0
aggregate.line.capacity.aimd:a=1.0:m=1.8.source_fairness,1.0
aggregate.line.capacity.aimd:a=1.0:m=2.5.generated_traces,421.1333333333333
aggregate.line.capacity.aimd:a=1.0:m=2.5.sink_completions,421.1333333333333
aggregate.line.capacity.aimd:a=1.0:m=2.5.throughput_per_1000_ticks,100.26984126984127
aggregate.line.capacity.aimd:a=1.0:m=2.5.p50_latency,2813.6833333333334
aggregate.line.capacity.aimd:a=1.0:m=2.5.p95_latency,5373.91
aggregate.line.capacity.aimd:a=1.0:m=2.5.p99_latency,5601.038666666666
aggregate.line.capacity.aimd:a=1.0:m=2.5.mean_latency,2815.7338961486844
aggregate.line.capacity.aimd:a=1.0:m=2.5.max_node_queue,36.0
aggregate.line.capacity.aimd:a=1.0:m=2.5.max_external_backlog,203.53333333333333
aggregate.line.capacity.aimd:a=1.0:m=2.5.pending_after_drain,0.0
aggregate.line.capacity.aimd:a=1.0:m=2.5.sustained_no_progress,0.0
aggregate.line.capacity.aimd:a=1.0:m=2.5.activations,324.9
aggregate.line.capacity.aimd:a=1.0:m=2.5.blocked_ticks,216.6
aggregate.line.capacity.aimd:a=1.0:m=2.5.busy_ticks,3729.8
aggregate.line.capacity.aimd:a=1.0:m=2.5.atomic_publish_stalls,0.0
aggregate.line.capacity.aimd:a=1.0:m=2.5.overflow_attempts,0.0
aggregate.line.capacity.aimd:a=1.0:m=2.5.queue_cv,0.24666109187946086
aggregate.line.capacity.aimd:a=1.0:m=2.5.queue_direction_reversals,108.2
aggregate.line.capacity.aimd:a=1.0:m=2.5.source_fairness,1.0
aggregate.line.capacity.aimd:a=2.0:m=1.35.generated_traces,420.93333333333334
aggregate.line.capacity.aimd:a=2.0:m=1.35.sink_completions,420.93333333333334
aggregate.line.capacity.aimd:a=2.0:m=1.35.throughput_per_1000_ticks,100.22222222222221
aggregate.line.capacity.aimd:a=2.0:m=1.35.p50_latency,2560.8
aggregate.line.capacity.aimd:a=2.0:m=1.35.p95_latency,5120.591666666666
aggregate.line.capacity.aimd:a=2.0:m=1.35.p99_latency,5347.229
aggregate.line.capacity.aimd:a=2.0:m=1.35.mean_latency,2572.0558560469203
aggregate.line.capacity.aimd:a=2.0:m=1.35.max_node_queue,36.0
aggregate.line.capacity.aimd:a=2.0:m=1.35.max_external_backlog,192.76666666666668
aggregate.line.capacity.aimd:a=2.0:m=1.35.pending_after_drain,0.0
aggregate.line.capacity.aimd:a=2.0:m=1.35.sustained_no_progress,0.0
aggregate.line.capacity.aimd:a=2.0:m=1.35.activations,336.9
aggregate.line.capacity.aimd:a=2.0:m=1.35.blocked_ticks,224.6
aggregate.line.capacity.aimd:a=2.0:m=1.35.busy_ticks,3786.9666666666667
aggregate.line.capacity.aimd:a=2.0:m=1.35.atomic_publish_stalls,0.0
aggregate.line.capacity.aimd:a=2.0:m=1.35.overflow_attempts,0.0
aggregate.line.capacity.aimd:a=2.0:m=1.35.queue_cv,0.28723359681362837
aggregate.line.capacity.aimd:a=2.0:m=1.35.queue_direction_reversals,123.66666666666667
aggregate.line.capacity.aimd:a=2.0:m=1.35.source_fairness,1.0
aggregate.line.capacity.aimd:a=2.0:m=1.8.generated_traces,421.4
aggregate.line.capacity.aimd:a=2.0:m=1.8.sink_completions,421.4
aggregate.line.capacity.aimd:a=2.0:m=1.8.throughput_per_1000_ticks,100.33333333333333
aggregate.line.capacity.aimd:a=2.0:m=1.8.p50_latency,2747.4333333333334
aggregate.line.capacity.aimd:a=2.0:m=1.8.p95_latency,5313.016666666666
aggregate.line.capacity.aimd:a=2.0:m=1.8.p99_latency,5538.391666666666
aggregate.line.capacity.aimd:a=2.0:m=1.8.mean_latency,2751.8015282011725
aggregate.line.capacity.aimd:a=2.0:m=1.8.max_node_queue,36.0
aggregate.line.capacity.aimd:a=2.0:m=1.8.max_external_backlog,200.5
aggregate.line.capacity.aimd:a=2.0:m=1.8.pending_after_drain,0.0
aggregate.line.capacity.aimd:a=2.0:m=1.8.sustained_no_progress,0.0
aggregate.line.capacity.aimd:a=2.0:m=1.8.activations,328.2
aggregate.line.capacity.aimd:a=2.0:m=1.8.blocked_ticks,218.8
aggregate.line.capacity.aimd:a=2.0:m=1.8.busy_ticks,3748.8
aggregate.line.capacity.aimd:a=2.0:m=1.8.atomic_publish_stalls,0.0
aggregate.line.capacity.aimd:a=2.0:m=1.8.overflow_attempts,0.0
aggregate.line.capacity.aimd:a=2.0:m=1.8.queue_cv,0.25736490644509313
aggregate.line.capacity.aimd:a=2.0:m=1.8.queue_direction_reversals,131.0
aggregate.line.capacity.aimd:a=2.0:m=1.8.source_fairness,1.0
aggregate.line.capacity.aimd:a=2.0:m=2.5.generated_traces,421.1333333333333
aggregate.line.capacity.aimd:a=2.0:m=2.5.sink_completions,421.1333333333333
aggregate.line.capacity.aimd:a=2.0:m=2.5.throughput_per_1000_ticks,100.26984126984127
aggregate.line.capacity.aimd:a=2.0:m=2.5.p50_latency,2813.6833333333334
aggregate.line.capacity.aimd:a=2.0:m=2.5.p95_latency,5373.91
aggregate.line.capacity.aimd:a=2.0:m=2.5.p99_latency,5601.038666666666
aggregate.line.capacity.aimd:a=2.0:m=2.5.mean_latency,2815.7338961486844
aggregate.line.capacity.aimd:a=2.0:m=2.5.max_node_queue,36.0
aggregate.line.capacity.aimd:a=2.0:m=2.5.max_external_backlog,203.53333333333333
aggregate.line.capacity.aimd:a=2.0:m=2.5.pending_after_drain,0.0
aggregate.line.capacity.aimd:a=2.0:m=2.5.sustained_no_progress,0.0
aggregate.line.capacity.aimd:a=2.0:m=2.5.activations,324.9
aggregate.line.capacity.aimd:a=2.0:m=2.5.blocked_ticks,216.6
aggregate.line.capacity.aimd:a=2.0:m=2.5.busy_ticks,3729.8
aggregate.line.capacity.aimd:a=2.0:m=2.5.atomic_publish_stalls,0.0
aggregate.line.capacity.aimd:a=2.0:m=2.5.overflow_attempts,0.0
aggregate.line.capacity.aimd:a=2.0:m=2.5.queue_cv,0.24666109187946086
aggregate.line.capacity.aimd:a=2.0:m=2.5.queue_direction_reversals,108.2
aggregate.line.capacity.aimd:a=2.0:m=2.5.source_fairness,1.0
aggregate.line.over.reactive.generated_traces,932.9333333333333
aggregate.line.over.reactive.sink_completions,932.9333333333333
aggregate.line.over.reactive.throughput_per_1000_ticks,222.12698412698413
aggregate.line.over.reactive.p50_latency,39.13333333333333
aggregate.line.over.reactive.p95_latency,48.13833333333333
aggregate.line.over.reactive.p99_latency,51.37233333333334
aggregate.line.over.reactive.mean_latency,39.46270189173408
aggregate.line.over.reactive.max_node_queue,4.633333333333334
aggregate.line.over.reactive.max_external_backlog,0.0
aggregate.line.over.reactive.pending_after_drain,0.0
aggregate.line.over.reactive.sustained_no_progress,0.0
aggregate.line.over.reactive.activations,996.4
aggregate.line.over.reactive.blocked_ticks,665.7333333333333
aggregate.line.over.reactive.busy_ticks,9656.0
aggregate.line.over.reactive.atomic_publish_stalls,0.0
aggregate.line.over.reactive.overflow_attempts,0.0
aggregate.line.over.reactive.queue_cv,0.656804010003101
aggregate.line.over.reactive.queue_direction_reversals,207.53333333333333
aggregate.line.over.reactive.source_fairness,1.0
aggregate.line.over.watermark.generated_traces,932.9333333333333
aggregate.line.over.watermark.sink_completions,932.9333333333333
aggregate.line.over.watermark.throughput_per_1000_ticks,222.12698412698413
aggregate.line.over.watermark.p50_latency,39.13333333333333
aggregate.line.over.watermark.p95_latency,48.13833333333333
aggregate.line.over.watermark.p99_latency,51.37233333333334
aggregate.line.over.watermark.mean_latency,39.46270189173408
aggregate.line.over.watermark.max_node_queue,4.633333333333334
aggregate.line.over.watermark.max_external_backlog,0.0
aggregate.line.over.watermark.pending_after_drain,0.0
aggregate.line.over.watermark.sustained_no_progress,0.0
aggregate.line.over.watermark.activations,996.4
aggregate.line.over.watermark.blocked_ticks,665.7333333333333
aggregate.line.over.watermark.busy_ticks,9656.0
aggregate.line.over.watermark.atomic_publish_stalls,0.0
aggregate.line.over.watermark.overflow_attempts,0.0
aggregate.line.over.watermark.queue_cv,0.656804010003101
aggregate.line.over.watermark.queue_direction_reversals,207.53333333333333
aggregate.line.over.watermark.source_fairness,1.0
aggregate.line.over.credit.generated_traces,932.9333333333333
aggregate.line.over.credit.sink_completions,932.9333333333333
aggregate.line.over.credit.throughput_per_1000_ticks,222.12698412698413
aggregate.line.over.credit.p50_latency,39.13333333333333
aggregate.line.over.credit.p95_latency,48.13833333333333
aggregate.line.over.credit.p99_latency,51.37233333333334
aggregate.line.over.credit.mean_latency,39.46270189173408
aggregate.line.over.credit.max_node_queue,4.633333333333334
aggregate.line.over.credit.max_external_backlog,0.0
aggregate.line.over.credit.pending_after_drain,0.0
aggregate.line.over.credit.sustained_no_progress,0.0
aggregate.line.over.credit.activations,996.4
aggregate.line.over.credit.blocked_ticks,665.7333333333333
aggregate.line.over.credit.busy_ticks,9656.0
aggregate.line.over.credit.atomic_publish_stalls,0.0
aggregate.line.over.credit.overflow_attempts,0.0
aggregate.line.over.credit.queue_cv,0.656804010003101
aggregate.line.over.credit.queue_direction_reversals,207.53333333333333
aggregate.line.over.credit.source_fairness,1.0
aggregate.line.over.pi.generated_traces,932.9333333333333
aggregate.line.over.pi.sink_completions,932.9333333333333
aggregate.line.over.pi.throughput_per_1000_ticks,222.12698412698413
aggregate.line.over.pi.p50_latency,39.13333333333333
aggregate.line.over.pi.p95_latency,48.13833333333333
aggregate.line.over.pi.p99_latency,51.37233333333334
aggregate.line.over.pi.mean_latency,39.46270189173408
aggregate.line.over.pi.max_node_queue,4.633333333333334
aggregate.line.over.pi.max_external_backlog,0.0
aggregate.line.over.pi.pending_after_drain,0.0
aggregate.line.over.pi.sustained_no_progress,0.0
aggregate.line.over.pi.activations,996.4
aggregate.line.over.pi.blocked_ticks,665.7333333333333
aggregate.line.over.pi.busy_ticks,9656.0
aggregate.line.over.pi.atomic_publish_stalls,0.0
aggregate.line.over.pi.overflow_attempts,0.0
aggregate.line.over.pi.queue_cv,0.656804010003101
aggregate.line.over.pi.queue_direction_reversals,207.53333333333333
aggregate.line.over.pi.source_fairness,1.0
aggregate.line.over.aimd:a=0.5:m=1.35.generated_traces,932.2
aggregate.line.over.aimd:a=0.5:m=1.35.sink_completions,887.9
aggregate.line.over.aimd:a=0.5:m=1.35.throughput_per_1000_ticks,211.4047619047619
aggregate.line.over.aimd:a=0.5:m=1.35.p50_latency,7750.3
aggregate.line.over.aimd:a=0.5:m=1.35.p95_latency,15317.405
aggregate.line.over.aimd:a=0.5:m=1.35.p99_latency,15999.732666666667
aggregate.line.over.aimd:a=0.5:m=1.35.mean_latency,7766.104425365814
aggregate.line.over.aimd:a=0.5:m=1.35.max_node_queue,36.0
aggregate.line.over.aimd:a=0.5:m=1.35.max_external_backlog,688.1
aggregate.line.over.aimd:a=0.5:m=1.35.pending_after_drain,44.3
aggregate.line.over.aimd:a=0.5:m=1.35.sustained_no_progress,0.0
aggregate.line.over.aimd:a=0.5:m=1.35.activations,673.0333333333333
aggregate.line.over.aimd:a=0.5:m=1.35.blocked_ticks,448.6
aggregate.line.over.aimd:a=0.5:m=1.35.busy_ticks,7815.133333333333
aggregate.line.over.aimd:a=0.5:m=1.35.atomic_publish_stalls,0.0
aggregate.line.over.aimd:a=0.5:m=1.35.overflow_attempts,0.0
aggregate.line.over.aimd:a=0.5:m=1.35.queue_cv,0.10334023474696682
aggregate.line.over.aimd:a=0.5:m=1.35.queue_direction_reversals,291.6333333333333
aggregate.line.over.aimd:a=0.5:m=1.35.source_fairness,1.0
aggregate.line.over.aimd:a=0.5:m=1.8.generated_traces,932.3666666666667
aggregate.line.over.aimd:a=0.5:m=1.8.sink_completions,871.7
aggregate.line.over.aimd:a=0.5:m=1.8.throughput_per_1000_ticks,207.54761904761907
aggregate.line.over.aimd:a=0.5:m=1.8.p50_latency,7990.283333333334
aggregate.line.over.aimd:a=0.5:m=1.8.p95_latency,15434.336666666664
aggregate.line.over.aimd:a=0.5:m=1.8.p99_latency,16085.170333333333
aggregate.line.over.aimd:a=0.5:m=1.8.mean_latency,7992.859396936232
aggregate.line.over.aimd:a=0.5:m=1.8.max_node_queue,36.0
aggregate.line.over.aimd:a=0.5:m=1.8.max_external_backlog,702.7333333333333
aggregate.line.over.aimd:a=0.5:m=1.8.pending_after_drain,60.666666666666664
aggregate.line.over.aimd:a=0.5:m=1.8.sustained_no_progress,0.0
aggregate.line.over.aimd:a=0.5:m=1.8.activations,659.7
aggregate.line.over.aimd:a=0.5:m=1.8.blocked_ticks,439.73333333333335
aggregate.line.over.aimd:a=0.5:m=1.8.busy_ticks,7667.133333333333
aggregate.line.over.aimd:a=0.5:m=1.8.atomic_publish_stalls,0.0
aggregate.line.over.aimd:a=0.5:m=1.8.overflow_attempts,0.0
aggregate.line.over.aimd:a=0.5:m=1.8.queue_cv,0.08751390774469513
aggregate.line.over.aimd:a=0.5:m=1.8.queue_direction_reversals,252.2
aggregate.line.over.aimd:a=0.5:m=1.8.source_fairness,1.0
aggregate.line.over.aimd:a=0.5:m=2.5.generated_traces,932.1
aggregate.line.over.aimd:a=0.5:m=2.5.sink_completions,866.8
aggregate.line.over.aimd:a=0.5:m=2.5.throughput_per_1000_ticks,206.38095238095238
aggregate.line.over.aimd:a=0.5:m=2.5.p50_latency,8081.533333333334
aggregate.line.over.aimd:a=0.5:m=2.5.p95_latency,15502.523333333333
aggregate.line.over.aimd:a=0.5:m=2.5.p99_latency,16138.186666666666
aggregate.line.over.aimd:a=0.5:m=2.5.mean_latency,8088.532443736084
aggregate.line.over.aimd:a=0.5:m=2.5.max_node_queue,36.0
aggregate.line.over.aimd:a=0.5:m=2.5.max_external_backlog,709.1666666666666
aggregate.line.over.aimd:a=0.5:m=2.5.pending_after_drain,65.3
aggregate.line.over.aimd:a=0.5:m=2.5.sustained_no_progress,0.0
aggregate.line.over.aimd:a=0.5:m=2.5.activations,654.0
aggregate.line.over.aimd:a=0.5:m=2.5.blocked_ticks,436.0
aggregate.line.over.aimd:a=0.5:m=2.5.busy_ticks,7605.766666666666
aggregate.line.over.aimd:a=0.5:m=2.5.atomic_publish_stalls,0.0
aggregate.line.over.aimd:a=0.5:m=2.5.overflow_attempts,0.0
aggregate.line.over.aimd:a=0.5:m=2.5.queue_cv,0.08073454367936918
aggregate.line.over.aimd:a=0.5:m=2.5.queue_direction_reversals,271.3
aggregate.line.over.aimd:a=0.5:m=2.5.source_fairness,1.0
aggregate.line.over.aimd:a=1.0:m=1.35.generated_traces,932.2
aggregate.line.over.aimd:a=1.0:m=1.35.sink_completions,887.9
aggregate.line.over.aimd:a=1.0:m=1.35.throughput_per_1000_ticks,211.4047619047619
aggregate.line.over.aimd:a=1.0:m=1.35.p50_latency,7750.3
aggregate.line.over.aimd:a=1.0:m=1.35.p95_latency,15317.405
aggregate.line.over.aimd:a=1.0:m=1.35.p99_latency,15999.732666666667
aggregate.line.over.aimd:a=1.0:m=1.35.mean_latency,7766.104425365814
aggregate.line.over.aimd:a=1.0:m=1.35.max_node_queue,36.0
aggregate.line.over.aimd:a=1.0:m=1.35.max_external_backlog,688.1
aggregate.line.over.aimd:a=1.0:m=1.35.pending_after_drain,44.3
aggregate.line.over.aimd:a=1.0:m=1.35.sustained_no_progress,0.0
aggregate.line.over.aimd:a=1.0:m=1.35.activations,673.0333333333333
aggregate.line.over.aimd:a=1.0:m=1.35.blocked_ticks,448.6
aggregate.line.over.aimd:a=1.0:m=1.35.busy_ticks,7815.133333333333
aggregate.line.over.aimd:a=1.0:m=1.35.atomic_publish_stalls,0.0
aggregate.line.over.aimd:a=1.0:m=1.35.overflow_attempts,0.0
aggregate.line.over.aimd:a=1.0:m=1.35.queue_cv,0.10334023474696682
aggregate.line.over.aimd:a=1.0:m=1.35.queue_direction_reversals,291.6333333333333
aggregate.line.over.aimd:a=1.0:m=1.35.source_fairness,1.0
aggregate.line.over.aimd:a=1.0:m=1.8.generated_traces,932.3666666666667
aggregate.line.over.aimd:a=1.0:m=1.8.sink_completions,871.7
aggregate.line.over.aimd:a=1.0:m=1.8.throughput_per_1000_ticks,207.54761904761907
aggregate.line.over.aimd:a=1.0:m=1.8.p50_latency,7990.283333333334
aggregate.line.over.aimd:a=1.0:m=1.8.p95_latency,15434.336666666664
aggregate.line.over.aimd:a=1.0:m=1.8.p99_latency,16085.170333333333
aggregate.line.over.aimd:a=1.0:m=1.8.mean_latency,7992.859396936232
aggregate.line.over.aimd:a=1.0:m=1.8.max_node_queue,36.0
aggregate.line.over.aimd:a=1.0:m=1.8.max_external_backlog,702.7333333333333
aggregate.line.over.aimd:a=1.0:m=1.8.pending_after_drain,60.666666666666664
aggregate.line.over.aimd:a=1.0:m=1.8.sustained_no_progress,0.0
aggregate.line.over.aimd:a=1.0:m=1.8.activations,659.7
aggregate.line.over.aimd:a=1.0:m=1.8.blocked_ticks,439.73333333333335
aggregate.line.over.aimd:a=1.0:m=1.8.busy_ticks,7667.133333333333
aggregate.line.over.aimd:a=1.0:m=1.8.atomic_publish_stalls,0.0
aggregate.line.over.aimd:a=1.0:m=1.8.overflow_attempts,0.0
aggregate.line.over.aimd:a=1.0:m=1.8.queue_cv,0.08751390774469513
aggregate.line.over.aimd:a=1.0:m=1.8.queue_direction_reversals,252.2
aggregate.line.over.aimd:a=1.0:m=1.8.source_fairness,1.0
aggregate.line.over.aimd:a=1.0:m=2.5.generated_traces,932.1
aggregate.line.over.aimd:a=1.0:m=2.5.sink_completions,866.8
aggregate.line.over.aimd:a=1.0:m=2.5.throughput_per_1000_ticks,206.38095238095238
aggregate.line.over.aimd:a=1.0:m=2.5.p50_latency,8081.533333333334
aggregate.line.over.aimd:a=1.0:m=2.5.p95_latency,15502.523333333333
aggregate.line.over.aimd:a=1.0:m=2.5.p99_latency,16138.186666666666
aggregate.line.over.aimd:a=1.0:m=2.5.mean_latency,8088.532443736084
aggregate.line.over.aimd:a=1.0:m=2.5.max_node_queue,36.0
aggregate.line.over.aimd:a=1.0:m=2.5.max_external_backlog,709.1666666666666
aggregate.line.over.aimd:a=1.0:m=2.5.pending_after_drain,65.3
aggregate.line.over.aimd:a=1.0:m=2.5.sustained_no_progress,0.0
aggregate.line.over.aimd:a=1.0:m=2.5.activations,654.0
aggregate.line.over.aimd:a=1.0:m=2.5.blocked_ticks,436.0
aggregate.line.over.aimd:a=1.0:m=2.5.busy_ticks,7605.766666666666
aggregate.line.over.aimd:a=1.0:m=2.5.atomic_publish_stalls,0.0
aggregate.line.over.aimd:a=1.0:m=2.5.overflow_attempts,0.0
aggregate.line.over.aimd:a=1.0:m=2.5.queue_cv,0.08073454367936918
aggregate.line.over.aimd:a=1.0:m=2.5.queue_direction_reversals,271.3
aggregate.line.over.aimd:a=1.0:m=2.5.source_fairness,1.0
aggregate.line.over.aimd:a=2.0:m=1.35.generated_traces,932.2
aggregate.line.over.aimd:a=2.0:m=1.35.sink_completions,887.9
aggregate.line.over.aimd:a=2.0:m=1.35.throughput_per_1000_ticks,211.4047619047619
aggregate.line.over.aimd:a=2.0:m=1.35.p50_latency,7750.3
aggregate.line.over.aimd:a=2.0:m=1.35.p95_latency,15317.405
aggregate.line.over.aimd:a=2.0:m=1.35.p99_latency,15999.732666666667
aggregate.line.over.aimd:a=2.0:m=1.35.mean_latency,7766.104425365814
aggregate.line.over.aimd:a=2.0:m=1.35.max_node_queue,36.0
aggregate.line.over.aimd:a=2.0:m=1.35.max_external_backlog,688.1
aggregate.line.over.aimd:a=2.0:m=1.35.pending_after_drain,44.3
aggregate.line.over.aimd:a=2.0:m=1.35.sustained_no_progress,0.0
aggregate.line.over.aimd:a=2.0:m=1.35.activations,673.0333333333333
aggregate.line.over.aimd:a=2.0:m=1.35.blocked_ticks,448.6
aggregate.line.over.aimd:a=2.0:m=1.35.busy_ticks,7815.133333333333
aggregate.line.over.aimd:a=2.0:m=1.35.atomic_publish_stalls,0.0
aggregate.line.over.aimd:a=2.0:m=1.35.overflow_attempts,0.0
aggregate.line.over.aimd:a=2.0:m=1.35.queue_cv,0.10334023474696682
aggregate.line.over.aimd:a=2.0:m=1.35.queue_direction_reversals,291.6333333333333
aggregate.line.over.aimd:a=2.0:m=1.35.source_fairness,1.0
aggregate.line.over.aimd:a=2.0:m=1.8.generated_traces,932.3666666666667
aggregate.line.over.aimd:a=2.0:m=1.8.sink_completions,871.7
aggregate.line.over.aimd:a=2.0:m=1.8.throughput_per_1000_ticks,207.54761904761907
aggregate.line.over.aimd:a=2.0:m=1.8.p50_latency,7990.283333333334
aggregate.line.over.aimd:a=2.0:m=1.8.p95_latency,15434.336666666664
aggregate.line.over.aimd:a=2.0:m=1.8.p99_latency,16085.170333333333
aggregate.line.over.aimd:a=2.0:m=1.8.mean_latency,7992.859396936232
aggregate.line.over.aimd:a=2.0:m=1.8.max_node_queue,36.0
aggregate.line.over.aimd:a=2.0:m=1.8.max_external_backlog,702.7333333333333
aggregate.line.over.aimd:a=2.0:m=1.8.pending_after_drain,60.666666666666664
aggregate.line.over.aimd:a=2.0:m=1.8.sustained_no_progress,0.0
aggregate.line.over.aimd:a=2.0:m=1.8.activations,659.7
aggregate.line.over.aimd:a=2.0:m=1.8.blocked_ticks,439.73333333333335
aggregate.line.over.aimd:a=2.0:m=1.8.busy_ticks,7667.133333333333
aggregate.line.over.aimd:a=2.0:m=1.8.atomic_publish_stalls,0.0
aggregate.line.over.aimd:a=2.0:m=1.8.overflow_attempts,0.0
aggregate.line.over.aimd:a=2.0:m=1.8.queue_cv,0.08751390774469513
aggregate.line.over.aimd:a=2.0:m=1.8.queue_direction_reversals,252.2
aggregate.line.over.aimd:a=2.0:m=1.8.source_fairness,1.0
aggregate.line.over.aimd:a=2.0:m=2.5.generated_traces,932.1
aggregate.line.over.aimd:a=2.0:m=2.5.sink_completions,866.8
aggregate.line.over.aimd:a=2.0:m=2.5.throughput_per_1000_ticks,206.38095238095238
aggregate.line.over.aimd:a=2.0:m=2.5.p50_latency,8081.533333333334
aggregate.line.over.aimd:a=2.0:m=2.5.p95_latency,15502.523333333333
aggregate.line.over.aimd:a=2.0:m=2.5.p99_latency,16138.186666666666
aggregate.line.over.aimd:a=2.0:m=2.5.mean_latency,8088.532443736084
aggregate.line.over.aimd:a=2.0:m=2.5.max_node_queue,36.0
aggregate.line.over.aimd:a=2.0:m=2.5.max_external_backlog,709.1666666666666
aggregate.line.over.aimd:a=2.0:m=2.5.pending_after_drain,65.3
aggregate.line.over.aimd:a=2.0:m=2.5.sustained_no_progress,0.0
aggregate.line.over.aimd:a=2.0:m=2.5.activations,654.0
aggregate.line.over.aimd:a=2.0:m=2.5.blocked_ticks,436.0
aggregate.line.over.aimd:a=2.0:m=2.5.busy_ticks,7605.766666666666
aggregate.line.over.aimd:a=2.0:m=2.5.atomic_publish_stalls,0.0
aggregate.line.over.aimd:a=2.0:m=2.5.overflow_attempts,0.0
aggregate.line.over.aimd:a=2.0:m=2.5.queue_cv,0.08073454367936918
aggregate.line.over.aimd:a=2.0:m=2.5.queue_direction_reversals,271.3
aggregate.line.over.aimd:a=2.0:m=2.5.source_fairness,1.0
aggregate.fan_in.under.reactive.generated_traces,442.26666666666665
aggregate.fan_in.under.reactive.sink_completions,442.26666666666665
aggregate.fan_in.under.reactive.throughput_per_1000_ticks,105.30158730158729
aggregate.fan_in.under.reactive.p50_latency,22.133333333333333
aggregate.fan_in.under.reactive.p95_latency,28.098333333333336
aggregate.fan_in.under.reactive.p99_latency,29.78533333333333
aggregate.fan_in.under.reactive.mean_latency,22.715834440294216
aggregate.fan_in.under.reactive.max_node_queue,1.9666666666666666
aggregate.fan_in.under.reactive.max_external_backlog,0.0
aggregate.fan_in.under.reactive.pending_after_drain,0.0
aggregate.fan_in.under.reactive.sustained_no_progress,0.0
aggregate.fan_in.under.reactive.activations,1290.2
aggregate.fan_in.under.reactive.blocked_ticks,866.2333333333333
aggregate.fan_in.under.reactive.busy_ticks,8677.6
aggregate.fan_in.under.reactive.atomic_publish_stalls,0.0
aggregate.fan_in.under.reactive.overflow_attempts,0.0
aggregate.fan_in.under.reactive.queue_cv,1.7055082896153406
aggregate.fan_in.under.reactive.queue_direction_reversals,166.53333333333333
aggregate.fan_in.under.reactive.source_fairness,0.9999654646637595
aggregate.fan_in.under.watermark.generated_traces,442.26666666666665
aggregate.fan_in.under.watermark.sink_completions,442.26666666666665
aggregate.fan_in.under.watermark.throughput_per_1000_ticks,105.30158730158729
aggregate.fan_in.under.watermark.p50_latency,22.133333333333333
aggregate.fan_in.under.watermark.p95_latency,28.098333333333336
aggregate.fan_in.under.watermark.p99_latency,29.78533333333333
aggregate.fan_in.under.watermark.mean_latency,22.715834440294216
aggregate.fan_in.under.watermark.max_node_queue,1.9666666666666666
aggregate.fan_in.under.watermark.max_external_backlog,0.0
aggregate.fan_in.under.watermark.pending_after_drain,0.0
aggregate.fan_in.under.watermark.sustained_no_progress,0.0
aggregate.fan_in.under.watermark.activations,1290.2
aggregate.fan_in.under.watermark.blocked_ticks,866.2333333333333
aggregate.fan_in.under.watermark.busy_ticks,8677.6
aggregate.fan_in.under.watermark.atomic_publish_stalls,0.0
aggregate.fan_in.under.watermark.overflow_attempts,0.0
aggregate.fan_in.under.watermark.queue_cv,1.7055082896153406
aggregate.fan_in.under.watermark.queue_direction_reversals,166.53333333333333
aggregate.fan_in.under.watermark.source_fairness,0.9999654646637595
aggregate.fan_in.under.credit.generated_traces,442.26666666666665
aggregate.fan_in.under.credit.sink_completions,442.26666666666665
aggregate.fan_in.under.credit.throughput_per_1000_ticks,105.30158730158729
aggregate.fan_in.under.credit.p50_latency,22.133333333333333
aggregate.fan_in.under.credit.p95_latency,28.098333333333336
aggregate.fan_in.under.credit.p99_latency,29.78533333333333
aggregate.fan_in.under.credit.mean_latency,22.715834440294216
aggregate.fan_in.under.credit.max_node_queue,1.9666666666666666
aggregate.fan_in.under.credit.max_external_backlog,0.0
aggregate.fan_in.under.credit.pending_after_drain,0.0
aggregate.fan_in.under.credit.sustained_no_progress,0.0
aggregate.fan_in.under.credit.activations,1290.2
aggregate.fan_in.under.credit.blocked_ticks,866.2333333333333
aggregate.fan_in.under.credit.busy_ticks,8677.6
aggregate.fan_in.under.credit.atomic_publish_stalls,0.0
aggregate.fan_in.under.credit.overflow_attempts,0.0
aggregate.fan_in.under.credit.queue_cv,1.7055082896153406
aggregate.fan_in.under.credit.queue_direction_reversals,166.53333333333333
aggregate.fan_in.under.credit.source_fairness,0.9999654646637595
aggregate.fan_in.under.pi.generated_traces,442.26666666666665
aggregate.fan_in.under.pi.sink_completions,442.26666666666665
aggregate.fan_in.under.pi.throughput_per_1000_ticks,105.30158730158729
aggregate.fan_in.under.pi.p50_latency,22.133333333333333
aggregate.fan_in.under.pi.p95_latency,28.098333333333336
aggregate.fan_in.under.pi.p99_latency,29.78533333333333
aggregate.fan_in.under.pi.mean_latency,22.715834440294216
aggregate.fan_in.under.pi.max_node_queue,1.9666666666666666
aggregate.fan_in.under.pi.max_external_backlog,0.0
aggregate.fan_in.under.pi.pending_after_drain,0.0
aggregate.fan_in.under.pi.sustained_no_progress,0.0
aggregate.fan_in.under.pi.activations,1290.2
aggregate.fan_in.under.pi.blocked_ticks,866.2333333333333
aggregate.fan_in.under.pi.busy_ticks,8677.6
aggregate.fan_in.under.pi.atomic_publish_stalls,0.0
aggregate.fan_in.under.pi.overflow_attempts,0.0
aggregate.fan_in.under.pi.queue_cv,1.7055082896153406
aggregate.fan_in.under.pi.queue_direction_reversals,166.53333333333333
aggregate.fan_in.under.pi.source_fairness,0.9999654646637595
aggregate.fan_in.under.aimd:a=0.5:m=1.35.generated_traces,442.8666666666667
aggregate.fan_in.under.aimd:a=0.5:m=1.35.sink_completions,442.8666666666667
aggregate.fan_in.under.aimd:a=0.5:m=1.35.throughput_per_1000_ticks,105.44444444444444
aggregate.fan_in.under.aimd:a=0.5:m=1.35.p50_latency,1663.6666666666667
aggregate.fan_in.under.aimd:a=0.5:m=1.35.p95_latency,5795.623333333334
aggregate.fan_in.under.aimd:a=0.5:m=1.35.p99_latency,5880.886333333333
aggregate.fan_in.under.aimd:a=0.5:m=1.35.mean_latency,2809.7774885649096
aggregate.fan_in.under.aimd:a=0.5:m=1.35.max_node_queue,36.0
aggregate.fan_in.under.aimd:a=0.5:m=1.35.max_external_backlog,136.93333333333334
aggregate.fan_in.under.aimd:a=0.5:m=1.35.pending_after_drain,0.0
aggregate.fan_in.under.aimd:a=0.5:m=1.35.sustained_no_progress,0.0
aggregate.fan_in.under.aimd:a=0.5:m=1.35.activations,365.3
aggregate.fan_in.under.aimd:a=0.5:m=1.35.blocked_ticks,10472.433333333332
aggregate.fan_in.under.aimd:a=0.5:m=1.35.busy_ticks,4052.4666666666667
aggregate.fan_in.under.aimd:a=0.5:m=1.35.atomic_publish_stalls,10224.8
aggregate.fan_in.under.aimd:a=0.5:m=1.35.overflow_attempts,0.0
aggregate.fan_in.under.aimd:a=0.5:m=1.35.queue_cv,0.43535035951390283
aggregate.fan_in.under.aimd:a=0.5:m=1.35.queue_direction_reversals,229.66666666666666
aggregate.fan_in.under.aimd:a=0.5:m=1.35.source_fairness,0.999978267156416
aggregate.fan_in.under.aimd:a=0.5:m=1.8.generated_traces,442.23333333333335
aggregate.fan_in.under.aimd:a=0.5:m=1.8.sink_completions,442.23333333333335
aggregate.fan_in.under.aimd:a=0.5:m=1.8.throughput_per_1000_ticks,105.2936507936508
aggregate.fan_in.under.aimd:a=0.5:m=1.8.p50_latency,1738.8833333333334
aggregate.fan_in.under.aimd:a=0.5:m=1.8.p95_latency,5998.414999999999
aggregate.fan_in.under.aimd:a=0.5:m=1.8.p99_latency,6081.986
aggregate.fan_in.under.aimd:a=0.5:m=1.8.mean_latency,3007.5240354678513
aggregate.fan_in.under.aimd:a=0.5:m=1.8.max_node_queue,36.0
aggregate.fan_in.under.aimd:a=0.5:m=1.8.max_external_backlog,143.43333333333334
aggregate.fan_in.under.aimd:a=0.5:m=1.8.pending_after_drain,0.0
aggregate.fan_in.under.aimd:a=0.5:m=1.8.sustained_no_progress,0.0
aggregate.fan_in.under.aimd:a=0.5:m=1.8.activations,350.96666666666664
aggregate.fan_in.under.aimd:a=0.5:m=1.8.blocked_ticks,11174.966666666667
aggregate.fan_in.under.aimd:a=0.5:m=1.8.busy_ticks,3968.0
aggregate.fan_in.under.aimd:a=0.5:m=1.8.atomic_publish_stalls,10938.866666666667
aggregate.fan_in.under.aimd:a=0.5:m=1.8.overflow_attempts,0.0
aggregate.fan_in.under.aimd:a=0.5:m=1.8.queue_cv,0.4130589290692609
aggregate.fan_in.under.aimd:a=0.5:m=1.8.queue_direction_reversals,209.33333333333334
aggregate.fan_in.under.aimd:a=0.5:m=1.8.source_fairness,0.9999732865901507
aggregate.fan_in.under.aimd:a=0.5:m=2.5.generated_traces,442.23333333333335
aggregate.fan_in.under.aimd:a=0.5:m=2.5.sink_completions,442.23333333333335
aggregate.fan_in.under.aimd:a=0.5:m=2.5.throughput_per_1000_ticks,105.2936507936508
aggregate.fan_in.under.aimd:a=0.5:m=2.5.p50_latency,1785.2833333333333
aggregate.fan_in.under.aimd:a=0.5:m=2.5.p95_latency,6081.081666666666
aggregate.fan_in.under.aimd:a=0.5:m=2.5.p99_latency,6164.794666666667
aggregate.fan_in.under.aimd:a=0.5:m=2.5.mean_latency,3089.4329741599436
aggregate.fan_in.under.aimd:a=0.5:m=2.5.max_node_queue,36.0
aggregate.fan_in.under.aimd:a=0.5:m=2.5.max_external_backlog,147.46666666666667
aggregate.fan_in.under.aimd:a=0.5:m=2.5.pending_after_drain,0.0
aggregate.fan_in.under.aimd:a=0.5:m=2.5.sustained_no_progress,0.0
aggregate.fan_in.under.aimd:a=0.5:m=2.5.activations,345.8333333333333
aggregate.fan_in.under.aimd:a=0.5:m=2.5.blocked_ticks,11459.666666666666
aggregate.fan_in.under.aimd:a=0.5:m=2.5.busy_ticks,3940.366666666667
aggregate.fan_in.under.aimd:a=0.5:m=2.5.atomic_publish_stalls,11227.633333333333
aggregate.fan_in.under.aimd:a=0.5:m=2.5.overflow_attempts,0.0
aggregate.fan_in.under.aimd:a=0.5:m=2.5.queue_cv,0.40398849240005075
aggregate.fan_in.under.aimd:a=0.5:m=2.5.queue_direction_reversals,205.53333333333333
aggregate.fan_in.under.aimd:a=0.5:m=2.5.source_fairness,0.9999750562980356
aggregate.fan_in.under.aimd:a=1.0:m=1.35.generated_traces,442.8666666666667
aggregate.fan_in.under.aimd:a=1.0:m=1.35.sink_completions,442.8666666666667
aggregate.fan_in.under.aimd:a=1.0:m=1.35.throughput_per_1000_ticks,105.44444444444444
aggregate.fan_in.under.aimd:a=1.0:m=1.35.p50_latency,1663.6666666666667
aggregate.fan_in.under.aimd:a=1.0:m=1.35.p95_latency,5795.623333333334
aggregate.fan_in.under.aimd:a=1.0:m=1.35.p99_latency,5880.886333333333
aggregate.fan_in.under.aimd:a=1.0:m=1.35.mean_latency,2809.7774885649096
aggregate.fan_in.under.aimd:a=1.0:m=1.35.max_node_queue,36.0
aggregate.fan_in.under.aimd:a=1.0:m=1.35.max_external_backlog,136.93333333333334
aggregate.fan_in.under.aimd:a=1.0:m=1.35.pending_after_drain,0.0
aggregate.fan_in.under.aimd:a=1.0:m=1.35.sustained_no_progress,0.0
aggregate.fan_in.under.aimd:a=1.0:m=1.35.activations,365.3
aggregate.fan_in.under.aimd:a=1.0:m=1.35.blocked_ticks,10472.433333333332
aggregate.fan_in.under.aimd:a=1.0:m=1.35.busy_ticks,4052.4666666666667
aggregate.fan_in.under.aimd:a=1.0:m=1.35.atomic_publish_stalls,10224.8
aggregate.fan_in.under.aimd:a=1.0:m=1.35.overflow_attempts,0.0
aggregate.fan_in.under.aimd:a=1.0:m=1.35.queue_cv,0.43535035951390283
aggregate.fan_in.under.aimd:a=1.0:m=1.35.queue_direction_reversals,229.66666666666666
aggregate.fan_in.under.aimd:a=1.0:m=1.35.source_fairness,0.999978267156416
aggregate.fan_in.under.aimd:a=1.0:m=1.8.generated_traces,442.23333333333335
aggregate.fan_in.under.aimd:a=1.0:m=1.8.sink_completions,442.23333333333335
aggregate.fan_in.under.aimd:a=1.0:m=1.8.throughput_per_1000_ticks,105.2936507936508
aggregate.fan_in.under.aimd:a=1.0:m=1.8.p50_latency,1738.8833333333334
aggregate.fan_in.under.aimd:a=1.0:m=1.8.p95_latency,5998.414999999999
aggregate.fan_in.under.aimd:a=1.0:m=1.8.p99_latency,6081.986
aggregate.fan_in.under.aimd:a=1.0:m=1.8.mean_latency,3007.5240354678513
aggregate.fan_in.under.aimd:a=1.0:m=1.8.max_node_queue,36.0
aggregate.fan_in.under.aimd:a=1.0:m=1.8.max_external_backlog,143.43333333333334
aggregate.fan_in.under.aimd:a=1.0:m=1.8.pending_after_drain,0.0
aggregate.fan_in.under.aimd:a=1.0:m=1.8.sustained_no_progress,0.0
aggregate.fan_in.under.aimd:a=1.0:m=1.8.activations,350.96666666666664
aggregate.fan_in.under.aimd:a=1.0:m=1.8.blocked_ticks,11174.966666666667
aggregate.fan_in.under.aimd:a=1.0:m=1.8.busy_ticks,3968.0
aggregate.fan_in.under.aimd:a=1.0:m=1.8.atomic_publish_stalls,10938.866666666667
aggregate.fan_in.under.aimd:a=1.0:m=1.8.overflow_attempts,0.0
aggregate.fan_in.under.aimd:a=1.0:m=1.8.queue_cv,0.4130589290692609
aggregate.fan_in.under.aimd:a=1.0:m=1.8.queue_direction_reversals,209.33333333333334
aggregate.fan_in.under.aimd:a=1.0:m=1.8.source_fairness,0.9999732865901507
aggregate.fan_in.under.aimd:a=1.0:m=2.5.generated_traces,442.23333333333335
aggregate.fan_in.under.aimd:a=1.0:m=2.5.sink_completions,442.23333333333335
aggregate.fan_in.under.aimd:a=1.0:m=2.5.throughput_per_1000_ticks,105.2936507936508
aggregate.fan_in.under.aimd:a=1.0:m=2.5.p50_latency,1785.2833333333333
aggregate.fan_in.under.aimd:a=1.0:m=2.5.p95_latency,6081.081666666666
aggregate.fan_in.under.aimd:a=1.0:m=2.5.p99_latency,6164.794666666667
aggregate.fan_in.under.aimd:a=1.0:m=2.5.mean_latency,3089.4329741599436
aggregate.fan_in.under.aimd:a=1.0:m=2.5.max_node_queue,36.0
aggregate.fan_in.under.aimd:a=1.0:m=2.5.max_external_backlog,147.46666666666667
aggregate.fan_in.under.aimd:a=1.0:m=2.5.pending_after_drain,0.0
aggregate.fan_in.under.aimd:a=1.0:m=2.5.sustained_no_progress,0.0
aggregate.fan_in.under.aimd:a=1.0:m=2.5.activations,345.8333333333333
aggregate.fan_in.under.aimd:a=1.0:m=2.5.blocked_ticks,11459.666666666666
aggregate.fan_in.under.aimd:a=1.0:m=2.5.busy_ticks,3940.366666666667
aggregate.fan_in.under.aimd:a=1.0:m=2.5.atomic_publish_stalls,11227.633333333333
aggregate.fan_in.under.aimd:a=1.0:m=2.5.overflow_attempts,0.0
aggregate.fan_in.under.aimd:a=1.0:m=2.5.queue_cv,0.40398849240005075
aggregate.fan_in.under.aimd:a=1.0:m=2.5.queue_direction_reversals,205.53333333333333
aggregate.fan_in.under.aimd:a=1.0:m=2.5.source_fairness,0.9999750562980356
aggregate.fan_in.under.aimd:a=2.0:m=1.35.generated_traces,442.8666666666667
aggregate.fan_in.under.aimd:a=2.0:m=1.35.sink_completions,442.8666666666667
aggregate.fan_in.under.aimd:a=2.0:m=1.35.throughput_per_1000_ticks,105.44444444444444
aggregate.fan_in.under.aimd:a=2.0:m=1.35.p50_latency,1663.6666666666667
aggregate.fan_in.under.aimd:a=2.0:m=1.35.p95_latency,5795.623333333334
aggregate.fan_in.under.aimd:a=2.0:m=1.35.p99_latency,5880.886333333333
aggregate.fan_in.under.aimd:a=2.0:m=1.35.mean_latency,2809.7774885649096
aggregate.fan_in.under.aimd:a=2.0:m=1.35.max_node_queue,36.0
aggregate.fan_in.under.aimd:a=2.0:m=1.35.max_external_backlog,136.93333333333334
aggregate.fan_in.under.aimd:a=2.0:m=1.35.pending_after_drain,0.0
aggregate.fan_in.under.aimd:a=2.0:m=1.35.sustained_no_progress,0.0
aggregate.fan_in.under.aimd:a=2.0:m=1.35.activations,365.3
aggregate.fan_in.under.aimd:a=2.0:m=1.35.blocked_ticks,10472.433333333332
aggregate.fan_in.under.aimd:a=2.0:m=1.35.busy_ticks,4052.4666666666667
aggregate.fan_in.under.aimd:a=2.0:m=1.35.atomic_publish_stalls,10224.8
aggregate.fan_in.under.aimd:a=2.0:m=1.35.overflow_attempts,0.0
aggregate.fan_in.under.aimd:a=2.0:m=1.35.queue_cv,0.43535035951390283
aggregate.fan_in.under.aimd:a=2.0:m=1.35.queue_direction_reversals,229.66666666666666
aggregate.fan_in.under.aimd:a=2.0:m=1.35.source_fairness,0.999978267156416
aggregate.fan_in.under.aimd:a=2.0:m=1.8.generated_traces,442.23333333333335
aggregate.fan_in.under.aimd:a=2.0:m=1.8.sink_completions,442.23333333333335
aggregate.fan_in.under.aimd:a=2.0:m=1.8.throughput_per_1000_ticks,105.2936507936508
aggregate.fan_in.under.aimd:a=2.0:m=1.8.p50_latency,1738.8833333333334
aggregate.fan_in.under.aimd:a=2.0:m=1.8.p95_latency,5998.414999999999
aggregate.fan_in.under.aimd:a=2.0:m=1.8.p99_latency,6081.986
aggregate.fan_in.under.aimd:a=2.0:m=1.8.mean_latency,3007.5240354678513
aggregate.fan_in.under.aimd:a=2.0:m=1.8.max_node_queue,36.0
aggregate.fan_in.under.aimd:a=2.0:m=1.8.max_external_backlog,143.43333333333334
aggregate.fan_in.under.aimd:a=2.0:m=1.8.pending_after_drain,0.0
aggregate.fan_in.under.aimd:a=2.0:m=1.8.sustained_no_progress,0.0
aggregate.fan_in.under.aimd:a=2.0:m=1.8.activations,350.96666666666664
aggregate.fan_in.under.aimd:a=2.0:m=1.8.blocked_ticks,11174.966666666667
aggregate.fan_in.under.aimd:a=2.0:m=1.8.busy_ticks,3968.0
aggregate.fan_in.under.aimd:a=2.0:m=1.8.atomic_publish_stalls,10938.866666666667
aggregate.fan_in.under.aimd:a=2.0:m=1.8.overflow_attempts,0.0
aggregate.fan_in.under.aimd:a=2.0:m=1.8.queue_cv,0.4130589290692609
aggregate.fan_in.under.aimd:a=2.0:m=1.8.queue_direction_reversals,209.33333333333334
aggregate.fan_in.under.aimd:a=2.0:m=1.8.source_fairness,0.9999732865901507
aggregate.fan_in.under.aimd:a=2.0:m=2.5.generated_traces,442.23333333333335
aggregate.fan_in.under.aimd:a=2.0:m=2.5.sink_completions,442.23333333333335
aggregate.fan_in.under.aimd:a=2.0:m=2.5.throughput_per_1000_ticks,105.2936507936508
aggregate.fan_in.under.aimd:a=2.0:m=2.5.p50_latency,1785.2833333333333
aggregate.fan_in.under.aimd:a=2.0:m=2.5.p95_latency,6081.081666666666
aggregate.fan_in.under.aimd:a=2.0:m=2.5.p99_latency,6164.794666666667
aggregate.fan_in.under.aimd:a=2.0:m=2.5.mean_latency,3089.4329741599436
aggregate.fan_in.under.aimd:a=2.0:m=2.5.max_node_queue,36.0
aggregate.fan_in.under.aimd:a=2.0:m=2.5.max_external_backlog,147.46666666666667
aggregate.fan_in.under.aimd:a=2.0:m=2.5.pending_after_drain,0.0
aggregate.fan_in.under.aimd:a=2.0:m=2.5.sustained_no_progress,0.0
aggregate.fan_in.under.aimd:a=2.0:m=2.5.activations,345.8333333333333
aggregate.fan_in.under.aimd:a=2.0:m=2.5.blocked_ticks,11459.666666666666
aggregate.fan_in.under.aimd:a=2.0:m=2.5.busy_ticks,3940.366666666667
aggregate.fan_in.under.aimd:a=2.0:m=2.5.atomic_publish_stalls,11227.633333333333
aggregate.fan_in.under.aimd:a=2.0:m=2.5.overflow_attempts,0.0
aggregate.fan_in.under.aimd:a=2.0:m=2.5.queue_cv,0.40398849240005075
aggregate.fan_in.under.aimd:a=2.0:m=2.5.queue_direction_reversals,205.53333333333333
aggregate.fan_in.under.aimd:a=2.0:m=2.5.source_fairness,0.9999750562980356
aggregate.fan_in.capacity.reactive.generated_traces,841.7
aggregate.fan_in.capacity.reactive.sink_completions,841.7
aggregate.fan_in.capacity.reactive.throughput_per_1000_ticks,200.4047619047619
aggregate.fan_in.capacity.reactive.p50_latency,30.066666666666666
aggregate.fan_in.capacity.reactive.p95_latency,38.27166666666667
aggregate.fan_in.capacity.reactive.p99_latency,41.025666666666666
aggregate.fan_in.capacity.reactive.mean_latency,30.59721566459812
aggregate.fan_in.capacity.reactive.max_node_queue,3.966666666666667
aggregate.fan_in.capacity.reactive.max_external_backlog,0.0
aggregate.fan_in.capacity.reactive.pending_after_drain,0.0
aggregate.fan_in.capacity.reactive.sustained_no_progress,0.0
aggregate.fan_in.capacity.reactive.activations,1564.2
aggregate.fan_in.capacity.reactive.blocked_ticks,1202.9333333333334
aggregate.fan_in.capacity.reactive.busy_ticks,12514.833333333334
aggregate.fan_in.capacity.reactive.atomic_publish_stalls,0.0
aggregate.fan_in.capacity.reactive.overflow_attempts,0.0
aggregate.fan_in.capacity.reactive.queue_cv,0.7702356406180296
aggregate.fan_in.capacity.reactive.queue_direction_reversals,161.33333333333334
aggregate.fan_in.capacity.reactive.source_fairness,0.9999811894046974
aggregate.fan_in.capacity.watermark.generated_traces,841.7
aggregate.fan_in.capacity.watermark.sink_completions,841.7
aggregate.fan_in.capacity.watermark.throughput_per_1000_ticks,200.4047619047619
aggregate.fan_in.capacity.watermark.p50_latency,30.066666666666666
aggregate.fan_in.capacity.watermark.p95_latency,38.27166666666667
aggregate.fan_in.capacity.watermark.p99_latency,41.025666666666666
aggregate.fan_in.capacity.watermark.mean_latency,30.59721566459812
aggregate.fan_in.capacity.watermark.max_node_queue,3.966666666666667
aggregate.fan_in.capacity.watermark.max_external_backlog,0.0
aggregate.fan_in.capacity.watermark.pending_after_drain,0.0
aggregate.fan_in.capacity.watermark.sustained_no_progress,0.0
aggregate.fan_in.capacity.watermark.activations,1564.2
aggregate.fan_in.capacity.watermark.blocked_ticks,1202.9333333333334
aggregate.fan_in.capacity.watermark.busy_ticks,12514.833333333334
aggregate.fan_in.capacity.watermark.atomic_publish_stalls,0.0
aggregate.fan_in.capacity.watermark.overflow_attempts,0.0
aggregate.fan_in.capacity.watermark.queue_cv,0.7702356406180296
aggregate.fan_in.capacity.watermark.queue_direction_reversals,161.33333333333334
aggregate.fan_in.capacity.watermark.source_fairness,0.9999811894046974
aggregate.fan_in.capacity.credit.generated_traces,841.7
aggregate.fan_in.capacity.credit.sink_completions,841.7
aggregate.fan_in.capacity.credit.throughput_per_1000_ticks,200.4047619047619
aggregate.fan_in.capacity.credit.p50_latency,30.066666666666666
aggregate.fan_in.capacity.credit.p95_latency,38.27166666666667
aggregate.fan_in.capacity.credit.p99_latency,41.025666666666666
aggregate.fan_in.capacity.credit.mean_latency,30.59721566459812
aggregate.fan_in.capacity.credit.max_node_queue,3.966666666666667
aggregate.fan_in.capacity.credit.max_external_backlog,0.0
aggregate.fan_in.capacity.credit.pending_after_drain,0.0
aggregate.fan_in.capacity.credit.sustained_no_progress,0.0
aggregate.fan_in.capacity.credit.activations,1564.2
aggregate.fan_in.capacity.credit.blocked_ticks,1202.9333333333334
aggregate.fan_in.capacity.credit.busy_ticks,12514.833333333334
aggregate.fan_in.capacity.credit.atomic_publish_stalls,0.0
aggregate.fan_in.capacity.credit.overflow_attempts,0.0
aggregate.fan_in.capacity.credit.queue_cv,0.7702356406180296
aggregate.fan_in.capacity.credit.queue_direction_reversals,161.33333333333334
aggregate.fan_in.capacity.credit.source_fairness,0.9999811894046974
aggregate.fan_in.capacity.pi.generated_traces,841.7
aggregate.fan_in.capacity.pi.sink_completions,841.7
aggregate.fan_in.capacity.pi.throughput_per_1000_ticks,200.4047619047619
aggregate.fan_in.capacity.pi.p50_latency,30.066666666666666
aggregate.fan_in.capacity.pi.p95_latency,38.27166666666667
aggregate.fan_in.capacity.pi.p99_latency,41.025666666666666
aggregate.fan_in.capacity.pi.mean_latency,30.59721566459812
aggregate.fan_in.capacity.pi.max_node_queue,3.966666666666667
aggregate.fan_in.capacity.pi.max_external_backlog,0.0
aggregate.fan_in.capacity.pi.pending_after_drain,0.0
aggregate.fan_in.capacity.pi.sustained_no_progress,0.0
aggregate.fan_in.capacity.pi.activations,1564.2
aggregate.fan_in.capacity.pi.blocked_ticks,1202.9333333333334
aggregate.fan_in.capacity.pi.busy_ticks,12514.833333333334
aggregate.fan_in.capacity.pi.atomic_publish_stalls,0.0
aggregate.fan_in.capacity.pi.overflow_attempts,0.0
aggregate.fan_in.capacity.pi.queue_cv,0.7702356406180296
aggregate.fan_in.capacity.pi.queue_direction_reversals,161.33333333333334
aggregate.fan_in.capacity.pi.source_fairness,0.9999811894046974
aggregate.fan_in.capacity.aimd:a=0.5:m=1.35.generated_traces,840.6
aggregate.fan_in.capacity.aimd:a=0.5:m=1.35.sink_completions,840.6
aggregate.fan_in.capacity.aimd:a=0.5:m=1.35.throughput_per_1000_ticks,200.14285714285714
aggregate.fan_in.capacity.aimd:a=0.5:m=1.35.p50_latency,5581.75
aggregate.fan_in.capacity.aimd:a=0.5:m=1.35.p95_latency,14383.025
aggregate.fan_in.capacity.aimd:a=0.5:m=1.35.p99_latency,14836.959
aggregate.fan_in.capacity.aimd:a=0.5:m=1.35.mean_latency,7195.1181331159605
aggregate.fan_in.capacity.aimd:a=0.5:m=1.35.max_node_queue,36.0
aggregate.fan_in.capacity.aimd:a=0.5:m=1.35.max_external_backlog,522.4
aggregate.fan_in.capacity.aimd:a=0.5:m=1.35.pending_after_drain,0.0
aggregate.fan_in.capacity.aimd:a=0.5:m=1.35.sustained_no_progress,0.0
aggregate.fan_in.capacity.aimd:a=0.5:m=1.35.activations,651.7333333333333
aggregate.fan_in.capacity.aimd:a=0.5:m=1.35.blocked_ticks,18167.2
aggregate.fan_in.capacity.aimd:a=0.5:m=1.35.busy_ticks,7471.566666666667
aggregate.fan_in.capacity.aimd:a=0.5:m=1.35.atomic_publish_stalls,17729.233333333334
aggregate.fan_in.capacity.aimd:a=0.5:m=1.35.overflow_attempts,0.0
aggregate.fan_in.capacity.aimd:a=0.5:m=1.35.queue_cv,0.31941795726120586
aggregate.fan_in.capacity.aimd:a=0.5:m=1.35.queue_direction_reversals,409.6
aggregate.fan_in.capacity.aimd:a=0.5:m=1.35.source_fairness,0.9999700143779354
aggregate.fan_in.capacity.aimd:a=0.5:m=1.8.generated_traces,841.4
aggregate.fan_in.capacity.aimd:a=0.5:m=1.8.sink_completions,841.4
aggregate.fan_in.capacity.aimd:a=0.5:m=1.8.throughput_per_1000_ticks,200.33333333333334
aggregate.fan_in.capacity.aimd:a=0.5:m=1.8.p50_latency,5895.3
aggregate.fan_in.capacity.aimd:a=0.5:m=1.8.p95_latency,14764.236666666666
aggregate.fan_in.capacity.aimd:a=0.5:m=1.8.p99_latency,15217.908
aggregate.fan_in.capacity.aimd:a=0.5:m=1.8.mean_latency,7556.570158139966
aggregate.fan_in.capacity.aimd:a=0.5:m=1.8.max_node_queue,36.0
aggregate.fan_in.capacity.aimd:a=0.5:m=1.8.max_external_backlog,538.2666666666667
aggregate.fan_in.capacity.aimd:a=0.5:m=1.8.pending_after_drain,0.0
aggregate.fan_in.capacity.aimd:a=0.5:m=1.8.sustained_no_progress,0.0
aggregate.fan_in.capacity.aimd:a=0.5:m=1.8.activations,644.5666666666667
aggregate.fan_in.capacity.aimd:a=0.5:m=1.8.blocked_ticks,21203.0
aggregate.fan_in.capacity.aimd:a=0.5:m=1.8.busy_ticks,7438.133333333333
aggregate.fan_in.capacity.aimd:a=0.5:m=1.8.atomic_publish_stalls,20771.466666666667
aggregate.fan_in.capacity.aimd:a=0.5:m=1.8.overflow_attempts,0.0
aggregate.fan_in.capacity.aimd:a=0.5:m=1.8.queue_cv,0.308215092754534
aggregate.fan_in.capacity.aimd:a=0.5:m=1.8.queue_direction_reversals,378.8
aggregate.fan_in.capacity.aimd:a=0.5:m=1.8.source_fairness,0.999974156242576
aggregate.fan_in.capacity.aimd:a=0.5:m=2.5.generated_traces,840.9
aggregate.fan_in.capacity.aimd:a=0.5:m=2.5.sink_completions,840.9
aggregate.fan_in.capacity.aimd:a=0.5:m=2.5.throughput_per_1000_ticks,200.21428571428572
aggregate.fan_in.capacity.aimd:a=0.5:m=2.5.p50_latency,5995.466666666666
aggregate.fan_in.capacity.aimd:a=0.5:m=2.5.p95_latency,14882.821666666665
aggregate.fan_in.capacity.aimd:a=0.5:m=2.5.p99_latency,15334.458
aggregate.fan_in.capacity.aimd:a=0.5:m=2.5.mean_latency,7678.496543717032
aggregate.fan_in.capacity.aimd:a=0.5:m=2.5.max_node_queue,36.0
aggregate.fan_in.capacity.aimd:a=0.5:m=2.5.max_external_backlog,543.5
aggregate.fan_in.capacity.aimd:a=0.5:m=2.5.pending_after_drain,0.0
aggregate.fan_in.capacity.aimd:a=0.5:m=2.5.sustained_no_progress,0.0
aggregate.fan_in.capacity.aimd:a=0.5:m=2.5.activations,641.3
aggregate.fan_in.capacity.aimd:a=0.5:m=2.5.blocked_ticks,21710.433333333334
aggregate.fan_in.capacity.aimd:a=0.5:m=2.5.busy_ticks,7413.033333333334
aggregate.fan_in.capacity.aimd:a=0.5:m=2.5.atomic_publish_stalls,21281.666666666668
aggregate.fan_in.capacity.aimd:a=0.5:m=2.5.overflow_attempts,0.0
aggregate.fan_in.capacity.aimd:a=0.5:m=2.5.queue_cv,0.3077308314406125
aggregate.fan_in.capacity.aimd:a=0.5:m=2.5.queue_direction_reversals,380.2
aggregate.fan_in.capacity.aimd:a=0.5:m=2.5.source_fairness,0.9999841109576303
aggregate.fan_in.capacity.aimd:a=1.0:m=1.35.generated_traces,840.6
aggregate.fan_in.capacity.aimd:a=1.0:m=1.35.sink_completions,840.6
aggregate.fan_in.capacity.aimd:a=1.0:m=1.35.throughput_per_1000_ticks,200.14285714285714
aggregate.fan_in.capacity.aimd:a=1.0:m=1.35.p50_latency,5581.75
aggregate.fan_in.capacity.aimd:a=1.0:m=1.35.p95_latency,14383.025
aggregate.fan_in.capacity.aimd:a=1.0:m=1.35.p99_latency,14836.959
aggregate.fan_in.capacity.aimd:a=1.0:m=1.35.mean_latency,7195.1181331159605
aggregate.fan_in.capacity.aimd:a=1.0:m=1.35.max_node_queue,36.0
aggregate.fan_in.capacity.aimd:a=1.0:m=1.35.max_external_backlog,522.4
aggregate.fan_in.capacity.aimd:a=1.0:m=1.35.pending_after_drain,0.0
aggregate.fan_in.capacity.aimd:a=1.0:m=1.35.sustained_no_progress,0.0
aggregate.fan_in.capacity.aimd:a=1.0:m=1.35.activations,651.7333333333333
aggregate.fan_in.capacity.aimd:a=1.0:m=1.35.blocked_ticks,18167.2
aggregate.fan_in.capacity.aimd:a=1.0:m=1.35.busy_ticks,7471.566666666667
aggregate.fan_in.capacity.aimd:a=1.0:m=1.35.atomic_publish_stalls,17729.233333333334
aggregate.fan_in.capacity.aimd:a=1.0:m=1.35.overflow_attempts,0.0
aggregate.fan_in.capacity.aimd:a=1.0:m=1.35.queue_cv,0.31941795726120586
aggregate.fan_in.capacity.aimd:a=1.0:m=1.35.queue_direction_reversals,409.6
aggregate.fan_in.capacity.aimd:a=1.0:m=1.35.source_fairness,0.9999700143779354
aggregate.fan_in.capacity.aimd:a=1.0:m=1.8.generated_traces,841.4
aggregate.fan_in.capacity.aimd:a=1.0:m=1.8.sink_completions,841.4
aggregate.fan_in.capacity.aimd:a=1.0:m=1.8.throughput_per_1000_ticks,200.33333333333334
aggregate.fan_in.capacity.aimd:a=1.0:m=1.8.p50_latency,5895.3
aggregate.fan_in.capacity.aimd:a=1.0:m=1.8.p95_latency,14764.236666666666
aggregate.fan_in.capacity.aimd:a=1.0:m=1.8.p99_latency,15217.908
aggregate.fan_in.capacity.aimd:a=1.0:m=1.8.mean_latency,7556.570158139966
aggregate.fan_in.capacity.aimd:a=1.0:m=1.8.max_node_queue,36.0
aggregate.fan_in.capacity.aimd:a=1.0:m=1.8.max_external_backlog,538.2666666666667
aggregate.fan_in.capacity.aimd:a=1.0:m=1.8.pending_after_drain,0.0
aggregate.fan_in.capacity.aimd:a=1.0:m=1.8.sustained_no_progress,0.0
aggregate.fan_in.capacity.aimd:a=1.0:m=1.8.activations,644.5666666666667
aggregate.fan_in.capacity.aimd:a=1.0:m=1.8.blocked_ticks,21203.0
aggregate.fan_in.capacity.aimd:a=1.0:m=1.8.busy_ticks,7438.133333333333
aggregate.fan_in.capacity.aimd:a=1.0:m=1.8.atomic_publish_stalls,20771.466666666667
aggregate.fan_in.capacity.aimd:a=1.0:m=1.8.overflow_attempts,0.0
aggregate.fan_in.capacity.aimd:a=1.0:m=1.8.queue_cv,0.308215092754534
aggregate.fan_in.capacity.aimd:a=1.0:m=1.8.queue_direction_reversals,378.8
aggregate.fan_in.capacity.aimd:a=1.0:m=1.8.source_fairness,0.999974156242576
aggregate.fan_in.capacity.aimd:a=1.0:m=2.5.generated_traces,840.9
aggregate.fan_in.capacity.aimd:a=1.0:m=2.5.sink_completions,840.9
aggregate.fan_in.capacity.aimd:a=1.0:m=2.5.throughput_per_1000_ticks,200.21428571428572
aggregate.fan_in.capacity.aimd:a=1.0:m=2.5.p50_latency,5995.466666666666
aggregate.fan_in.capacity.aimd:a=1.0:m=2.5.p95_latency,14882.821666666665
aggregate.fan_in.capacity.aimd:a=1.0:m=2.5.p99_latency,15334.458
aggregate.fan_in.capacity.aimd:a=1.0:m=2.5.mean_latency,7678.496543717032
aggregate.fan_in.capacity.aimd:a=1.0:m=2.5.max_node_queue,36.0
aggregate.fan_in.capacity.aimd:a=1.0:m=2.5.max_external_backlog,543.5
aggregate.fan_in.capacity.aimd:a=1.0:m=2.5.pending_after_drain,0.0
aggregate.fan_in.capacity.aimd:a=1.0:m=2.5.sustained_no_progress,0.0
aggregate.fan_in.capacity.aimd:a=1.0:m=2.5.activations,641.3
aggregate.fan_in.capacity.aimd:a=1.0:m=2.5.blocked_ticks,21710.433333333334
aggregate.fan_in.capacity.aimd:a=1.0:m=2.5.busy_ticks,7413.033333333334
aggregate.fan_in.capacity.aimd:a=1.0:m=2.5.atomic_publish_stalls,21281.666666666668
aggregate.fan_in.capacity.aimd:a=1.0:m=2.5.overflow_attempts,0.0
aggregate.fan_in.capacity.aimd:a=1.0:m=2.5.queue_cv,0.3077308314406125
aggregate.fan_in.capacity.aimd:a=1.0:m=2.5.queue_direction_reversals,380.2
aggregate.fan_in.capacity.aimd:a=1.0:m=2.5.source_fairness,0.9999841109576303
aggregate.fan_in.capacity.aimd:a=2.0:m=1.35.generated_traces,840.6
aggregate.fan_in.capacity.aimd:a=2.0:m=1.35.sink_completions,840.6
aggregate.fan_in.capacity.aimd:a=2.0:m=1.35.throughput_per_1000_ticks,200.14285714285714
aggregate.fan_in.capacity.aimd:a=2.0:m=1.35.p50_latency,5581.75
aggregate.fan_in.capacity.aimd:a=2.0:m=1.35.p95_latency,14383.025
aggregate.fan_in.capacity.aimd:a=2.0:m=1.35.p99_latency,14836.959
aggregate.fan_in.capacity.aimd:a=2.0:m=1.35.mean_latency,7195.1181331159605
aggregate.fan_in.capacity.aimd:a=2.0:m=1.35.max_node_queue,36.0
aggregate.fan_in.capacity.aimd:a=2.0:m=1.35.max_external_backlog,522.4
aggregate.fan_in.capacity.aimd:a=2.0:m=1.35.pending_after_drain,0.0
aggregate.fan_in.capacity.aimd:a=2.0:m=1.35.sustained_no_progress,0.0
aggregate.fan_in.capacity.aimd:a=2.0:m=1.35.activations,651.7333333333333
aggregate.fan_in.capacity.aimd:a=2.0:m=1.35.blocked_ticks,18167.2
aggregate.fan_in.capacity.aimd:a=2.0:m=1.35.busy_ticks,7471.566666666667
aggregate.fan_in.capacity.aimd:a=2.0:m=1.35.atomic_publish_stalls,17729.233333333334
aggregate.fan_in.capacity.aimd:a=2.0:m=1.35.overflow_attempts,0.0
aggregate.fan_in.capacity.aimd:a=2.0:m=1.35.queue_cv,0.31941795726120586
aggregate.fan_in.capacity.aimd:a=2.0:m=1.35.queue_direction_reversals,409.6
aggregate.fan_in.capacity.aimd:a=2.0:m=1.35.source_fairness,0.9999700143779354
aggregate.fan_in.capacity.aimd:a=2.0:m=1.8.generated_traces,841.4
aggregate.fan_in.capacity.aimd:a=2.0:m=1.8.sink_completions,841.4
aggregate.fan_in.capacity.aimd:a=2.0:m=1.8.throughput_per_1000_ticks,200.33333333333334
aggregate.fan_in.capacity.aimd:a=2.0:m=1.8.p50_latency,5895.3
aggregate.fan_in.capacity.aimd:a=2.0:m=1.8.p95_latency,14764.236666666666
aggregate.fan_in.capacity.aimd:a=2.0:m=1.8.p99_latency,15217.908
aggregate.fan_in.capacity.aimd:a=2.0:m=1.8.mean_latency,7556.570158139966
aggregate.fan_in.capacity.aimd:a=2.0:m=1.8.max_node_queue,36.0
aggregate.fan_in.capacity.aimd:a=2.0:m=1.8.max_external_backlog,538.2666666666667
aggregate.fan_in.capacity.aimd:a=2.0:m=1.8.pending_after_drain,0.0
aggregate.fan_in.capacity.aimd:a=2.0:m=1.8.sustained_no_progress,0.0
aggregate.fan_in.capacity.aimd:a=2.0:m=1.8.activations,644.5666666666667
aggregate.fan_in.capacity.aimd:a=2.0:m=1.8.blocked_ticks,21203.0
aggregate.fan_in.capacity.aimd:a=2.0:m=1.8.busy_ticks,7438.133333333333
aggregate.fan_in.capacity.aimd:a=2.0:m=1.8.atomic_publish_stalls,20771.466666666667
aggregate.fan_in.capacity.aimd:a=2.0:m=1.8.overflow_attempts,0.0
aggregate.fan_in.capacity.aimd:a=2.0:m=1.8.queue_cv,0.308215092754534
aggregate.fan_in.capacity.aimd:a=2.0:m=1.8.queue_direction_reversals,378.8
aggregate.fan_in.capacity.aimd:a=2.0:m=1.8.source_fairness,0.999974156242576
aggregate.fan_in.capacity.aimd:a=2.0:m=2.5.generated_traces,840.9
aggregate.fan_in.capacity.aimd:a=2.0:m=2.5.sink_completions,840.9
aggregate.fan_in.capacity.aimd:a=2.0:m=2.5.throughput_per_1000_ticks,200.21428571428572
aggregate.fan_in.capacity.aimd:a=2.0:m=2.5.p50_latency,5995.466666666666
aggregate.fan_in.capacity.aimd:a=2.0:m=2.5.p95_latency,14882.821666666665
aggregate.fan_in.capacity.aimd:a=2.0:m=2.5.p99_latency,15334.458
aggregate.fan_in.capacity.aimd:a=2.0:m=2.5.mean_latency,7678.496543717032
aggregate.fan_in.capacity.aimd:a=2.0:m=2.5.max_node_queue,36.0
aggregate.fan_in.capacity.aimd:a=2.0:m=2.5.max_external_backlog,543.5
aggregate.fan_in.capacity.aimd:a=2.0:m=2.5.pending_after_drain,0.0
aggregate.fan_in.capacity.aimd:a=2.0:m=2.5.sustained_no_progress,0.0
aggregate.fan_in.capacity.aimd:a=2.0:m=2.5.activations,641.3
aggregate.fan_in.capacity.aimd:a=2.0:m=2.5.blocked_ticks,21710.433333333334
aggregate.fan_in.capacity.aimd:a=2.0:m=2.5.busy_ticks,7413.033333333334
aggregate.fan_in.capacity.aimd:a=2.0:m=2.5.atomic_publish_stalls,21281.666666666668
aggregate.fan_in.capacity.aimd:a=2.0:m=2.5.overflow_attempts,0.0
aggregate.fan_in.capacity.aimd:a=2.0:m=2.5.queue_cv,0.3077308314406125
aggregate.fan_in.capacity.aimd:a=2.0:m=2.5.queue_direction_reversals,380.2
aggregate.fan_in.capacity.aimd:a=2.0:m=2.5.source_fairness,0.9999841109576303
aggregate.fan_in.over.reactive.generated_traces,1863.5333333333333
aggregate.fan_in.over.reactive.sink_completions,1863.5333333333333
aggregate.fan_in.over.reactive.throughput_per_1000_ticks,443.6984126984127
aggregate.fan_in.over.reactive.p50_latency,217.06666666666666
aggregate.fan_in.over.reactive.p95_latency,3286.7966666666666
aggregate.fan_in.over.reactive.p99_latency,3339.807333333333
aggregate.fan_in.over.reactive.mean_latency,1430.9844079337374
aggregate.fan_in.over.reactive.max_node_queue,36.0
aggregate.fan_in.over.reactive.max_external_backlog,665.4333333333333
aggregate.fan_in.over.reactive.pending_after_drain,0.0
aggregate.fan_in.over.reactive.sustained_no_progress,0.0
aggregate.fan_in.over.reactive.activations,1435.7
aggregate.fan_in.over.reactive.blocked_ticks,5121.033333333334
aggregate.fan_in.over.reactive.busy_ticks,16531.8
aggregate.fan_in.over.reactive.atomic_publish_stalls,4152.966666666666
aggregate.fan_in.over.reactive.overflow_attempts,0.0
aggregate.fan_in.over.reactive.queue_cv,0.21202185715294594
aggregate.fan_in.over.reactive.queue_direction_reversals,372.2
aggregate.fan_in.over.reactive.source_fairness,0.9999680238122983
aggregate.fan_in.over.watermark.generated_traces,1866.3
aggregate.fan_in.over.watermark.sink_completions,1866.3
aggregate.fan_in.over.watermark.throughput_per_1000_ticks,444.3571428571429
aggregate.fan_in.over.watermark.p50_latency,1381.0166666666667
aggregate.fan_in.over.watermark.p95_latency,2840.7566666666667
aggregate.fan_in.over.watermark.p99_latency,2924.3786666666665
aggregate.fan_in.over.watermark.mean_latency,1435.6394696577527
aggregate.fan_in.over.watermark.max_node_queue,36.0
aggregate.fan_in.over.watermark.max_external_backlog,659.5666666666667
aggregate.fan_in.over.watermark.pending_after_drain,0.0
aggregate.fan_in.over.watermark.sustained_no_progress,0.0
aggregate.fan_in.over.watermark.activations,1414.9
aggregate.fan_in.over.watermark.blocked_ticks,946.4666666666667
aggregate.fan_in.over.watermark.busy_ticks,16429.5
aggregate.fan_in.over.watermark.atomic_publish_stalls,0.0
aggregate.fan_in.over.watermark.overflow_attempts,0.0
aggregate.fan_in.over.watermark.queue_cv,0.2510638496114522
aggregate.fan_in.over.watermark.queue_direction_reversals,163.86666666666667
aggregate.fan_in.over.watermark.source_fairness,0.9999724278819904
aggregate.fan_in.over.credit.generated_traces,1863.9333333333334
aggregate.fan_in.over.credit.sink_completions,1863.9333333333334
aggregate.fan_in.over.credit.throughput_per_1000_ticks,443.7936507936508
aggregate.fan_in.over.credit.p50_latency,1425.3666666666666
aggregate.fan_in.over.credit.p95_latency,2679.0333333333333
aggregate.fan_in.over.credit.p99_latency,2813.601666666667
aggregate.fan_in.over.credit.mean_latency,1427.9531182648616
aggregate.fan_in.over.credit.max_node_queue,36.0
aggregate.fan_in.over.credit.max_external_backlog,639.8333333333334
aggregate.fan_in.over.credit.pending_after_drain,0.0
aggregate.fan_in.over.credit.sustained_no_progress,0.0
aggregate.fan_in.over.credit.activations,1414.4666666666667
aggregate.fan_in.over.credit.blocked_ticks,1122.9666666666667
aggregate.fan_in.over.credit.busy_ticks,16410.1
aggregate.fan_in.over.credit.atomic_publish_stalls,176.26666666666668
aggregate.fan_in.over.credit.overflow_attempts,0.0
aggregate.fan_in.over.credit.queue_cv,0.23261085494972372
aggregate.fan_in.over.credit.queue_direction_reversals,432.1333333333333
aggregate.fan_in.over.credit.source_fairness,0.999964336012958
aggregate.fan_in.over.pi.generated_traces,1864.3333333333333
aggregate.fan_in.over.pi.sink_completions,1864.3333333333333
aggregate.fan_in.over.pi.throughput_per_1000_ticks,443.88888888888886
aggregate.fan_in.over.pi.p50_latency,1429.9833333333333
aggregate.fan_in.over.pi.p95_latency,2686.4333333333334
aggregate.fan_in.over.pi.p99_latency,2808.9333333333334
aggregate.fan_in.over.pi.mean_latency,1431.0528033072455
aggregate.fan_in.over.pi.max_node_queue,36.0
aggregate.fan_in.over.pi.max_external_backlog,656.6
aggregate.fan_in.over.pi.pending_after_drain,0.0
aggregate.fan_in.over.pi.sustained_no_progress,0.0
aggregate.fan_in.over.pi.activations,1412.4666666666667
aggregate.fan_in.over.pi.blocked_ticks,960.3666666666667
aggregate.fan_in.over.pi.busy_ticks,16401.166666666668
aggregate.fan_in.over.pi.atomic_publish_stalls,15.7
aggregate.fan_in.over.pi.overflow_attempts,0.0
aggregate.fan_in.over.pi.queue_cv,0.21800537618273358
aggregate.fan_in.over.pi.queue_direction_reversals,222.93333333333334
aggregate.fan_in.over.pi.source_fairness,0.9999568781253347
aggregate.fan_in.over.aimd:a=0.5:m=1.35.generated_traces,1865.6
aggregate.fan_in.over.aimd:a=0.5:m=1.35.sink_completions,890.7
aggregate.fan_in.over.aimd:a=0.5:m=1.35.throughput_per_1000_ticks,212.07142857142856
aggregate.fan_in.over.aimd:a=0.5:m=1.35.p50_latency,7877.683333333333
aggregate.fan_in.over.aimd:a=0.5:m=1.35.p95_latency,15470.541666666666
aggregate.fan_in.over.aimd:a=0.5:m=1.35.p99_latency,16152.980000000001
aggregate.fan_in.over.aimd:a=0.5:m=1.35.mean_latency,7894.408856872243
aggregate.fan_in.over.aimd:a=0.5:m=1.35.max_node_queue,36.0
aggregate.fan_in.over.aimd:a=0.5:m=1.35.max_external_backlog,1541.3666666666666
aggregate.fan_in.over.aimd:a=0.5:m=1.35.pending_after_drain,974.9
aggregate.fan_in.over.aimd:a=0.5:m=1.35.sustained_no_progress,0.0
aggregate.fan_in.over.aimd:a=0.5:m=1.35.activations,686.1
aggregate.fan_in.over.aimd:a=0.5:m=1.35.blocked_ticks,32338.966666666667
aggregate.fan_in.over.aimd:a=0.5:m=1.35.busy_ticks,7987.466666666666
aggregate.fan_in.over.aimd:a=0.5:m=1.35.atomic_publish_stalls,31878.966666666667
aggregate.fan_in.over.aimd:a=0.5:m=1.35.overflow_attempts,0.0
aggregate.fan_in.over.aimd:a=0.5:m=1.35.queue_cv,0.0891748556919477
aggregate.fan_in.over.aimd:a=0.5:m=1.35.queue_direction_reversals,415.6333333333333
aggregate.fan_in.over.aimd:a=0.5:m=1.35.source_fairness,0.5489597022665738
aggregate.fan_in.over.aimd:a=0.5:m=1.8.generated_traces,1864.9666666666667
aggregate.fan_in.over.aimd:a=0.5:m=1.8.sink_completions,874.1333333333333
aggregate.fan_in.over.aimd:a=0.5:m=1.8.throughput_per_1000_ticks,208.12698412698413
aggregate.fan_in.over.aimd:a=0.5:m=1.8.p50_latency,8152.516666666666
aggregate.fan_in.over.aimd:a=0.5:m=1.8.p95_latency,15620.406666666664
aggregate.fan_in.over.aimd:a=0.5:m=1.8.p99_latency,16279.394
aggregate.fan_in.over.aimd:a=0.5:m=1.8.mean_latency,8157.731431056373
aggregate.fan_in.over.aimd:a=0.5:m=1.8.max_node_queue,36.0
aggregate.fan_in.over.aimd:a=0.5:m=1.8.max_external_backlog,1556.8666666666666
aggregate.fan_in.over.aimd:a=0.5:m=1.8.pending_after_drain,990.8333333333334
aggregate.fan_in.over.aimd:a=0.5:m=1.8.sustained_no_progress,0.0
aggregate.fan_in.over.aimd:a=0.5:m=1.8.activations,672.1666666666666
aggregate.fan_in.over.aimd:a=0.5:m=1.8.blocked_ticks,34056.433333333334
aggregate.fan_in.over.aimd:a=0.5:m=1.8.busy_ticks,7835.2
aggregate.fan_in.over.aimd:a=0.5:m=1.8.atomic_publish_stalls,33606.166666666664
aggregate.fan_in.over.aimd:a=0.5:m=1.8.overflow_attempts,0.0
aggregate.fan_in.over.aimd:a=0.5:m=1.8.queue_cv,0.08312316572176813
aggregate.fan_in.over.aimd:a=0.5:m=1.8.queue_direction_reversals,417.8333333333333
aggregate.fan_in.over.aimd:a=0.5:m=1.8.source_fairness,0.5484264231851752
aggregate.fan_in.over.aimd:a=0.5:m=2.5.generated_traces,1866.0333333333333
aggregate.fan_in.over.aimd:a=0.5:m=2.5.sink_completions,866.4333333333333
aggregate.fan_in.over.aimd:a=0.5:m=2.5.throughput_per_1000_ticks,206.29365079365078
aggregate.fan_in.over.aimd:a=0.5:m=2.5.p50_latency,8245.266666666666
aggregate.fan_in.over.aimd:a=0.5:m=2.5.p95_latency,15670.795
aggregate.fan_in.over.aimd:a=0.5:m=2.5.p99_latency,16303.297333333332
aggregate.fan_in.over.aimd:a=0.5:m=2.5.mean_latency,8250.560778514431
aggregate.fan_in.over.aimd:a=0.5:m=2.5.max_node_queue,36.0
aggregate.fan_in.over.aimd:a=0.5:m=2.5.max_external_backlog,1564.6333333333334
aggregate.fan_in.over.aimd:a=0.5:m=2.5.pending_after_drain,999.6
aggregate.fan_in.over.aimd:a=0.5:m=2.5.sustained_no_progress,0.0
aggregate.fan_in.over.aimd:a=0.5:m=2.5.activations,666.0666666666667
aggregate.fan_in.over.aimd:a=0.5:m=2.5.blocked_ticks,34162.066666666666
aggregate.fan_in.over.aimd:a=0.5:m=2.5.busy_ticks,7767.533333333334
aggregate.fan_in.over.aimd:a=0.5:m=2.5.atomic_publish_stalls,33715.96666666667
aggregate.fan_in.over.aimd:a=0.5:m=2.5.overflow_attempts,0.0
aggregate.fan_in.over.aimd:a=0.5:m=2.5.queue_cv,0.08093991992447867
aggregate.fan_in.over.aimd:a=0.5:m=2.5.queue_direction_reversals,418.43333333333334
aggregate.fan_in.over.aimd:a=0.5:m=2.5.source_fairness,0.5479097056233436
aggregate.fan_in.over.aimd:a=1.0:m=1.35.generated_traces,1865.6
aggregate.fan_in.over.aimd:a=1.0:m=1.35.sink_completions,890.7
aggregate.fan_in.over.aimd:a=1.0:m=1.35.throughput_per_1000_ticks,212.07142857142856
aggregate.fan_in.over.aimd:a=1.0:m=1.35.p50_latency,7877.683333333333
aggregate.fan_in.over.aimd:a=1.0:m=1.35.p95_latency,15470.541666666666
aggregate.fan_in.over.aimd:a=1.0:m=1.35.p99_latency,16152.980000000001
aggregate.fan_in.over.aimd:a=1.0:m=1.35.mean_latency,7894.408856872243
aggregate.fan_in.over.aimd:a=1.0:m=1.35.max_node_queue,36.0
aggregate.fan_in.over.aimd:a=1.0:m=1.35.max_external_backlog,1541.3666666666666
aggregate.fan_in.over.aimd:a=1.0:m=1.35.pending_after_drain,974.9
aggregate.fan_in.over.aimd:a=1.0:m=1.35.sustained_no_progress,0.0
aggregate.fan_in.over.aimd:a=1.0:m=1.35.activations,686.1
aggregate.fan_in.over.aimd:a=1.0:m=1.35.blocked_ticks,32338.966666666667
aggregate.fan_in.over.aimd:a=1.0:m=1.35.busy_ticks,7987.466666666666
aggregate.fan_in.over.aimd:a=1.0:m=1.35.atomic_publish_stalls,31878.966666666667
aggregate.fan_in.over.aimd:a=1.0:m=1.35.overflow_attempts,0.0
aggregate.fan_in.over.aimd:a=1.0:m=1.35.queue_cv,0.0891748556919477
aggregate.fan_in.over.aimd:a=1.0:m=1.35.queue_direction_reversals,415.6333333333333
aggregate.fan_in.over.aimd:a=1.0:m=1.35.source_fairness,0.5489597022665738
aggregate.fan_in.over.aimd:a=1.0:m=1.8.generated_traces,1864.9666666666667
aggregate.fan_in.over.aimd:a=1.0:m=1.8.sink_completions,874.1333333333333
aggregate.fan_in.over.aimd:a=1.0:m=1.8.throughput_per_1000_ticks,208.12698412698413
aggregate.fan_in.over.aimd:a=1.0:m=1.8.p50_latency,8152.516666666666
aggregate.fan_in.over.aimd:a=1.0:m=1.8.p95_latency,15620.406666666664
aggregate.fan_in.over.aimd:a=1.0:m=1.8.p99_latency,16279.394
aggregate.fan_in.over.aimd:a=1.0:m=1.8.mean_latency,8157.731431056373
aggregate.fan_in.over.aimd:a=1.0:m=1.8.max_node_queue,36.0
aggregate.fan_in.over.aimd:a=1.0:m=1.8.max_external_backlog,1556.8666666666666
aggregate.fan_in.over.aimd:a=1.0:m=1.8.pending_after_drain,990.8333333333334
aggregate.fan_in.over.aimd:a=1.0:m=1.8.sustained_no_progress,0.0
aggregate.fan_in.over.aimd:a=1.0:m=1.8.activations,672.1666666666666
aggregate.fan_in.over.aimd:a=1.0:m=1.8.blocked_ticks,34056.433333333334
aggregate.fan_in.over.aimd:a=1.0:m=1.8.busy_ticks,7835.2
aggregate.fan_in.over.aimd:a=1.0:m=1.8.atomic_publish_stalls,33606.166666666664
aggregate.fan_in.over.aimd:a=1.0:m=1.8.overflow_attempts,0.0
aggregate.fan_in.over.aimd:a=1.0:m=1.8.queue_cv,0.08312316572176813
aggregate.fan_in.over.aimd:a=1.0:m=1.8.queue_direction_reversals,417.8333333333333
aggregate.fan_in.over.aimd:a=1.0:m=1.8.source_fairness,0.5484264231851752
aggregate.fan_in.over.aimd:a=1.0:m=2.5.generated_traces,1866.0333333333333
aggregate.fan_in.over.aimd:a=1.0:m=2.5.sink_completions,866.4333333333333
aggregate.fan_in.over.aimd:a=1.0:m=2.5.throughput_per_1000_ticks,206.29365079365078
aggregate.fan_in.over.aimd:a=1.0:m=2.5.p50_latency,8245.266666666666
aggregate.fan_in.over.aimd:a=1.0:m=2.5.p95_latency,15670.795
aggregate.fan_in.over.aimd:a=1.0:m=2.5.p99_latency,16303.297333333332
aggregate.fan_in.over.aimd:a=1.0:m=2.5.mean_latency,8250.560778514431
aggregate.fan_in.over.aimd:a=1.0:m=2.5.max_node_queue,36.0
aggregate.fan_in.over.aimd:a=1.0:m=2.5.max_external_backlog,1564.6333333333334
aggregate.fan_in.over.aimd:a=1.0:m=2.5.pending_after_drain,999.6
aggregate.fan_in.over.aimd:a=1.0:m=2.5.sustained_no_progress,0.0
aggregate.fan_in.over.aimd:a=1.0:m=2.5.activations,666.0666666666667
aggregate.fan_in.over.aimd:a=1.0:m=2.5.blocked_ticks,34162.066666666666
aggregate.fan_in.over.aimd:a=1.0:m=2.5.busy_ticks,7767.533333333334
aggregate.fan_in.over.aimd:a=1.0:m=2.5.atomic_publish_stalls,33715.96666666667
aggregate.fan_in.over.aimd:a=1.0:m=2.5.overflow_attempts,0.0
aggregate.fan_in.over.aimd:a=1.0:m=2.5.queue_cv,0.08093991992447867
aggregate.fan_in.over.aimd:a=1.0:m=2.5.queue_direction_reversals,418.43333333333334
aggregate.fan_in.over.aimd:a=1.0:m=2.5.source_fairness,0.5479097056233436
aggregate.fan_in.over.aimd:a=2.0:m=1.35.generated_traces,1865.6
aggregate.fan_in.over.aimd:a=2.0:m=1.35.sink_completions,890.7
aggregate.fan_in.over.aimd:a=2.0:m=1.35.throughput_per_1000_ticks,212.07142857142856
aggregate.fan_in.over.aimd:a=2.0:m=1.35.p50_latency,7877.683333333333
aggregate.fan_in.over.aimd:a=2.0:m=1.35.p95_latency,15470.541666666666
aggregate.fan_in.over.aimd:a=2.0:m=1.35.p99_latency,16152.980000000001
aggregate.fan_in.over.aimd:a=2.0:m=1.35.mean_latency,7894.408856872243
aggregate.fan_in.over.aimd:a=2.0:m=1.35.max_node_queue,36.0
aggregate.fan_in.over.aimd:a=2.0:m=1.35.max_external_backlog,1541.3666666666666
aggregate.fan_in.over.aimd:a=2.0:m=1.35.pending_after_drain,974.9
aggregate.fan_in.over.aimd:a=2.0:m=1.35.sustained_no_progress,0.0
aggregate.fan_in.over.aimd:a=2.0:m=1.35.activations,686.1
aggregate.fan_in.over.aimd:a=2.0:m=1.35.blocked_ticks,32338.966666666667
aggregate.fan_in.over.aimd:a=2.0:m=1.35.busy_ticks,7987.466666666666
aggregate.fan_in.over.aimd:a=2.0:m=1.35.atomic_publish_stalls,31878.966666666667
aggregate.fan_in.over.aimd:a=2.0:m=1.35.overflow_attempts,0.0
aggregate.fan_in.over.aimd:a=2.0:m=1.35.queue_cv,0.0891748556919477
aggregate.fan_in.over.aimd:a=2.0:m=1.35.queue_direction_reversals,415.6333333333333
aggregate.fan_in.over.aimd:a=2.0:m=1.35.source_fairness,0.5489597022665738
aggregate.fan_in.over.aimd:a=2.0:m=1.8.generated_traces,1864.9666666666667
aggregate.fan_in.over.aimd:a=2.0:m=1.8.sink_completions,874.1333333333333
aggregate.fan_in.over.aimd:a=2.0:m=1.8.throughput_per_1000_ticks,208.12698412698413
aggregate.fan_in.over.aimd:a=2.0:m=1.8.p50_latency,8152.516666666666
aggregate.fan_in.over.aimd:a=2.0:m=1.8.p95_latency,15620.406666666664
aggregate.fan_in.over.aimd:a=2.0:m=1.8.p99_latency,16279.394
aggregate.fan_in.over.aimd:a=2.0:m=1.8.mean_latency,8157.731431056373
aggregate.fan_in.over.aimd:a=2.0:m=1.8.max_node_queue,36.0
aggregate.fan_in.over.aimd:a=2.0:m=1.8.max_external_backlog,1556.8666666666666
aggregate.fan_in.over.aimd:a=2.0:m=1.8.pending_after_drain,990.8333333333334
aggregate.fan_in.over.aimd:a=2.0:m=1.8.sustained_no_progress,0.0
aggregate.fan_in.over.aimd:a=2.0:m=1.8.activations,672.1666666666666
aggregate.fan_in.over.aimd:a=2.0:m=1.8.blocked_ticks,34056.433333333334
aggregate.fan_in.over.aimd:a=2.0:m=1.8.busy_ticks,7835.2
aggregate.fan_in.over.aimd:a=2.0:m=1.8.atomic_publish_stalls,33606.166666666664
aggregate.fan_in.over.aimd:a=2.0:m=1.8.overflow_attempts,0.0
aggregate.fan_in.over.aimd:a=2.0:m=1.8.queue_cv,0.08312316572176813
aggregate.fan_in.over.aimd:a=2.0:m=1.8.queue_direction_reversals,417.8333333333333
aggregate.fan_in.over.aimd:a=2.0:m=1.8.source_fairness,0.5484264231851752
aggregate.fan_in.over.aimd:a=2.0:m=2.5.generated_traces,1866.0333333333333
aggregate.fan_in.over.aimd:a=2.0:m=2.5.sink_completions,866.4333333333333
aggregate.fan_in.over.aimd:a=2.0:m=2.5.throughput_per_1000_ticks,206.29365079365078
aggregate.fan_in.over.aimd:a=2.0:m=2.5.p50_latency,8245.266666666666
aggregate.fan_in.over.aimd:a=2.0:m=2.5.p95_latency,15670.795
aggregate.fan_in.over.aimd:a=2.0:m=2.5.p99_latency,16303.297333333332
aggregate.fan_in.over.aimd:a=2.0:m=2.5.mean_latency,8250.560778514431
aggregate.fan_in.over.aimd:a=2.0:m=2.5.max_node_queue,36.0
aggregate.fan_in.over.aimd:a=2.0:m=2.5.max_external_backlog,1564.6333333333334
aggregate.fan_in.over.aimd:a=2.0:m=2.5.pending_after_drain,999.6
aggregate.fan_in.over.aimd:a=2.0:m=2.5.sustained_no_progress,0.0
aggregate.fan_in.over.aimd:a=2.0:m=2.5.activations,666.0666666666667
aggregate.fan_in.over.aimd:a=2.0:m=2.5.blocked_ticks,34162.066666666666
aggregate.fan_in.over.aimd:a=2.0:m=2.5.busy_ticks,7767.533333333334
aggregate.fan_in.over.aimd:a=2.0:m=2.5.atomic_publish_stalls,33715.96666666667
aggregate.fan_in.over.aimd:a=2.0:m=2.5.overflow_attempts,0.0
aggregate.fan_in.over.aimd:a=2.0:m=2.5.queue_cv,0.08093991992447867
aggregate.fan_in.over.aimd:a=2.0:m=2.5.queue_direction_reversals,418.43333333333334
aggregate.fan_in.over.aimd:a=2.0:m=2.5.source_fairness,0.5479097056233436
aggregate.fan_out.under.reactive.generated_traces,221.6
aggregate.fan_out.under.reactive.sink_completions,443.2
aggregate.fan_out.under.reactive.throughput_per_1000_ticks,105.52380952380953
aggregate.fan_out.under.reactive.p50_latency,24.5
aggregate.fan_out.under.reactive.p95_latency,33.798333333333325
aggregate.fan_out.under.reactive.p99_latency,37.066
aggregate.fan_out.under.reactive.mean_latency,25.277994000187086
aggregate.fan_out.under.reactive.max_node_queue,1.0333333333333334
aggregate.fan_out.under.reactive.max_external_backlog,0.0
aggregate.fan_out.under.reactive.pending_after_drain,0.0
aggregate.fan_out.under.reactive.sustained_no_progress,0.0
aggregate.fan_out.under.reactive.activations,1107.9333333333334
aggregate.fan_out.under.reactive.blocked_ticks,664.7666666666667
aggregate.fan_out.under.reactive.busy_ticks,9084.7
aggregate.fan_out.under.reactive.atomic_publish_stalls,0.0
aggregate.fan_out.under.reactive.overflow_attempts,0.0
aggregate.fan_out.under.reactive.queue_cv,3.5402199455717414
aggregate.fan_out.under.reactive.queue_direction_reversals,63.733333333333334
aggregate.fan_out.under.reactive.source_fairness,1.0
aggregate.fan_out.under.watermark.generated_traces,221.6
aggregate.fan_out.under.watermark.sink_completions,443.2
aggregate.fan_out.under.watermark.throughput_per_1000_ticks,105.52380952380953
aggregate.fan_out.under.watermark.p50_latency,24.5
aggregate.fan_out.under.watermark.p95_latency,33.798333333333325
aggregate.fan_out.under.watermark.p99_latency,37.066
aggregate.fan_out.under.watermark.mean_latency,25.277994000187086
aggregate.fan_out.under.watermark.max_node_queue,1.0333333333333334
aggregate.fan_out.under.watermark.max_external_backlog,0.0
aggregate.fan_out.under.watermark.pending_after_drain,0.0
aggregate.fan_out.under.watermark.sustained_no_progress,0.0
aggregate.fan_out.under.watermark.activations,1107.9333333333334
aggregate.fan_out.under.watermark.blocked_ticks,664.7666666666667
aggregate.fan_out.under.watermark.busy_ticks,9084.7
aggregate.fan_out.under.watermark.atomic_publish_stalls,0.0
aggregate.fan_out.under.watermark.overflow_attempts,0.0
aggregate.fan_out.under.watermark.queue_cv,3.5402199455717414
aggregate.fan_out.under.watermark.queue_direction_reversals,63.733333333333334
aggregate.fan_out.under.watermark.source_fairness,1.0
aggregate.fan_out.under.credit.generated_traces,221.6
aggregate.fan_out.under.credit.sink_completions,443.2
aggregate.fan_out.under.credit.throughput_per_1000_ticks,105.52380952380953
aggregate.fan_out.under.credit.p50_latency,24.5
aggregate.fan_out.under.credit.p95_latency,33.798333333333325
aggregate.fan_out.under.credit.p99_latency,37.066
aggregate.fan_out.under.credit.mean_latency,25.277994000187086
aggregate.fan_out.under.credit.max_node_queue,1.0333333333333334
aggregate.fan_out.under.credit.max_external_backlog,0.0
aggregate.fan_out.under.credit.pending_after_drain,0.0
aggregate.fan_out.under.credit.sustained_no_progress,0.0
aggregate.fan_out.under.credit.activations,1107.9333333333334
aggregate.fan_out.under.credit.blocked_ticks,664.7666666666667
aggregate.fan_out.under.credit.busy_ticks,9084.7
aggregate.fan_out.under.credit.atomic_publish_stalls,0.0
aggregate.fan_out.under.credit.overflow_attempts,0.0
aggregate.fan_out.under.credit.queue_cv,3.5402199455717414
aggregate.fan_out.under.credit.queue_direction_reversals,63.733333333333334
aggregate.fan_out.under.credit.source_fairness,1.0
aggregate.fan_out.under.pi.generated_traces,221.6
aggregate.fan_out.under.pi.sink_completions,443.2
aggregate.fan_out.under.pi.throughput_per_1000_ticks,105.52380952380953
aggregate.fan_out.under.pi.p50_latency,24.5
aggregate.fan_out.under.pi.p95_latency,33.798333333333325
aggregate.fan_out.under.pi.p99_latency,37.066
aggregate.fan_out.under.pi.mean_latency,25.277994000187086
aggregate.fan_out.under.pi.max_node_queue,1.0333333333333334
aggregate.fan_out.under.pi.max_external_backlog,0.0
aggregate.fan_out.under.pi.pending_after_drain,0.0
aggregate.fan_out.under.pi.sustained_no_progress,0.0
aggregate.fan_out.under.pi.activations,1107.9333333333334
aggregate.fan_out.under.pi.blocked_ticks,664.7666666666667
aggregate.fan_out.under.pi.busy_ticks,9084.7
aggregate.fan_out.under.pi.atomic_publish_stalls,0.0
aggregate.fan_out.under.pi.overflow_attempts,0.0
aggregate.fan_out.under.pi.queue_cv,3.5402199455717414
aggregate.fan_out.under.pi.queue_direction_reversals,63.733333333333334
aggregate.fan_out.under.pi.source_fairness,1.0
aggregate.fan_out.under.aimd:a=0.5:m=1.35.generated_traces,221.6
aggregate.fan_out.under.aimd:a=0.5:m=1.35.sink_completions,443.2
aggregate.fan_out.under.aimd:a=0.5:m=1.35.throughput_per_1000_ticks,105.52380952380953
aggregate.fan_out.under.aimd:a=0.5:m=1.35.p50_latency,606.1166666666667
aggregate.fan_out.under.aimd:a=0.5:m=1.35.p95_latency,1562.1666666666665
aggregate.fan_out.under.aimd:a=0.5:m=1.35.p99_latency,1708.5056666666667
aggregate.fan_out.under.aimd:a=0.5:m=1.35.mean_latency,661.1314280895183
aggregate.fan_out.under.aimd:a=0.5:m=1.35.max_node_queue,36.0
aggregate.fan_out.under.aimd:a=0.5:m=1.35.max_external_backlog,6.1
aggregate.fan_out.under.aimd:a=0.5:m=1.35.pending_after_drain,0.0
aggregate.fan_out.under.aimd:a=0.5:m=1.35.sustained_no_progress,0.0
aggregate.fan_out.under.aimd:a=0.5:m=1.35.activations,323.96666666666664
aggregate.fan_out.under.aimd:a=0.5:m=1.35.blocked_ticks,194.56666666666666
aggregate.fan_out.under.aimd:a=0.5:m=1.35.busy_ticks,4219.833333333333
aggregate.fan_out.under.aimd:a=0.5:m=1.35.atomic_publish_stalls,0.0
aggregate.fan_out.under.aimd:a=0.5:m=1.35.overflow_attempts,0.0
aggregate.fan_out.under.aimd:a=0.5:m=1.35.queue_cv,0.632653043137715
aggregate.fan_out.under.aimd:a=0.5:m=1.35.queue_direction_reversals,174.73333333333332
aggregate.fan_out.under.aimd:a=0.5:m=1.35.source_fairness,1.0
aggregate.fan_out.under.aimd:a=0.5:m=1.8.generated_traces,221.43333333333334
aggregate.fan_out.under.aimd:a=0.5:m=1.8.sink_completions,442.8666666666667
aggregate.fan_out.under.aimd:a=0.5:m=1.8.throughput_per_1000_ticks,105.44444444444444
aggregate.fan_out.under.aimd:a=0.5:m=1.8.p50_latency,676.65
aggregate.fan_out.under.aimd:a=0.5:m=1.8.p95_latency,1685.0549999999998
aggregate.fan_out.under.aimd:a=0.5:m=1.8.p99_latency,1830.9886666666666
aggregate.fan_out.under.aimd:a=0.5:m=1.8.mean_latency,740.4283675475691
aggregate.fan_out.under.aimd:a=0.5:m=1.8.max_node_queue,36.0
aggregate.fan_out.under.aimd:a=0.5:m=1.8.max_external_backlog,7.766666666666667
aggregate.fan_out.under.aimd:a=0.5:m=1.8.pending_after_drain,0.0
aggregate.fan_out.under.aimd:a=0.5:m=1.8.sustained_no_progress,0.0
aggregate.fan_out.under.aimd:a=0.5:m=1.8.activations,303.8333333333333
aggregate.fan_out.under.aimd:a=0.5:m=1.8.blocked_ticks,182.3
aggregate.fan_out.under.aimd:a=0.5:m=1.8.busy_ticks,4094.8
aggregate.fan_out.under.aimd:a=0.5:m=1.8.atomic_publish_stalls,0.0
aggregate.fan_out.under.aimd:a=0.5:m=1.8.overflow_attempts,0.0
aggregate.fan_out.under.aimd:a=0.5:m=1.8.queue_cv,0.57634162775298
aggregate.fan_out.under.aimd:a=0.5:m=1.8.queue_direction_reversals,162.13333333333333
aggregate.fan_out.under.aimd:a=0.5:m=1.8.source_fairness,1.0
aggregate.fan_out.under.aimd:a=0.5:m=2.5.generated_traces,221.23333333333332
aggregate.fan_out.under.aimd:a=0.5:m=2.5.sink_completions,442.46666666666664
aggregate.fan_out.under.aimd:a=0.5:m=2.5.throughput_per_1000_ticks,105.34920634920634
aggregate.fan_out.under.aimd:a=0.5:m=2.5.p50_latency,695.0
aggregate.fan_out.under.aimd:a=0.5:m=2.5.p95_latency,1700.1799999999998
aggregate.fan_out.under.aimd:a=0.5:m=2.5.p99_latency,1845.8809999999999
aggregate.fan_out.under.aimd:a=0.5:m=2.5.mean_latency,758.3584276289538
aggregate.fan_out.under.aimd:a=0.5:m=2.5.max_node_queue,36.0
aggregate.fan_out.under.aimd:a=0.5:m=2.5.max_external_backlog,8.266666666666667
aggregate.fan_out.under.aimd:a=0.5:m=2.5.pending_after_drain,0.0
aggregate.fan_out.under.aimd:a=0.5:m=2.5.sustained_no_progress,0.0
aggregate.fan_out.under.aimd:a=0.5:m=2.5.activations,295.1666666666667
aggregate.fan_out.under.aimd:a=0.5:m=2.5.blocked_ticks,177.1
aggregate.fan_out.under.aimd:a=0.5:m=2.5.busy_ticks,4040.8333333333335
aggregate.fan_out.under.aimd:a=0.5:m=2.5.atomic_publish_stalls,0.0
aggregate.fan_out.under.aimd:a=0.5:m=2.5.overflow_attempts,0.0
aggregate.fan_out.under.aimd:a=0.5:m=2.5.queue_cv,0.5641984429311652
aggregate.fan_out.under.aimd:a=0.5:m=2.5.queue_direction_reversals,164.8
aggregate.fan_out.under.aimd:a=0.5:m=2.5.source_fairness,1.0
aggregate.fan_out.under.aimd:a=1.0:m=1.35.generated_traces,221.6
aggregate.fan_out.under.aimd:a=1.0:m=1.35.sink_completions,443.2
aggregate.fan_out.under.aimd:a=1.0:m=1.35.throughput_per_1000_ticks,105.52380952380953
aggregate.fan_out.under.aimd:a=1.0:m=1.35.p50_latency,606.1166666666667
aggregate.fan_out.under.aimd:a=1.0:m=1.35.p95_latency,1562.1666666666665
aggregate.fan_out.under.aimd:a=1.0:m=1.35.p99_latency,1708.5056666666667
aggregate.fan_out.under.aimd:a=1.0:m=1.35.mean_latency,661.1314280895183
aggregate.fan_out.under.aimd:a=1.0:m=1.35.max_node_queue,36.0
aggregate.fan_out.under.aimd:a=1.0:m=1.35.max_external_backlog,6.1
aggregate.fan_out.under.aimd:a=1.0:m=1.35.pending_after_drain,0.0
aggregate.fan_out.under.aimd:a=1.0:m=1.35.sustained_no_progress,0.0
aggregate.fan_out.under.aimd:a=1.0:m=1.35.activations,323.96666666666664
aggregate.fan_out.under.aimd:a=1.0:m=1.35.blocked_ticks,194.56666666666666
aggregate.fan_out.under.aimd:a=1.0:m=1.35.busy_ticks,4219.833333333333
aggregate.fan_out.under.aimd:a=1.0:m=1.35.atomic_publish_stalls,0.0
aggregate.fan_out.under.aimd:a=1.0:m=1.35.overflow_attempts,0.0
aggregate.fan_out.under.aimd:a=1.0:m=1.35.queue_cv,0.632653043137715
aggregate.fan_out.under.aimd:a=1.0:m=1.35.queue_direction_reversals,174.73333333333332
aggregate.fan_out.under.aimd:a=1.0:m=1.35.source_fairness,1.0
aggregate.fan_out.under.aimd:a=1.0:m=1.8.generated_traces,221.43333333333334
aggregate.fan_out.under.aimd:a=1.0:m=1.8.sink_completions,442.8666666666667
aggregate.fan_out.under.aimd:a=1.0:m=1.8.throughput_per_1000_ticks,105.44444444444444
aggregate.fan_out.under.aimd:a=1.0:m=1.8.p50_latency,676.65
aggregate.fan_out.under.aimd:a=1.0:m=1.8.p95_latency,1685.0549999999998
aggregate.fan_out.under.aimd:a=1.0:m=1.8.p99_latency,1830.9886666666666
aggregate.fan_out.under.aimd:a=1.0:m=1.8.mean_latency,740.4283675475691
aggregate.fan_out.under.aimd:a=1.0:m=1.8.max_node_queue,36.0
aggregate.fan_out.under.aimd:a=1.0:m=1.8.max_external_backlog,7.766666666666667
aggregate.fan_out.under.aimd:a=1.0:m=1.8.pending_after_drain,0.0
aggregate.fan_out.under.aimd:a=1.0:m=1.8.sustained_no_progress,0.0
aggregate.fan_out.under.aimd:a=1.0:m=1.8.activations,303.8333333333333
aggregate.fan_out.under.aimd:a=1.0:m=1.8.blocked_ticks,182.3
aggregate.fan_out.under.aimd:a=1.0:m=1.8.busy_ticks,4094.8
aggregate.fan_out.under.aimd:a=1.0:m=1.8.atomic_publish_stalls,0.0
aggregate.fan_out.under.aimd:a=1.0:m=1.8.overflow_attempts,0.0
aggregate.fan_out.under.aimd:a=1.0:m=1.8.queue_cv,0.57634162775298
aggregate.fan_out.under.aimd:a=1.0:m=1.8.queue_direction_reversals,162.13333333333333
aggregate.fan_out.under.aimd:a=1.0:m=1.8.source_fairness,1.0
aggregate.fan_out.under.aimd:a=1.0:m=2.5.generated_traces,221.23333333333332
aggregate.fan_out.under.aimd:a=1.0:m=2.5.sink_completions,442.46666666666664
aggregate.fan_out.under.aimd:a=1.0:m=2.5.throughput_per_1000_ticks,105.34920634920634
aggregate.fan_out.under.aimd:a=1.0:m=2.5.p50_latency,695.0
aggregate.fan_out.under.aimd:a=1.0:m=2.5.p95_latency,1700.1799999999998
aggregate.fan_out.under.aimd:a=1.0:m=2.5.p99_latency,1845.8809999999999
aggregate.fan_out.under.aimd:a=1.0:m=2.5.mean_latency,758.3584276289538
aggregate.fan_out.under.aimd:a=1.0:m=2.5.max_node_queue,36.0
aggregate.fan_out.under.aimd:a=1.0:m=2.5.max_external_backlog,8.266666666666667
aggregate.fan_out.under.aimd:a=1.0:m=2.5.pending_after_drain,0.0
aggregate.fan_out.under.aimd:a=1.0:m=2.5.sustained_no_progress,0.0
aggregate.fan_out.under.aimd:a=1.0:m=2.5.activations,295.1666666666667
aggregate.fan_out.under.aimd:a=1.0:m=2.5.blocked_ticks,177.1
aggregate.fan_out.under.aimd:a=1.0:m=2.5.busy_ticks,4040.8333333333335
aggregate.fan_out.under.aimd:a=1.0:m=2.5.atomic_publish_stalls,0.0
aggregate.fan_out.under.aimd:a=1.0:m=2.5.overflow_attempts,0.0
aggregate.fan_out.under.aimd:a=1.0:m=2.5.queue_cv,0.5641984429311652
aggregate.fan_out.under.aimd:a=1.0:m=2.5.queue_direction_reversals,164.8
aggregate.fan_out.under.aimd:a=1.0:m=2.5.source_fairness,1.0
aggregate.fan_out.under.aimd:a=2.0:m=1.35.generated_traces,221.6
aggregate.fan_out.under.aimd:a=2.0:m=1.35.sink_completions,443.2
aggregate.fan_out.under.aimd:a=2.0:m=1.35.throughput_per_1000_ticks,105.52380952380953
aggregate.fan_out.under.aimd:a=2.0:m=1.35.p50_latency,606.1166666666667
aggregate.fan_out.under.aimd:a=2.0:m=1.35.p95_latency,1562.1666666666665
aggregate.fan_out.under.aimd:a=2.0:m=1.35.p99_latency,1708.5056666666667
aggregate.fan_out.under.aimd:a=2.0:m=1.35.mean_latency,661.1314280895183
aggregate.fan_out.under.aimd:a=2.0:m=1.35.max_node_queue,36.0
aggregate.fan_out.under.aimd:a=2.0:m=1.35.max_external_backlog,6.1
aggregate.fan_out.under.aimd:a=2.0:m=1.35.pending_after_drain,0.0
aggregate.fan_out.under.aimd:a=2.0:m=1.35.sustained_no_progress,0.0
aggregate.fan_out.under.aimd:a=2.0:m=1.35.activations,323.96666666666664
aggregate.fan_out.under.aimd:a=2.0:m=1.35.blocked_ticks,194.56666666666666
aggregate.fan_out.under.aimd:a=2.0:m=1.35.busy_ticks,4219.833333333333
aggregate.fan_out.under.aimd:a=2.0:m=1.35.atomic_publish_stalls,0.0
aggregate.fan_out.under.aimd:a=2.0:m=1.35.overflow_attempts,0.0
aggregate.fan_out.under.aimd:a=2.0:m=1.35.queue_cv,0.632653043137715
aggregate.fan_out.under.aimd:a=2.0:m=1.35.queue_direction_reversals,174.73333333333332
aggregate.fan_out.under.aimd:a=2.0:m=1.35.source_fairness,1.0
aggregate.fan_out.under.aimd:a=2.0:m=1.8.generated_traces,221.43333333333334
aggregate.fan_out.under.aimd:a=2.0:m=1.8.sink_completions,442.8666666666667
aggregate.fan_out.under.aimd:a=2.0:m=1.8.throughput_per_1000_ticks,105.44444444444444
aggregate.fan_out.under.aimd:a=2.0:m=1.8.p50_latency,676.65
aggregate.fan_out.under.aimd:a=2.0:m=1.8.p95_latency,1685.0549999999998
aggregate.fan_out.under.aimd:a=2.0:m=1.8.p99_latency,1830.9886666666666
aggregate.fan_out.under.aimd:a=2.0:m=1.8.mean_latency,740.4283675475691
aggregate.fan_out.under.aimd:a=2.0:m=1.8.max_node_queue,36.0
aggregate.fan_out.under.aimd:a=2.0:m=1.8.max_external_backlog,7.766666666666667
aggregate.fan_out.under.aimd:a=2.0:m=1.8.pending_after_drain,0.0
aggregate.fan_out.under.aimd:a=2.0:m=1.8.sustained_no_progress,0.0
aggregate.fan_out.under.aimd:a=2.0:m=1.8.activations,303.8333333333333
aggregate.fan_out.under.aimd:a=2.0:m=1.8.blocked_ticks,182.3
aggregate.fan_out.under.aimd:a=2.0:m=1.8.busy_ticks,4094.8
aggregate.fan_out.under.aimd:a=2.0:m=1.8.atomic_publish_stalls,0.0
aggregate.fan_out.under.aimd:a=2.0:m=1.8.overflow_attempts,0.0
aggregate.fan_out.under.aimd:a=2.0:m=1.8.queue_cv,0.57634162775298
aggregate.fan_out.under.aimd:a=2.0:m=1.8.queue_direction_reversals,162.13333333333333
aggregate.fan_out.under.aimd:a=2.0:m=1.8.source_fairness,1.0
aggregate.fan_out.under.aimd:a=2.0:m=2.5.generated_traces,221.23333333333332
aggregate.fan_out.under.aimd:a=2.0:m=2.5.sink_completions,442.46666666666664
aggregate.fan_out.under.aimd:a=2.0:m=2.5.throughput_per_1000_ticks,105.34920634920634
aggregate.fan_out.under.aimd:a=2.0:m=2.5.p50_latency,695.0
aggregate.fan_out.under.aimd:a=2.0:m=2.5.p95_latency,1700.1799999999998
aggregate.fan_out.under.aimd:a=2.0:m=2.5.p99_latency,1845.8809999999999
aggregate.fan_out.under.aimd:a=2.0:m=2.5.mean_latency,758.3584276289538
aggregate.fan_out.under.aimd:a=2.0:m=2.5.max_node_queue,36.0
aggregate.fan_out.under.aimd:a=2.0:m=2.5.max_external_backlog,8.266666666666667
aggregate.fan_out.under.aimd:a=2.0:m=2.5.pending_after_drain,0.0
aggregate.fan_out.under.aimd:a=2.0:m=2.5.sustained_no_progress,0.0
aggregate.fan_out.under.aimd:a=2.0:m=2.5.activations,295.1666666666667
aggregate.fan_out.under.aimd:a=2.0:m=2.5.blocked_ticks,177.1
aggregate.fan_out.under.aimd:a=2.0:m=2.5.busy_ticks,4040.8333333333335
aggregate.fan_out.under.aimd:a=2.0:m=2.5.atomic_publish_stalls,0.0
aggregate.fan_out.under.aimd:a=2.0:m=2.5.overflow_attempts,0.0
aggregate.fan_out.under.aimd:a=2.0:m=2.5.queue_cv,0.5641984429311652
aggregate.fan_out.under.aimd:a=2.0:m=2.5.queue_direction_reversals,164.8
aggregate.fan_out.under.aimd:a=2.0:m=2.5.source_fairness,1.0
aggregate.fan_out.capacity.reactive.generated_traces,419.9
aggregate.fan_out.capacity.reactive.sink_completions,839.8
aggregate.fan_out.capacity.reactive.throughput_per_1000_ticks,199.95238095238093
aggregate.fan_out.capacity.reactive.p50_latency,28.8
aggregate.fan_out.capacity.reactive.p95_latency,58.60666666666666
aggregate.fan_out.capacity.reactive.p99_latency,62.275333333333336
aggregate.fan_out.capacity.reactive.mean_latency,34.52982432890083
aggregate.fan_out.capacity.reactive.max_node_queue,3.0
aggregate.fan_out.capacity.reactive.max_external_backlog,0.0
aggregate.fan_out.capacity.reactive.pending_after_drain,0.0
aggregate.fan_out.capacity.reactive.sustained_no_progress,0.0
aggregate.fan_out.capacity.reactive.activations,1623.0333333333333
aggregate.fan_out.capacity.reactive.blocked_ticks,1021.4333333333333
aggregate.fan_out.capacity.reactive.busy_ticks,13407.866666666667
aggregate.fan_out.capacity.reactive.atomic_publish_stalls,0.0
aggregate.fan_out.capacity.reactive.overflow_attempts,0.0
aggregate.fan_out.capacity.reactive.queue_cv,0.7153268097321382
aggregate.fan_out.capacity.reactive.queue_direction_reversals,325.73333333333335
aggregate.fan_out.capacity.reactive.source_fairness,1.0
aggregate.fan_out.capacity.watermark.generated_traces,419.9
aggregate.fan_out.capacity.watermark.sink_completions,839.8
aggregate.fan_out.capacity.watermark.throughput_per_1000_ticks,199.95238095238093
aggregate.fan_out.capacity.watermark.p50_latency,28.8
aggregate.fan_out.capacity.watermark.p95_latency,58.60666666666666
aggregate.fan_out.capacity.watermark.p99_latency,62.275333333333336
aggregate.fan_out.capacity.watermark.mean_latency,34.52982432890083
aggregate.fan_out.capacity.watermark.max_node_queue,3.0
aggregate.fan_out.capacity.watermark.max_external_backlog,0.0
aggregate.fan_out.capacity.watermark.pending_after_drain,0.0
aggregate.fan_out.capacity.watermark.sustained_no_progress,0.0
aggregate.fan_out.capacity.watermark.activations,1623.0333333333333
aggregate.fan_out.capacity.watermark.blocked_ticks,1021.4333333333333
aggregate.fan_out.capacity.watermark.busy_ticks,13407.866666666667
aggregate.fan_out.capacity.watermark.atomic_publish_stalls,0.0
aggregate.fan_out.capacity.watermark.overflow_attempts,0.0
aggregate.fan_out.capacity.watermark.queue_cv,0.7153268097321382
aggregate.fan_out.capacity.watermark.queue_direction_reversals,325.73333333333335
aggregate.fan_out.capacity.watermark.source_fairness,1.0
aggregate.fan_out.capacity.credit.generated_traces,419.9
aggregate.fan_out.capacity.credit.sink_completions,839.8
aggregate.fan_out.capacity.credit.throughput_per_1000_ticks,199.95238095238093
aggregate.fan_out.capacity.credit.p50_latency,28.8
aggregate.fan_out.capacity.credit.p95_latency,58.60666666666666
aggregate.fan_out.capacity.credit.p99_latency,62.275333333333336
aggregate.fan_out.capacity.credit.mean_latency,34.52982432890083
aggregate.fan_out.capacity.credit.max_node_queue,3.0
aggregate.fan_out.capacity.credit.max_external_backlog,0.0
aggregate.fan_out.capacity.credit.pending_after_drain,0.0
aggregate.fan_out.capacity.credit.sustained_no_progress,0.0
aggregate.fan_out.capacity.credit.activations,1623.0333333333333
aggregate.fan_out.capacity.credit.blocked_ticks,1021.4333333333333
aggregate.fan_out.capacity.credit.busy_ticks,13407.866666666667
aggregate.fan_out.capacity.credit.atomic_publish_stalls,0.0
aggregate.fan_out.capacity.credit.overflow_attempts,0.0
aggregate.fan_out.capacity.credit.queue_cv,0.7153268097321382
aggregate.fan_out.capacity.credit.queue_direction_reversals,325.73333333333335
aggregate.fan_out.capacity.credit.source_fairness,1.0
aggregate.fan_out.capacity.pi.generated_traces,419.9
aggregate.fan_out.capacity.pi.sink_completions,839.8
aggregate.fan_out.capacity.pi.throughput_per_1000_ticks,199.95238095238093
aggregate.fan_out.capacity.pi.p50_latency,28.8
aggregate.fan_out.capacity.pi.p95_latency,58.60666666666666
aggregate.fan_out.capacity.pi.p99_latency,62.275333333333336
aggregate.fan_out.capacity.pi.mean_latency,34.52982432890083
aggregate.fan_out.capacity.pi.max_node_queue,3.0
aggregate.fan_out.capacity.pi.max_external_backlog,0.0
aggregate.fan_out.capacity.pi.pending_after_drain,0.0
aggregate.fan_out.capacity.pi.sustained_no_progress,0.0
aggregate.fan_out.capacity.pi.activations,1623.0333333333333
aggregate.fan_out.capacity.pi.blocked_ticks,1021.4333333333333
aggregate.fan_out.capacity.pi.busy_ticks,13407.866666666667
aggregate.fan_out.capacity.pi.atomic_publish_stalls,0.0
aggregate.fan_out.capacity.pi.overflow_attempts,0.0
aggregate.fan_out.capacity.pi.queue_cv,0.7153268097321382
aggregate.fan_out.capacity.pi.queue_direction_reversals,325.73333333333335
aggregate.fan_out.capacity.pi.source_fairness,1.0
aggregate.fan_out.capacity.aimd:a=0.5:m=1.35.generated_traces,420.1333333333333
aggregate.fan_out.capacity.aimd:a=0.5:m=1.35.sink_completions,840.2666666666667
aggregate.fan_out.capacity.aimd:a=0.5:m=1.35.throughput_per_1000_ticks,200.06349206349208
aggregate.fan_out.capacity.aimd:a=0.5:m=1.35.p50_latency,2835.25
aggregate.fan_out.capacity.aimd:a=0.5:m=1.35.p95_latency,6088.0599999999995
aggregate.fan_out.capacity.aimd:a=0.5:m=1.35.p99_latency,6662.678333333332
aggregate.fan_out.capacity.aimd:a=0.5:m=1.35.mean_latency,2917.139884253071
aggregate.fan_out.capacity.aimd:a=0.5:m=1.35.max_node_queue,36.0
aggregate.fan_out.capacity.aimd:a=0.5:m=1.35.max_external_backlog,191.63333333333333
aggregate.fan_out.capacity.aimd:a=0.5:m=1.35.pending_after_drain,0.0
aggregate.fan_out.capacity.aimd:a=0.5:m=1.35.sustained_no_progress,0.0
aggregate.fan_out.capacity.aimd:a=0.5:m=1.35.activations,555.5
aggregate.fan_out.capacity.aimd:a=0.5:m=1.35.blocked_ticks,2868.133333333333
aggregate.fan_out.capacity.aimd:a=0.5:m=1.35.busy_ticks,7636.233333333334
aggregate.fan_out.capacity.aimd:a=0.5:m=1.35.atomic_publish_stalls,2534.3333333333335
aggregate.fan_out.capacity.aimd:a=0.5:m=1.35.overflow_attempts,0.0
aggregate.fan_out.capacity.aimd:a=0.5:m=1.35.queue_cv,0.39187450534800544
aggregate.fan_out.capacity.aimd:a=0.5:m=1.35.queue_direction_reversals,202.46666666666667
aggregate.fan_out.capacity.aimd:a=0.5:m=1.35.source_fairness,1.0
aggregate.fan_out.capacity.aimd:a=0.5:m=1.8.generated_traces,419.3
aggregate.fan_out.capacity.aimd:a=0.5:m=1.8.sink_completions,838.6
aggregate.fan_out.capacity.aimd:a=0.5:m=1.8.throughput_per_1000_ticks,199.66666666666666
aggregate.fan_out.capacity.aimd:a=0.5:m=1.8.p50_latency,3044.4333333333334
aggregate.fan_out.capacity.aimd:a=0.5:m=1.8.p95_latency,6331.776666666667
aggregate.fan_out.capacity.aimd:a=0.5:m=1.8.p99_latency,6907.971666666666
aggregate.fan_out.capacity.aimd:a=0.5:m=1.8.mean_latency,3131.039334847838
aggregate.fan_out.capacity.aimd:a=0.5:m=1.8.max_node_queue,36.0
aggregate.fan_out.capacity.aimd:a=0.5:m=1.8.max_external_backlog,198.4
aggregate.fan_out.capacity.aimd:a=0.5:m=1.8.pending_after_drain,0.0
aggregate.fan_out.capacity.aimd:a=0.5:m=1.8.sustained_no_progress,0.0
aggregate.fan_out.capacity.aimd:a=0.5:m=1.8.activations,542.7333333333333
aggregate.fan_out.capacity.aimd:a=0.5:m=1.8.blocked_ticks,3364.3
aggregate.fan_out.capacity.aimd:a=0.5:m=1.8.busy_ticks,7550.7
aggregate.fan_out.capacity.aimd:a=0.5:m=1.8.atomic_publish_stalls,3038.4666666666667
aggregate.fan_out.capacity.aimd:a=0.5:m=1.8.overflow_attempts,0.0
aggregate.fan_out.capacity.aimd:a=0.5:m=1.8.queue_cv,0.3688524703993684
aggregate.fan_out.capacity.aimd:a=0.5:m=1.8.queue_direction_reversals,204.53333333333333
aggregate.fan_out.capacity.aimd:a=0.5:m=1.8.source_fairness,1.0
aggregate.fan_out.capacity.aimd:a=0.5:m=2.5.generated_traces,419.73333333333335
aggregate.fan_out.capacity.aimd:a=0.5:m=2.5.sink_completions,839.4666666666667
aggregate.fan_out.capacity.aimd:a=0.5:m=2.5.throughput_per_1000_ticks,199.87301587301587
aggregate.fan_out.capacity.aimd:a=0.5:m=2.5.p50_latency,3147.366666666667
aggregate.fan_out.capacity.aimd:a=0.5:m=2.5.p95_latency,6480.858333333333
aggregate.fan_out.capacity.aimd:a=0.5:m=2.5.p99_latency,7062.209333333333
aggregate.fan_out.capacity.aimd:a=0.5:m=2.5.mean_latency,3252.7724716482317
aggregate.fan_out.capacity.aimd:a=0.5:m=2.5.max_node_queue,36.0
aggregate.fan_out.capacity.aimd:a=0.5:m=2.5.max_external_backlog,201.96666666666667
aggregate.fan_out.capacity.aimd:a=0.5:m=2.5.pending_after_drain,0.0
aggregate.fan_out.capacity.aimd:a=0.5:m=2.5.sustained_no_progress,0.0
aggregate.fan_out.capacity.aimd:a=0.5:m=2.5.activations,540.0
aggregate.fan_out.capacity.aimd:a=0.5:m=2.5.blocked_ticks,3862.6666666666665
aggregate.fan_out.capacity.aimd:a=0.5:m=2.5.busy_ticks,7546.533333333334
aggregate.fan_out.capacity.aimd:a=0.5:m=2.5.atomic_publish_stalls,3538.6666666666665
aggregate.fan_out.capacity.aimd:a=0.5:m=2.5.overflow_attempts,0.0
aggregate.fan_out.capacity.aimd:a=0.5:m=2.5.queue_cv,0.3535205803105576
aggregate.fan_out.capacity.aimd:a=0.5:m=2.5.queue_direction_reversals,203.26666666666668
aggregate.fan_out.capacity.aimd:a=0.5:m=2.5.source_fairness,1.0
aggregate.fan_out.capacity.aimd:a=1.0:m=1.35.generated_traces,420.1333333333333
aggregate.fan_out.capacity.aimd:a=1.0:m=1.35.sink_completions,840.2666666666667
aggregate.fan_out.capacity.aimd:a=1.0:m=1.35.throughput_per_1000_ticks,200.06349206349208
aggregate.fan_out.capacity.aimd:a=1.0:m=1.35.p50_latency,2835.25
aggregate.fan_out.capacity.aimd:a=1.0:m=1.35.p95_latency,6088.0599999999995
aggregate.fan_out.capacity.aimd:a=1.0:m=1.35.p99_latency,6662.678333333332
aggregate.fan_out.capacity.aimd:a=1.0:m=1.35.mean_latency,2917.139884253071
aggregate.fan_out.capacity.aimd:a=1.0:m=1.35.max_node_queue,36.0
aggregate.fan_out.capacity.aimd:a=1.0:m=1.35.max_external_backlog,191.63333333333333
aggregate.fan_out.capacity.aimd:a=1.0:m=1.35.pending_after_drain,0.0
aggregate.fan_out.capacity.aimd:a=1.0:m=1.35.sustained_no_progress,0.0
aggregate.fan_out.capacity.aimd:a=1.0:m=1.35.activations,555.5
aggregate.fan_out.capacity.aimd:a=1.0:m=1.35.blocked_ticks,2868.133333333333
aggregate.fan_out.capacity.aimd:a=1.0:m=1.35.busy_ticks,7636.233333333334
aggregate.fan_out.capacity.aimd:a=1.0:m=1.35.atomic_publish_stalls,2534.3333333333335
aggregate.fan_out.capacity.aimd:a=1.0:m=1.35.overflow_attempts,0.0
aggregate.fan_out.capacity.aimd:a=1.0:m=1.35.queue_cv,0.39187450534800544
aggregate.fan_out.capacity.aimd:a=1.0:m=1.35.queue_direction_reversals,202.46666666666667
aggregate.fan_out.capacity.aimd:a=1.0:m=1.35.source_fairness,1.0
aggregate.fan_out.capacity.aimd:a=1.0:m=1.8.generated_traces,419.3
aggregate.fan_out.capacity.aimd:a=1.0:m=1.8.sink_completions,838.6
aggregate.fan_out.capacity.aimd:a=1.0:m=1.8.throughput_per_1000_ticks,199.66666666666666
aggregate.fan_out.capacity.aimd:a=1.0:m=1.8.p50_latency,3044.4333333333334
aggregate.fan_out.capacity.aimd:a=1.0:m=1.8.p95_latency,6331.776666666667
aggregate.fan_out.capacity.aimd:a=1.0:m=1.8.p99_latency,6907.971666666666
aggregate.fan_out.capacity.aimd:a=1.0:m=1.8.mean_latency,3131.039334847838
aggregate.fan_out.capacity.aimd:a=1.0:m=1.8.max_node_queue,36.0
aggregate.fan_out.capacity.aimd:a=1.0:m=1.8.max_external_backlog,198.4
aggregate.fan_out.capacity.aimd:a=1.0:m=1.8.pending_after_drain,0.0
aggregate.fan_out.capacity.aimd:a=1.0:m=1.8.sustained_no_progress,0.0
aggregate.fan_out.capacity.aimd:a=1.0:m=1.8.activations,542.7333333333333
aggregate.fan_out.capacity.aimd:a=1.0:m=1.8.blocked_ticks,3364.3
aggregate.fan_out.capacity.aimd:a=1.0:m=1.8.busy_ticks,7550.7
aggregate.fan_out.capacity.aimd:a=1.0:m=1.8.atomic_publish_stalls,3038.4666666666667
aggregate.fan_out.capacity.aimd:a=1.0:m=1.8.overflow_attempts,0.0
aggregate.fan_out.capacity.aimd:a=1.0:m=1.8.queue_cv,0.3688524703993684
aggregate.fan_out.capacity.aimd:a=1.0:m=1.8.queue_direction_reversals,204.53333333333333
aggregate.fan_out.capacity.aimd:a=1.0:m=1.8.source_fairness,1.0
aggregate.fan_out.capacity.aimd:a=1.0:m=2.5.generated_traces,419.73333333333335
aggregate.fan_out.capacity.aimd:a=1.0:m=2.5.sink_completions,839.4666666666667
aggregate.fan_out.capacity.aimd:a=1.0:m=2.5.throughput_per_1000_ticks,199.87301587301587
aggregate.fan_out.capacity.aimd:a=1.0:m=2.5.p50_latency,3147.366666666667
aggregate.fan_out.capacity.aimd:a=1.0:m=2.5.p95_latency,6480.858333333333
aggregate.fan_out.capacity.aimd:a=1.0:m=2.5.p99_latency,7062.209333333333
aggregate.fan_out.capacity.aimd:a=1.0:m=2.5.mean_latency,3252.7724716482317
aggregate.fan_out.capacity.aimd:a=1.0:m=2.5.max_node_queue,36.0
aggregate.fan_out.capacity.aimd:a=1.0:m=2.5.max_external_backlog,201.96666666666667
aggregate.fan_out.capacity.aimd:a=1.0:m=2.5.pending_after_drain,0.0
aggregate.fan_out.capacity.aimd:a=1.0:m=2.5.sustained_no_progress,0.0
aggregate.fan_out.capacity.aimd:a=1.0:m=2.5.activations,540.0
aggregate.fan_out.capacity.aimd:a=1.0:m=2.5.blocked_ticks,3862.6666666666665
aggregate.fan_out.capacity.aimd:a=1.0:m=2.5.busy_ticks,7546.533333333334
aggregate.fan_out.capacity.aimd:a=1.0:m=2.5.atomic_publish_stalls,3538.6666666666665
aggregate.fan_out.capacity.aimd:a=1.0:m=2.5.overflow_attempts,0.0
aggregate.fan_out.capacity.aimd:a=1.0:m=2.5.queue_cv,0.3535205803105576
aggregate.fan_out.capacity.aimd:a=1.0:m=2.5.queue_direction_reversals,203.26666666666668
aggregate.fan_out.capacity.aimd:a=1.0:m=2.5.source_fairness,1.0
aggregate.fan_out.capacity.aimd:a=2.0:m=1.35.generated_traces,420.1333333333333
aggregate.fan_out.capacity.aimd:a=2.0:m=1.35.sink_completions,840.2666666666667
aggregate.fan_out.capacity.aimd:a=2.0:m=1.35.throughput_per_1000_ticks,200.06349206349208
aggregate.fan_out.capacity.aimd:a=2.0:m=1.35.p50_latency,2835.25
aggregate.fan_out.capacity.aimd:a=2.0:m=1.35.p95_latency,6088.0599999999995
aggregate.fan_out.capacity.aimd:a=2.0:m=1.35.p99_latency,6662.678333333332
aggregate.fan_out.capacity.aimd:a=2.0:m=1.35.mean_latency,2917.139884253071
aggregate.fan_out.capacity.aimd:a=2.0:m=1.35.max_node_queue,36.0
aggregate.fan_out.capacity.aimd:a=2.0:m=1.35.max_external_backlog,191.63333333333333
aggregate.fan_out.capacity.aimd:a=2.0:m=1.35.pending_after_drain,0.0
aggregate.fan_out.capacity.aimd:a=2.0:m=1.35.sustained_no_progress,0.0
aggregate.fan_out.capacity.aimd:a=2.0:m=1.35.activations,555.5
aggregate.fan_out.capacity.aimd:a=2.0:m=1.35.blocked_ticks,2868.133333333333
aggregate.fan_out.capacity.aimd:a=2.0:m=1.35.busy_ticks,7636.233333333334
aggregate.fan_out.capacity.aimd:a=2.0:m=1.35.atomic_publish_stalls,2534.3333333333335
aggregate.fan_out.capacity.aimd:a=2.0:m=1.35.overflow_attempts,0.0
aggregate.fan_out.capacity.aimd:a=2.0:m=1.35.queue_cv,0.39187450534800544
aggregate.fan_out.capacity.aimd:a=2.0:m=1.35.queue_direction_reversals,202.46666666666667
aggregate.fan_out.capacity.aimd:a=2.0:m=1.35.source_fairness,1.0
aggregate.fan_out.capacity.aimd:a=2.0:m=1.8.generated_traces,419.3
aggregate.fan_out.capacity.aimd:a=2.0:m=1.8.sink_completions,838.6
aggregate.fan_out.capacity.aimd:a=2.0:m=1.8.throughput_per_1000_ticks,199.66666666666666
aggregate.fan_out.capacity.aimd:a=2.0:m=1.8.p50_latency,3044.4333333333334
aggregate.fan_out.capacity.aimd:a=2.0:m=1.8.p95_latency,6331.776666666667
aggregate.fan_out.capacity.aimd:a=2.0:m=1.8.p99_latency,6907.971666666666
aggregate.fan_out.capacity.aimd:a=2.0:m=1.8.mean_latency,3131.039334847838
aggregate.fan_out.capacity.aimd:a=2.0:m=1.8.max_node_queue,36.0
aggregate.fan_out.capacity.aimd:a=2.0:m=1.8.max_external_backlog,198.4
aggregate.fan_out.capacity.aimd:a=2.0:m=1.8.pending_after_drain,0.0
aggregate.fan_out.capacity.aimd:a=2.0:m=1.8.sustained_no_progress,0.0
aggregate.fan_out.capacity.aimd:a=2.0:m=1.8.activations,542.7333333333333
aggregate.fan_out.capacity.aimd:a=2.0:m=1.8.blocked_ticks,3364.3
aggregate.fan_out.capacity.aimd:a=2.0:m=1.8.busy_ticks,7550.7
aggregate.fan_out.capacity.aimd:a=2.0:m=1.8.atomic_publish_stalls,3038.4666666666667
aggregate.fan_out.capacity.aimd:a=2.0:m=1.8.overflow_attempts,0.0
aggregate.fan_out.capacity.aimd:a=2.0:m=1.8.queue_cv,0.3688524703993684
aggregate.fan_out.capacity.aimd:a=2.0:m=1.8.queue_direction_reversals,204.53333333333333
aggregate.fan_out.capacity.aimd:a=2.0:m=1.8.source_fairness,1.0
aggregate.fan_out.capacity.aimd:a=2.0:m=2.5.generated_traces,419.73333333333335
aggregate.fan_out.capacity.aimd:a=2.0:m=2.5.sink_completions,839.4666666666667
aggregate.fan_out.capacity.aimd:a=2.0:m=2.5.throughput_per_1000_ticks,199.87301587301587
aggregate.fan_out.capacity.aimd:a=2.0:m=2.5.p50_latency,3147.366666666667
aggregate.fan_out.capacity.aimd:a=2.0:m=2.5.p95_latency,6480.858333333333
aggregate.fan_out.capacity.aimd:a=2.0:m=2.5.p99_latency,7062.209333333333
aggregate.fan_out.capacity.aimd:a=2.0:m=2.5.mean_latency,3252.7724716482317
aggregate.fan_out.capacity.aimd:a=2.0:m=2.5.max_node_queue,36.0
aggregate.fan_out.capacity.aimd:a=2.0:m=2.5.max_external_backlog,201.96666666666667
aggregate.fan_out.capacity.aimd:a=2.0:m=2.5.pending_after_drain,0.0
aggregate.fan_out.capacity.aimd:a=2.0:m=2.5.sustained_no_progress,0.0
aggregate.fan_out.capacity.aimd:a=2.0:m=2.5.activations,540.0
aggregate.fan_out.capacity.aimd:a=2.0:m=2.5.blocked_ticks,3862.6666666666665
aggregate.fan_out.capacity.aimd:a=2.0:m=2.5.busy_ticks,7546.533333333334
aggregate.fan_out.capacity.aimd:a=2.0:m=2.5.atomic_publish_stalls,3538.6666666666665
aggregate.fan_out.capacity.aimd:a=2.0:m=2.5.overflow_attempts,0.0
aggregate.fan_out.capacity.aimd:a=2.0:m=2.5.queue_cv,0.3535205803105576
aggregate.fan_out.capacity.aimd:a=2.0:m=2.5.queue_direction_reversals,203.26666666666668
aggregate.fan_out.capacity.aimd:a=2.0:m=2.5.source_fairness,1.0
aggregate.fan_out.over.reactive.generated_traces,932.2666666666667
aggregate.fan_out.over.reactive.sink_completions,1864.5333333333333
aggregate.fan_out.over.reactive.throughput_per_1000_ticks,443.93650793650795
aggregate.fan_out.over.reactive.p50_latency,1311.8
aggregate.fan_out.over.reactive.p95_latency,2564.4166666666665
aggregate.fan_out.over.reactive.p99_latency,2786.603666666667
aggregate.fan_out.over.reactive.mean_latency,1315.7064362848869
aggregate.fan_out.over.reactive.max_node_queue,36.0
aggregate.fan_out.over.reactive.max_external_backlog,301.9
aggregate.fan_out.over.reactive.pending_after_drain,0.0
aggregate.fan_out.over.reactive.sustained_no_progress,0.0
aggregate.fan_out.over.reactive.activations,1596.9
aggregate.fan_out.over.reactive.blocked_ticks,4290.6
aggregate.fan_out.over.reactive.busy_ticks,18519.333333333332
aggregate.fan_out.over.reactive.atomic_publish_stalls,3369.6666666666665
aggregate.fan_out.over.reactive.overflow_attempts,0.0
aggregate.fan_out.over.reactive.queue_cv,0.2726276377235086
aggregate.fan_out.over.reactive.queue_direction_reversals,445.73333333333335
aggregate.fan_out.over.reactive.source_fairness,1.0
aggregate.fan_out.over.watermark.generated_traces,933.3666666666667
aggregate.fan_out.over.watermark.sink_completions,1866.7333333333333
aggregate.fan_out.over.watermark.throughput_per_1000_ticks,444.4603174603174
aggregate.fan_out.over.watermark.p50_latency,1379.35
aggregate.fan_out.over.watermark.p95_latency,2625.4099999999994
aggregate.fan_out.over.watermark.p99_latency,2787.803
aggregate.fan_out.over.watermark.mean_latency,1374.6181933608073
aggregate.fan_out.over.watermark.max_node_queue,36.0
aggregate.fan_out.over.watermark.max_external_backlog,320.4
aggregate.fan_out.over.watermark.pending_after_drain,0.0
aggregate.fan_out.over.watermark.sustained_no_progress,0.0
aggregate.fan_out.over.watermark.activations,1197.0
aggregate.fan_out.over.watermark.blocked_ticks,719.6666666666666
aggregate.fan_out.over.watermark.busy_ticks,16733.5
aggregate.fan_out.over.watermark.atomic_publish_stalls,0.0
aggregate.fan_out.over.watermark.overflow_attempts,0.0
aggregate.fan_out.over.watermark.queue_cv,0.2524463752497192
aggregate.fan_out.over.watermark.queue_direction_reversals,145.26666666666668
aggregate.fan_out.over.watermark.source_fairness,1.0
aggregate.fan_out.over.credit.generated_traces,931.8333333333334
aggregate.fan_out.over.credit.sink_completions,1863.6666666666667
aggregate.fan_out.over.credit.throughput_per_1000_ticks,443.73015873015873
aggregate.fan_out.over.credit.p50_latency,1319.3333333333333
aggregate.fan_out.over.credit.p95_latency,2568.3816666666667
aggregate.fan_out.over.credit.p99_latency,2782.3976666666663
aggregate.fan_out.over.credit.mean_latency,1322.761945436167
aggregate.fan_out.over.credit.max_node_queue,36.0
aggregate.fan_out.over.credit.max_external_backlog,304.7
aggregate.fan_out.over.credit.pending_after_drain,0.0
aggregate.fan_out.over.credit.sustained_no_progress,0.0
aggregate.fan_out.over.credit.activations,1201.2
aggregate.fan_out.over.credit.blocked_ticks,722.6666666666666
aggregate.fan_out.over.credit.busy_ticks,16732.0
aggregate.fan_out.over.credit.atomic_publish_stalls,0.0
aggregate.fan_out.over.credit.overflow_attempts,0.0
aggregate.fan_out.over.credit.queue_cv,0.266330750789674
aggregate.fan_out.over.credit.queue_direction_reversals,446.93333333333334
aggregate.fan_out.over.credit.source_fairness,1.0
aggregate.fan_out.over.pi.generated_traces,933.1
aggregate.fan_out.over.pi.sink_completions,1866.2
aggregate.fan_out.over.pi.throughput_per_1000_ticks,444.3333333333333
aggregate.fan_out.over.pi.p50_latency,1383.7166666666667
aggregate.fan_out.over.pi.p95_latency,2636.5716666666663
aggregate.fan_out.over.pi.p99_latency,2791.1730000000002
aggregate.fan_out.over.pi.mean_latency,1376.5382639500226
aggregate.fan_out.over.pi.max_node_queue,36.0
aggregate.fan_out.over.pi.max_external_backlog,321.6
aggregate.fan_out.over.pi.pending_after_drain,0.0
aggregate.fan_out.over.pi.sustained_no_progress,0.0
aggregate.fan_out.over.pi.activations,1201.1666666666667
aggregate.fan_out.over.pi.blocked_ticks,727.3333333333334
aggregate.fan_out.over.pi.busy_ticks,16741.966666666667
aggregate.fan_out.over.pi.atomic_publish_stalls,5.366666666666666
aggregate.fan_out.over.pi.overflow_attempts,0.0
aggregate.fan_out.over.pi.queue_cv,0.24705907706028044
aggregate.fan_out.over.pi.queue_direction_reversals,209.73333333333332
aggregate.fan_out.over.pi.source_fairness,1.0
aggregate.fan_out.over.aimd:a=0.5:m=1.35.generated_traces,931.0666666666667
aggregate.fan_out.over.aimd:a=0.5:m=1.35.sink_completions,1571.4666666666667
aggregate.fan_out.over.aimd:a=0.5:m=1.35.throughput_per_1000_ticks,374.1587301587302
aggregate.fan_out.over.aimd:a=0.5:m=1.35.p50_latency,7709.083333333333
aggregate.fan_out.over.aimd:a=0.5:m=1.35.p95_latency,15751.635
aggregate.fan_out.over.aimd:a=0.5:m=1.35.p99_latency,16463.586
aggregate.fan_out.over.aimd:a=0.5:m=1.35.mean_latency,7812.819521865693
aggregate.fan_out.over.aimd:a=0.5:m=1.35.max_node_queue,36.0
aggregate.fan_out.over.aimd:a=0.5:m=1.35.max_external_backlog,686.9666666666667
aggregate.fan_out.over.aimd:a=0.5:m=1.35.pending_after_drain,166.4
aggregate.fan_out.over.aimd:a=0.5:m=1.35.sustained_no_progress,0.0
aggregate.fan_out.over.aimd:a=0.5:m=1.35.activations,1035.4
aggregate.fan_out.over.aimd:a=0.5:m=1.35.blocked_ticks,13086.1
aggregate.fan_out.over.aimd:a=0.5:m=1.35.busy_ticks,14192.4
aggregate.fan_out.over.aimd:a=0.5:m=1.35.atomic_publish_stalls,12467.533333333333
aggregate.fan_out.over.aimd:a=0.5:m=1.35.overflow_attempts,0.0
aggregate.fan_out.over.aimd:a=0.5:m=1.35.queue_cv,0.17655764276601998
aggregate.fan_out.over.aimd:a=0.5:m=1.35.queue_direction_reversals,386.96666666666664
aggregate.fan_out.over.aimd:a=0.5:m=1.35.source_fairness,1.0
aggregate.fan_out.over.aimd:a=0.5:m=1.8.generated_traces,932.2666666666667
aggregate.fan_out.over.aimd:a=0.5:m=1.8.sink_completions,1541.1333333333334
aggregate.fan_out.over.aimd:a=0.5:m=1.8.throughput_per_1000_ticks,366.93650793650795
aggregate.fan_out.over.aimd:a=0.5:m=1.8.p50_latency,7989.6
aggregate.fan_out.over.aimd:a=0.5:m=1.8.p95_latency,15867.76
aggregate.fan_out.over.aimd:a=0.5:m=1.8.p99_latency,16568.311666666665
aggregate.fan_out.over.aimd:a=0.5:m=1.8.mean_latency,8066.220673398358
aggregate.fan_out.over.aimd:a=0.5:m=1.8.max_node_queue,36.0
aggregate.fan_out.over.aimd:a=0.5:m=1.8.max_external_backlog,702.9333333333333
aggregate.fan_out.over.aimd:a=0.5:m=1.8.pending_after_drain,181.03333333333333
aggregate.fan_out.over.aimd:a=0.5:m=1.8.sustained_no_progress,0.0
aggregate.fan_out.over.aimd:a=0.5:m=1.8.activations,985.2333333333333
aggregate.fan_out.over.aimd:a=0.5:m=1.8.blocked_ticks,12840.833333333334
aggregate.fan_out.over.aimd:a=0.5:m=1.8.busy_ticks,13777.666666666666
aggregate.fan_out.over.aimd:a=0.5:m=1.8.atomic_publish_stalls,12249.433333333332
aggregate.fan_out.over.aimd:a=0.5:m=1.8.overflow_attempts,0.0
aggregate.fan_out.over.aimd:a=0.5:m=1.8.queue_cv,0.17502149270513342
aggregate.fan_out.over.aimd:a=0.5:m=1.8.queue_direction_reversals,379.93333333333334
aggregate.fan_out.over.aimd:a=0.5:m=1.8.source_fairness,1.0
aggregate.fan_out.over.aimd:a=0.5:m=2.5.generated_traces,932.3
aggregate.fan_out.over.aimd:a=0.5:m=2.5.sink_completions,1529.5333333333333
aggregate.fan_out.over.aimd:a=0.5:m=2.5.throughput_per_1000_ticks,364.1746031746032
aggregate.fan_out.over.aimd:a=0.5:m=2.5.p50_latency,8069.466666666666
aggregate.fan_out.over.aimd:a=0.5:m=2.5.p95_latency,15893.896666666666
aggregate.fan_out.over.aimd:a=0.5:m=2.5.p99_latency,16592.435
aggregate.fan_out.over.aimd:a=0.5:m=2.5.mean_latency,8140.773425868059
aggregate.fan_out.over.aimd:a=0.5:m=2.5.max_node_queue,36.0
aggregate.fan_out.over.aimd:a=0.5:m=2.5.max_external_backlog,709.5333333333333
aggregate.fan_out.over.aimd:a=0.5:m=2.5.pending_after_drain,185.53333333333333
aggregate.fan_out.over.aimd:a=0.5:m=2.5.sustained_no_progress,0.0
aggregate.fan_out.over.aimd:a=0.5:m=2.5.activations,968.0
aggregate.fan_out.over.aimd:a=0.5:m=2.5.blocked_ticks,12691.7
aggregate.fan_out.over.aimd:a=0.5:m=2.5.busy_ticks,13620.533333333333
aggregate.fan_out.over.aimd:a=0.5:m=2.5.atomic_publish_stalls,12109.7
aggregate.fan_out.over.aimd:a=0.5:m=2.5.overflow_attempts,0.0
aggregate.fan_out.over.aimd:a=0.5:m=2.5.queue_cv,0.1766756403500031
aggregate.fan_out.over.aimd:a=0.5:m=2.5.queue_direction_reversals,373.53333333333336
aggregate.fan_out.over.aimd:a=0.5:m=2.5.source_fairness,1.0
aggregate.fan_out.over.aimd:a=1.0:m=1.35.generated_traces,931.0666666666667
aggregate.fan_out.over.aimd:a=1.0:m=1.35.sink_completions,1571.4666666666667
aggregate.fan_out.over.aimd:a=1.0:m=1.35.throughput_per_1000_ticks,374.1587301587302
aggregate.fan_out.over.aimd:a=1.0:m=1.35.p50_latency,7709.083333333333
aggregate.fan_out.over.aimd:a=1.0:m=1.35.p95_latency,15751.635
aggregate.fan_out.over.aimd:a=1.0:m=1.35.p99_latency,16463.586
aggregate.fan_out.over.aimd:a=1.0:m=1.35.mean_latency,7812.819521865693
aggregate.fan_out.over.aimd:a=1.0:m=1.35.max_node_queue,36.0
aggregate.fan_out.over.aimd:a=1.0:m=1.35.max_external_backlog,686.9666666666667
aggregate.fan_out.over.aimd:a=1.0:m=1.35.pending_after_drain,166.4
aggregate.fan_out.over.aimd:a=1.0:m=1.35.sustained_no_progress,0.0
aggregate.fan_out.over.aimd:a=1.0:m=1.35.activations,1035.4
aggregate.fan_out.over.aimd:a=1.0:m=1.35.blocked_ticks,13086.1
aggregate.fan_out.over.aimd:a=1.0:m=1.35.busy_ticks,14192.4
aggregate.fan_out.over.aimd:a=1.0:m=1.35.atomic_publish_stalls,12467.533333333333
aggregate.fan_out.over.aimd:a=1.0:m=1.35.overflow_attempts,0.0
aggregate.fan_out.over.aimd:a=1.0:m=1.35.queue_cv,0.17655764276601998
aggregate.fan_out.over.aimd:a=1.0:m=1.35.queue_direction_reversals,386.96666666666664
aggregate.fan_out.over.aimd:a=1.0:m=1.35.source_fairness,1.0
aggregate.fan_out.over.aimd:a=1.0:m=1.8.generated_traces,932.2666666666667
aggregate.fan_out.over.aimd:a=1.0:m=1.8.sink_completions,1541.1333333333334
aggregate.fan_out.over.aimd:a=1.0:m=1.8.throughput_per_1000_ticks,366.93650793650795
aggregate.fan_out.over.aimd:a=1.0:m=1.8.p50_latency,7989.6
aggregate.fan_out.over.aimd:a=1.0:m=1.8.p95_latency,15867.76
aggregate.fan_out.over.aimd:a=1.0:m=1.8.p99_latency,16568.311666666665
aggregate.fan_out.over.aimd:a=1.0:m=1.8.mean_latency,8066.220673398358
aggregate.fan_out.over.aimd:a=1.0:m=1.8.max_node_queue,36.0
aggregate.fan_out.over.aimd:a=1.0:m=1.8.max_external_backlog,702.9333333333333
aggregate.fan_out.over.aimd:a=1.0:m=1.8.pending_after_drain,181.03333333333333
aggregate.fan_out.over.aimd:a=1.0:m=1.8.sustained_no_progress,0.0
aggregate.fan_out.over.aimd:a=1.0:m=1.8.activations,985.2333333333333
aggregate.fan_out.over.aimd:a=1.0:m=1.8.blocked_ticks,12840.833333333334
aggregate.fan_out.over.aimd:a=1.0:m=1.8.busy_ticks,13777.666666666666
aggregate.fan_out.over.aimd:a=1.0:m=1.8.atomic_publish_stalls,12249.433333333332
aggregate.fan_out.over.aimd:a=1.0:m=1.8.overflow_attempts,0.0
aggregate.fan_out.over.aimd:a=1.0:m=1.8.queue_cv,0.17502149270513342
aggregate.fan_out.over.aimd:a=1.0:m=1.8.queue_direction_reversals,379.93333333333334
aggregate.fan_out.over.aimd:a=1.0:m=1.8.source_fairness,1.0
aggregate.fan_out.over.aimd:a=1.0:m=2.5.generated_traces,932.3
aggregate.fan_out.over.aimd:a=1.0:m=2.5.sink_completions,1529.5333333333333
aggregate.fan_out.over.aimd:a=1.0:m=2.5.throughput_per_1000_ticks,364.1746031746032
aggregate.fan_out.over.aimd:a=1.0:m=2.5.p50_latency,8069.466666666666
aggregate.fan_out.over.aimd:a=1.0:m=2.5.p95_latency,15893.896666666666
aggregate.fan_out.over.aimd:a=1.0:m=2.5.p99_latency,16592.435
aggregate.fan_out.over.aimd:a=1.0:m=2.5.mean_latency,8140.773425868059
aggregate.fan_out.over.aimd:a=1.0:m=2.5.max_node_queue,36.0
aggregate.fan_out.over.aimd:a=1.0:m=2.5.max_external_backlog,709.5333333333333
aggregate.fan_out.over.aimd:a=1.0:m=2.5.pending_after_drain,185.53333333333333
aggregate.fan_out.over.aimd:a=1.0:m=2.5.sustained_no_progress,0.0
aggregate.fan_out.over.aimd:a=1.0:m=2.5.activations,968.0
aggregate.fan_out.over.aimd:a=1.0:m=2.5.blocked_ticks,12691.7
aggregate.fan_out.over.aimd:a=1.0:m=2.5.busy_ticks,13620.533333333333
aggregate.fan_out.over.aimd:a=1.0:m=2.5.atomic_publish_stalls,12109.7
aggregate.fan_out.over.aimd:a=1.0:m=2.5.overflow_attempts,0.0
aggregate.fan_out.over.aimd:a=1.0:m=2.5.queue_cv,0.1766756403500031
aggregate.fan_out.over.aimd:a=1.0:m=2.5.queue_direction_reversals,373.53333333333336
aggregate.fan_out.over.aimd:a=1.0:m=2.5.source_fairness,1.0
aggregate.fan_out.over.aimd:a=2.0:m=1.35.generated_traces,931.0666666666667
aggregate.fan_out.over.aimd:a=2.0:m=1.35.sink_completions,1571.4666666666667
aggregate.fan_out.over.aimd:a=2.0:m=1.35.throughput_per_1000_ticks,374.1587301587302
aggregate.fan_out.over.aimd:a=2.0:m=1.35.p50_latency,7709.083333333333
aggregate.fan_out.over.aimd:a=2.0:m=1.35.p95_latency,15751.635
aggregate.fan_out.over.aimd:a=2.0:m=1.35.p99_latency,16463.586
aggregate.fan_out.over.aimd:a=2.0:m=1.35.mean_latency,7812.819521865693
aggregate.fan_out.over.aimd:a=2.0:m=1.35.max_node_queue,36.0
aggregate.fan_out.over.aimd:a=2.0:m=1.35.max_external_backlog,686.9666666666667
aggregate.fan_out.over.aimd:a=2.0:m=1.35.pending_after_drain,166.4
aggregate.fan_out.over.aimd:a=2.0:m=1.35.sustained_no_progress,0.0
aggregate.fan_out.over.aimd:a=2.0:m=1.35.activations,1035.4
aggregate.fan_out.over.aimd:a=2.0:m=1.35.blocked_ticks,13086.1
aggregate.fan_out.over.aimd:a=2.0:m=1.35.busy_ticks,14192.4
aggregate.fan_out.over.aimd:a=2.0:m=1.35.atomic_publish_stalls,12467.533333333333
aggregate.fan_out.over.aimd:a=2.0:m=1.35.overflow_attempts,0.0
aggregate.fan_out.over.aimd:a=2.0:m=1.35.queue_cv,0.17655764276601998
aggregate.fan_out.over.aimd:a=2.0:m=1.35.queue_direction_reversals,386.96666666666664
aggregate.fan_out.over.aimd:a=2.0:m=1.35.source_fairness,1.0
aggregate.fan_out.over.aimd:a=2.0:m=1.8.generated_traces,932.2666666666667
aggregate.fan_out.over.aimd:a=2.0:m=1.8.sink_completions,1541.1333333333334
aggregate.fan_out.over.aimd:a=2.0:m=1.8.throughput_per_1000_ticks,366.93650793650795
aggregate.fan_out.over.aimd:a=2.0:m=1.8.p50_latency,7989.6
aggregate.fan_out.over.aimd:a=2.0:m=1.8.p95_latency,15867.76
aggregate.fan_out.over.aimd:a=2.0:m=1.8.p99_latency,16568.311666666665
aggregate.fan_out.over.aimd:a=2.0:m=1.8.mean_latency,8066.220673398358
aggregate.fan_out.over.aimd:a=2.0:m=1.8.max_node_queue,36.0
aggregate.fan_out.over.aimd:a=2.0:m=1.8.max_external_backlog,702.9333333333333
aggregate.fan_out.over.aimd:a=2.0:m=1.8.pending_after_drain,181.03333333333333
aggregate.fan_out.over.aimd:a=2.0:m=1.8.sustained_no_progress,0.0
aggregate.fan_out.over.aimd:a=2.0:m=1.8.activations,985.2333333333333
aggregate.fan_out.over.aimd:a=2.0:m=1.8.blocked_ticks,12840.833333333334
aggregate.fan_out.over.aimd:a=2.0:m=1.8.busy_ticks,13777.666666666666
aggregate.fan_out.over.aimd:a=2.0:m=1.8.atomic_publish_stalls,12249.433333333332
aggregate.fan_out.over.aimd:a=2.0:m=1.8.overflow_attempts,0.0
aggregate.fan_out.over.aimd:a=2.0:m=1.8.queue_cv,0.17502149270513342
aggregate.fan_out.over.aimd:a=2.0:m=1.8.queue_direction_reversals,379.93333333333334
aggregate.fan_out.over.aimd:a=2.0:m=1.8.source_fairness,1.0
aggregate.fan_out.over.aimd:a=2.0:m=2.5.generated_traces,932.3
aggregate.fan_out.over.aimd:a=2.0:m=2.5.sink_completions,1529.5333333333333
aggregate.fan_out.over.aimd:a=2.0:m=2.5.throughput_per_1000_ticks,364.1746031746032
aggregate.fan_out.over.aimd:a=2.0:m=2.5.p50_latency,8069.466666666666
aggregate.fan_out.over.aimd:a=2.0:m=2.5.p95_latency,15893.896666666666
aggregate.fan_out.over.aimd:a=2.0:m=2.5.p99_latency,16592.435
aggregate.fan_out.over.aimd:a=2.0:m=2.5.mean_latency,8140.773425868059
aggregate.fan_out.over.aimd:a=2.0:m=2.5.max_node_queue,36.0
aggregate.fan_out.over.aimd:a=2.0:m=2.5.max_external_backlog,709.5333333333333
aggregate.fan_out.over.aimd:a=2.0:m=2.5.pending_after_drain,185.53333333333333
aggregate.fan_out.over.aimd:a=2.0:m=2.5.sustained_no_progress,0.0
aggregate.fan_out.over.aimd:a=2.0:m=2.5.activations,968.0
aggregate.fan_out.over.aimd:a=2.0:m=2.5.blocked_ticks,12691.7
aggregate.fan_out.over.aimd:a=2.0:m=2.5.busy_ticks,13620.533333333333
aggregate.fan_out.over.aimd:a=2.0:m=2.5.atomic_publish_stalls,12109.7
aggregate.fan_out.over.aimd:a=2.0:m=2.5.overflow_attempts,0.0
aggregate.fan_out.over.aimd:a=2.0:m=2.5.queue_cv,0.1766756403500031
aggregate.fan_out.over.aimd:a=2.0:m=2.5.queue_direction_reversals,373.53333333333336
aggregate.fan_out.over.aimd:a=2.0:m=2.5.source_fairness,1.0
aggregate.diamond.under.reactive.generated_traces,221.33333333333334
aggregate.diamond.under.reactive.sink_completions,221.33333333333334
aggregate.diamond.under.reactive.throughput_per_1000_ticks,52.698412698412696
aggregate.diamond.under.reactive.p50_latency,29.8
aggregate.diamond.under.reactive.p95_latency,34.593333333333334
aggregate.diamond.under.reactive.p99_latency,36.556333333333335
aggregate.diamond.under.reactive.mean_latency,30.05362487710941
aggregate.diamond.under.reactive.max_node_queue,1.8
aggregate.diamond.under.reactive.max_external_backlog,0.0
aggregate.diamond.under.reactive.pending_after_drain,0.0
aggregate.diamond.under.reactive.sustained_no_progress,0.0
aggregate.diamond.under.reactive.activations,1539.2666666666667
aggregate.diamond.under.reactive.blocked_ticks,1101.6333333333334
aggregate.diamond.under.reactive.busy_ticks,12582.2
aggregate.diamond.under.reactive.atomic_publish_stalls,0.0
aggregate.diamond.under.reactive.overflow_attempts,0.0
aggregate.diamond.under.reactive.queue_cv,1.956069915552273
aggregate.diamond.under.reactive.queue_direction_reversals,82.86666666666666
aggregate.diamond.under.reactive.source_fairness,1.0
aggregate.diamond.under.watermark.generated_traces,221.33333333333334
aggregate.diamond.under.watermark.sink_completions,221.33333333333334
aggregate.diamond.under.watermark.throughput_per_1000_ticks,52.698412698412696
aggregate.diamond.under.watermark.p50_latency,29.8
aggregate.diamond.under.watermark.p95_latency,34.593333333333334
aggregate.diamond.under.watermark.p99_latency,36.556333333333335
aggregate.diamond.under.watermark.mean_latency,30.05362487710941
aggregate.diamond.under.watermark.max_node_queue,1.8
aggregate.diamond.under.watermark.max_external_backlog,0.0
aggregate.diamond.under.watermark.pending_after_drain,0.0
aggregate.diamond.under.watermark.sustained_no_progress,0.0
aggregate.diamond.under.watermark.activations,1539.2666666666667
aggregate.diamond.under.watermark.blocked_ticks,1101.6333333333334
aggregate.diamond.under.watermark.busy_ticks,12582.2
aggregate.diamond.under.watermark.atomic_publish_stalls,0.0
aggregate.diamond.under.watermark.overflow_attempts,0.0
aggregate.diamond.under.watermark.queue_cv,1.956069915552273
aggregate.diamond.under.watermark.queue_direction_reversals,82.86666666666666
aggregate.diamond.under.watermark.source_fairness,1.0
aggregate.diamond.under.credit.generated_traces,221.33333333333334
aggregate.diamond.under.credit.sink_completions,221.33333333333334
aggregate.diamond.under.credit.throughput_per_1000_ticks,52.698412698412696
aggregate.diamond.under.credit.p50_latency,29.8
aggregate.diamond.under.credit.p95_latency,34.593333333333334
aggregate.diamond.under.credit.p99_latency,36.556333333333335
aggregate.diamond.under.credit.mean_latency,30.05362487710941
aggregate.diamond.under.credit.max_node_queue,1.8
aggregate.diamond.under.credit.max_external_backlog,0.0
aggregate.diamond.under.credit.pending_after_drain,0.0
aggregate.diamond.under.credit.sustained_no_progress,0.0
aggregate.diamond.under.credit.activations,1539.2666666666667
aggregate.diamond.under.credit.blocked_ticks,1101.6333333333334
aggregate.diamond.under.credit.busy_ticks,12582.2
aggregate.diamond.under.credit.atomic_publish_stalls,0.0
aggregate.diamond.under.credit.overflow_attempts,0.0
aggregate.diamond.under.credit.queue_cv,1.956069915552273
aggregate.diamond.under.credit.queue_direction_reversals,82.86666666666666
aggregate.diamond.under.credit.source_fairness,1.0
aggregate.diamond.under.pi.generated_traces,221.33333333333334
aggregate.diamond.under.pi.sink_completions,221.33333333333334
aggregate.diamond.under.pi.throughput_per_1000_ticks,52.698412698412696
aggregate.diamond.under.pi.p50_latency,29.8
aggregate.diamond.under.pi.p95_latency,34.593333333333334
aggregate.diamond.under.pi.p99_latency,36.556333333333335
aggregate.diamond.under.pi.mean_latency,30.05362487710941
aggregate.diamond.under.pi.max_node_queue,1.8
aggregate.diamond.under.pi.max_external_backlog,0.0
aggregate.diamond.under.pi.pending_after_drain,0.0
aggregate.diamond.under.pi.sustained_no_progress,0.0
aggregate.diamond.under.pi.activations,1539.2666666666667
aggregate.diamond.under.pi.blocked_ticks,1101.6333333333334
aggregate.diamond.under.pi.busy_ticks,12582.2
aggregate.diamond.under.pi.atomic_publish_stalls,0.0
aggregate.diamond.under.pi.overflow_attempts,0.0
aggregate.diamond.under.pi.queue_cv,1.956069915552273
aggregate.diamond.under.pi.queue_direction_reversals,82.86666666666666
aggregate.diamond.under.pi.source_fairness,1.0
aggregate.diamond.under.aimd:a=0.5:m=1.35.generated_traces,221.26666666666668
aggregate.diamond.under.aimd:a=0.5:m=1.35.sink_completions,221.26666666666668
aggregate.diamond.under.aimd:a=0.5:m=1.35.throughput_per_1000_ticks,52.682539682539684
aggregate.diamond.under.aimd:a=0.5:m=1.35.p50_latency,1944.35
aggregate.diamond.under.aimd:a=0.5:m=1.35.p95_latency,4713.2699999999995
aggregate.diamond.under.aimd:a=0.5:m=1.35.p99_latency,4962.952666666666
aggregate.diamond.under.aimd:a=0.5:m=1.35.mean_latency,2216.303856884669
aggregate.diamond.under.aimd:a=0.5:m=1.35.max_node_queue,36.0
aggregate.diamond.under.aimd:a=0.5:m=1.35.max_external_backlog,48.6
aggregate.diamond.under.aimd:a=0.5:m=1.35.pending_after_drain,0.0
aggregate.diamond.under.aimd:a=0.5:m=1.35.sustained_no_progress,1.0
aggregate.diamond.under.aimd:a=0.5:m=1.35.activations,429.6333333333333
aggregate.diamond.under.aimd:a=0.5:m=1.35.blocked_ticks,15625.4
aggregate.diamond.under.aimd:a=0.5:m=1.35.busy_ticks,5768.766666666666
aggregate.diamond.under.aimd:a=0.5:m=1.35.atomic_publish_stalls,15313.666666666666
aggregate.diamond.under.aimd:a=0.5:m=1.35.overflow_attempts,0.0
aggregate.diamond.under.aimd:a=0.5:m=1.35.queue_cv,0.4602087559481654
aggregate.diamond.under.aimd:a=0.5:m=1.35.queue_direction_reversals,163.86666666666667
aggregate.diamond.under.aimd:a=0.5:m=1.35.source_fairness,1.0
aggregate.diamond.under.aimd:a=0.5:m=1.8.generated_traces,221.7
aggregate.diamond.under.aimd:a=0.5:m=1.8.sink_completions,221.7
aggregate.diamond.under.aimd:a=0.5:m=1.8.throughput_per_1000_ticks,52.78571428571429
aggregate.diamond.under.aimd:a=0.5:m=1.8.p50_latency,2153.633333333333
aggregate.diamond.under.aimd:a=0.5:m=1.8.p95_latency,4940.289999999999
aggregate.diamond.under.aimd:a=0.5:m=1.8.p99_latency,5187.027
aggregate.diamond.under.aimd:a=0.5:m=1.8.mean_latency,2390.5153325525202
aggregate.diamond.under.aimd:a=0.5:m=1.8.max_node_queue,36.0
aggregate.diamond.under.aimd:a=0.5:m=1.8.max_external_backlog,53.46666666666667
aggregate.diamond.under.aimd:a=0.5:m=1.8.pending_after_drain,0.0
aggregate.diamond.under.aimd:a=0.5:m=1.8.sustained_no_progress,1.0
aggregate.diamond.under.aimd:a=0.5:m=1.8.activations,413.6
aggregate.diamond.under.aimd:a=0.5:m=1.8.blocked_ticks,16365.033333333333
aggregate.diamond.under.aimd:a=0.5:m=1.8.busy_ticks,5666.666666666667
aggregate.diamond.under.aimd:a=0.5:m=1.8.atomic_publish_stalls,16067.033333333333
aggregate.diamond.under.aimd:a=0.5:m=1.8.overflow_attempts,0.0
aggregate.diamond.under.aimd:a=0.5:m=1.8.queue_cv,0.4361413299257292
aggregate.diamond.under.aimd:a=0.5:m=1.8.queue_direction_reversals,156.8
aggregate.diamond.under.aimd:a=0.5:m=1.8.source_fairness,1.0
aggregate.diamond.under.aimd:a=0.5:m=2.5.generated_traces,221.66666666666666
aggregate.diamond.under.aimd:a=0.5:m=2.5.sink_completions,221.66666666666666
aggregate.diamond.under.aimd:a=0.5:m=2.5.throughput_per_1000_ticks,52.777777777777786
aggregate.diamond.under.aimd:a=0.5:m=2.5.p50_latency,2217.8166666666666
aggregate.diamond.under.aimd:a=0.5:m=2.5.p95_latency,4995.578333333334
aggregate.diamond.under.aimd:a=0.5:m=2.5.p99_latency,5250.873333333334
aggregate.diamond.under.aimd:a=0.5:m=2.5.mean_latency,2443.0005935107033
aggregate.diamond.under.aimd:a=0.5:m=2.5.max_node_queue,36.0
aggregate.diamond.under.aimd:a=0.5:m=2.5.max_external_backlog,53.833333333333336
aggregate.diamond.under.aimd:a=0.5:m=2.5.pending_after_drain,0.0
aggregate.diamond.under.aimd:a=0.5:m=2.5.sustained_no_progress,1.0
aggregate.diamond.under.aimd:a=0.5:m=2.5.activations,405.7
aggregate.diamond.under.aimd:a=0.5:m=2.5.blocked_ticks,16431.466666666667
aggregate.diamond.under.aimd:a=0.5:m=2.5.busy_ticks,5609.833333333333
aggregate.diamond.under.aimd:a=0.5:m=2.5.atomic_publish_stalls,16139.866666666667
aggregate.diamond.under.aimd:a=0.5:m=2.5.overflow_attempts,0.0
aggregate.diamond.under.aimd:a=0.5:m=2.5.queue_cv,0.4322197349764211
aggregate.diamond.under.aimd:a=0.5:m=2.5.queue_direction_reversals,155.4
aggregate.diamond.under.aimd:a=0.5:m=2.5.source_fairness,1.0
aggregate.diamond.under.aimd:a=1.0:m=1.35.generated_traces,221.26666666666668
aggregate.diamond.under.aimd:a=1.0:m=1.35.sink_completions,221.26666666666668
aggregate.diamond.under.aimd:a=1.0:m=1.35.throughput_per_1000_ticks,52.682539682539684
aggregate.diamond.under.aimd:a=1.0:m=1.35.p50_latency,1944.35
aggregate.diamond.under.aimd:a=1.0:m=1.35.p95_latency,4713.2699999999995
aggregate.diamond.under.aimd:a=1.0:m=1.35.p99_latency,4962.952666666666
aggregate.diamond.under.aimd:a=1.0:m=1.35.mean_latency,2216.303856884669
aggregate.diamond.under.aimd:a=1.0:m=1.35.max_node_queue,36.0
aggregate.diamond.under.aimd:a=1.0:m=1.35.max_external_backlog,48.6
aggregate.diamond.under.aimd:a=1.0:m=1.35.pending_after_drain,0.0
aggregate.diamond.under.aimd:a=1.0:m=1.35.sustained_no_progress,1.0
aggregate.diamond.under.aimd:a=1.0:m=1.35.activations,429.6333333333333
aggregate.diamond.under.aimd:a=1.0:m=1.35.blocked_ticks,15625.4
aggregate.diamond.under.aimd:a=1.0:m=1.35.busy_ticks,5768.766666666666
aggregate.diamond.under.aimd:a=1.0:m=1.35.atomic_publish_stalls,15313.666666666666
aggregate.diamond.under.aimd:a=1.0:m=1.35.overflow_attempts,0.0
aggregate.diamond.under.aimd:a=1.0:m=1.35.queue_cv,0.4602087559481654
aggregate.diamond.under.aimd:a=1.0:m=1.35.queue_direction_reversals,163.86666666666667
aggregate.diamond.under.aimd:a=1.0:m=1.35.source_fairness,1.0
aggregate.diamond.under.aimd:a=1.0:m=1.8.generated_traces,221.7
aggregate.diamond.under.aimd:a=1.0:m=1.8.sink_completions,221.7
aggregate.diamond.under.aimd:a=1.0:m=1.8.throughput_per_1000_ticks,52.78571428571429
aggregate.diamond.under.aimd:a=1.0:m=1.8.p50_latency,2153.633333333333
aggregate.diamond.under.aimd:a=1.0:m=1.8.p95_latency,4940.289999999999
aggregate.diamond.under.aimd:a=1.0:m=1.8.p99_latency,5187.027
aggregate.diamond.under.aimd:a=1.0:m=1.8.mean_latency,2390.5153325525202
aggregate.diamond.under.aimd:a=1.0:m=1.8.max_node_queue,36.0
aggregate.diamond.under.aimd:a=1.0:m=1.8.max_external_backlog,53.46666666666667
aggregate.diamond.under.aimd:a=1.0:m=1.8.pending_after_drain,0.0
aggregate.diamond.under.aimd:a=1.0:m=1.8.sustained_no_progress,1.0
aggregate.diamond.under.aimd:a=1.0:m=1.8.activations,413.6
aggregate.diamond.under.aimd:a=1.0:m=1.8.blocked_ticks,16365.033333333333
aggregate.diamond.under.aimd:a=1.0:m=1.8.busy_ticks,5666.666666666667
aggregate.diamond.under.aimd:a=1.0:m=1.8.atomic_publish_stalls,16067.033333333333
aggregate.diamond.under.aimd:a=1.0:m=1.8.overflow_attempts,0.0
aggregate.diamond.under.aimd:a=1.0:m=1.8.queue_cv,0.4361413299257292
aggregate.diamond.under.aimd:a=1.0:m=1.8.queue_direction_reversals,156.8
aggregate.diamond.under.aimd:a=1.0:m=1.8.source_fairness,1.0
aggregate.diamond.under.aimd:a=1.0:m=2.5.generated_traces,221.66666666666666
aggregate.diamond.under.aimd:a=1.0:m=2.5.sink_completions,221.66666666666666
aggregate.diamond.under.aimd:a=1.0:m=2.5.throughput_per_1000_ticks,52.777777777777786
aggregate.diamond.under.aimd:a=1.0:m=2.5.p50_latency,2217.8166666666666
aggregate.diamond.under.aimd:a=1.0:m=2.5.p95_latency,4995.578333333334
aggregate.diamond.under.aimd:a=1.0:m=2.5.p99_latency,5250.873333333334
aggregate.diamond.under.aimd:a=1.0:m=2.5.mean_latency,2443.0005935107033
aggregate.diamond.under.aimd:a=1.0:m=2.5.max_node_queue,36.0
aggregate.diamond.under.aimd:a=1.0:m=2.5.max_external_backlog,53.833333333333336
aggregate.diamond.under.aimd:a=1.0:m=2.5.pending_after_drain,0.0
aggregate.diamond.under.aimd:a=1.0:m=2.5.sustained_no_progress,1.0
aggregate.diamond.under.aimd:a=1.0:m=2.5.activations,405.7
aggregate.diamond.under.aimd:a=1.0:m=2.5.blocked_ticks,16431.466666666667
aggregate.diamond.under.aimd:a=1.0:m=2.5.busy_ticks,5609.833333333333
aggregate.diamond.under.aimd:a=1.0:m=2.5.atomic_publish_stalls,16139.866666666667
aggregate.diamond.under.aimd:a=1.0:m=2.5.overflow_attempts,0.0
aggregate.diamond.under.aimd:a=1.0:m=2.5.queue_cv,0.4322197349764211
aggregate.diamond.under.aimd:a=1.0:m=2.5.queue_direction_reversals,155.4
aggregate.diamond.under.aimd:a=1.0:m=2.5.source_fairness,1.0
aggregate.diamond.under.aimd:a=2.0:m=1.35.generated_traces,221.26666666666668
aggregate.diamond.under.aimd:a=2.0:m=1.35.sink_completions,221.26666666666668
aggregate.diamond.under.aimd:a=2.0:m=1.35.throughput_per_1000_ticks,52.682539682539684
aggregate.diamond.under.aimd:a=2.0:m=1.35.p50_latency,1944.35
aggregate.diamond.under.aimd:a=2.0:m=1.35.p95_latency,4713.2699999999995
aggregate.diamond.under.aimd:a=2.0:m=1.35.p99_latency,4962.952666666666
aggregate.diamond.under.aimd:a=2.0:m=1.35.mean_latency,2216.303856884669
aggregate.diamond.under.aimd:a=2.0:m=1.35.max_node_queue,36.0
aggregate.diamond.under.aimd:a=2.0:m=1.35.max_external_backlog,48.6
aggregate.diamond.under.aimd:a=2.0:m=1.35.pending_after_drain,0.0
aggregate.diamond.under.aimd:a=2.0:m=1.35.sustained_no_progress,1.0
aggregate.diamond.under.aimd:a=2.0:m=1.35.activations,429.6333333333333
aggregate.diamond.under.aimd:a=2.0:m=1.35.blocked_ticks,15625.4
aggregate.diamond.under.aimd:a=2.0:m=1.35.busy_ticks,5768.766666666666
aggregate.diamond.under.aimd:a=2.0:m=1.35.atomic_publish_stalls,15313.666666666666
aggregate.diamond.under.aimd:a=2.0:m=1.35.overflow_attempts,0.0
aggregate.diamond.under.aimd:a=2.0:m=1.35.queue_cv,0.4602087559481654
aggregate.diamond.under.aimd:a=2.0:m=1.35.queue_direction_reversals,163.86666666666667
aggregate.diamond.under.aimd:a=2.0:m=1.35.source_fairness,1.0
aggregate.diamond.under.aimd:a=2.0:m=1.8.generated_traces,221.7
aggregate.diamond.under.aimd:a=2.0:m=1.8.sink_completions,221.7
aggregate.diamond.under.aimd:a=2.0:m=1.8.throughput_per_1000_ticks,52.78571428571429
aggregate.diamond.under.aimd:a=2.0:m=1.8.p50_latency,2153.633333333333
aggregate.diamond.under.aimd:a=2.0:m=1.8.p95_latency,4940.289999999999
aggregate.diamond.under.aimd:a=2.0:m=1.8.p99_latency,5187.027
aggregate.diamond.under.aimd:a=2.0:m=1.8.mean_latency,2390.5153325525202
aggregate.diamond.under.aimd:a=2.0:m=1.8.max_node_queue,36.0
aggregate.diamond.under.aimd:a=2.0:m=1.8.max_external_backlog,53.46666666666667
aggregate.diamond.under.aimd:a=2.0:m=1.8.pending_after_drain,0.0
aggregate.diamond.under.aimd:a=2.0:m=1.8.sustained_no_progress,1.0
aggregate.diamond.under.aimd:a=2.0:m=1.8.activations,413.6
aggregate.diamond.under.aimd:a=2.0:m=1.8.blocked_ticks,16365.033333333333
aggregate.diamond.under.aimd:a=2.0:m=1.8.busy_ticks,5666.666666666667
aggregate.diamond.under.aimd:a=2.0:m=1.8.atomic_publish_stalls,16067.033333333333
aggregate.diamond.under.aimd:a=2.0:m=1.8.overflow_attempts,0.0
aggregate.diamond.under.aimd:a=2.0:m=1.8.queue_cv,0.4361413299257292
aggregate.diamond.under.aimd:a=2.0:m=1.8.queue_direction_reversals,156.8
aggregate.diamond.under.aimd:a=2.0:m=1.8.source_fairness,1.0
aggregate.diamond.under.aimd:a=2.0:m=2.5.generated_traces,221.66666666666666
aggregate.diamond.under.aimd:a=2.0:m=2.5.sink_completions,221.66666666666666
aggregate.diamond.under.aimd:a=2.0:m=2.5.throughput_per_1000_ticks,52.777777777777786
aggregate.diamond.under.aimd:a=2.0:m=2.5.p50_latency,2217.8166666666666
aggregate.diamond.under.aimd:a=2.0:m=2.5.p95_latency,4995.578333333334
aggregate.diamond.under.aimd:a=2.0:m=2.5.p99_latency,5250.873333333334
aggregate.diamond.under.aimd:a=2.0:m=2.5.mean_latency,2443.0005935107033
aggregate.diamond.under.aimd:a=2.0:m=2.5.max_node_queue,36.0
aggregate.diamond.under.aimd:a=2.0:m=2.5.max_external_backlog,53.833333333333336
aggregate.diamond.under.aimd:a=2.0:m=2.5.pending_after_drain,0.0
aggregate.diamond.under.aimd:a=2.0:m=2.5.sustained_no_progress,1.0
aggregate.diamond.under.aimd:a=2.0:m=2.5.activations,405.7
aggregate.diamond.under.aimd:a=2.0:m=2.5.blocked_ticks,16431.466666666667
aggregate.diamond.under.aimd:a=2.0:m=2.5.busy_ticks,5609.833333333333
aggregate.diamond.under.aimd:a=2.0:m=2.5.atomic_publish_stalls,16139.866666666667
aggregate.diamond.under.aimd:a=2.0:m=2.5.overflow_attempts,0.0
aggregate.diamond.under.aimd:a=2.0:m=2.5.queue_cv,0.4322197349764211
aggregate.diamond.under.aimd:a=2.0:m=2.5.queue_direction_reversals,155.4
aggregate.diamond.under.aimd:a=2.0:m=2.5.source_fairness,1.0
aggregate.diamond.capacity.reactive.generated_traces,420.3333333333333
aggregate.diamond.capacity.reactive.sink_completions,420.3333333333333
aggregate.diamond.capacity.reactive.throughput_per_1000_ticks,100.07936507936508
aggregate.diamond.capacity.reactive.p50_latency,38.3
aggregate.diamond.capacity.reactive.p95_latency,46.67166666666667
aggregate.diamond.capacity.reactive.p99_latency,49.97366666666667
aggregate.diamond.capacity.reactive.mean_latency,38.58543038175963
aggregate.diamond.capacity.reactive.max_node_queue,4.333333333333333
aggregate.diamond.capacity.reactive.max_external_backlog,0.0
aggregate.diamond.capacity.reactive.pending_after_drain,0.0
aggregate.diamond.capacity.reactive.sustained_no_progress,0.0
aggregate.diamond.capacity.reactive.activations,1749.6333333333334
aggregate.diamond.capacity.reactive.blocked_ticks,1385.9
aggregate.diamond.capacity.reactive.busy_ticks,16552.633333333335
aggregate.diamond.capacity.reactive.atomic_publish_stalls,0.0
aggregate.diamond.capacity.reactive.overflow_attempts,0.0
aggregate.diamond.capacity.reactive.queue_cv,0.5904017030680931
aggregate.diamond.capacity.reactive.queue_direction_reversals,264.3333333333333
aggregate.diamond.capacity.reactive.source_fairness,1.0
aggregate.diamond.capacity.watermark.generated_traces,420.3333333333333
aggregate.diamond.capacity.watermark.sink_completions,420.3333333333333
aggregate.diamond.capacity.watermark.throughput_per_1000_ticks,100.07936507936508
aggregate.diamond.capacity.watermark.p50_latency,38.3
aggregate.diamond.capacity.watermark.p95_latency,46.67166666666667
aggregate.diamond.capacity.watermark.p99_latency,49.97366666666667
aggregate.diamond.capacity.watermark.mean_latency,38.58543038175963
aggregate.diamond.capacity.watermark.max_node_queue,4.333333333333333
aggregate.diamond.capacity.watermark.max_external_backlog,0.0
aggregate.diamond.capacity.watermark.pending_after_drain,0.0
aggregate.diamond.capacity.watermark.sustained_no_progress,0.0
aggregate.diamond.capacity.watermark.activations,1749.6333333333334
aggregate.diamond.capacity.watermark.blocked_ticks,1385.9
aggregate.diamond.capacity.watermark.busy_ticks,16552.633333333335
aggregate.diamond.capacity.watermark.atomic_publish_stalls,0.0
aggregate.diamond.capacity.watermark.overflow_attempts,0.0
aggregate.diamond.capacity.watermark.queue_cv,0.5904017030680931
aggregate.diamond.capacity.watermark.queue_direction_reversals,264.3333333333333
aggregate.diamond.capacity.watermark.source_fairness,1.0
aggregate.diamond.capacity.credit.generated_traces,420.3333333333333
aggregate.diamond.capacity.credit.sink_completions,420.3333333333333
aggregate.diamond.capacity.credit.throughput_per_1000_ticks,100.07936507936508
aggregate.diamond.capacity.credit.p50_latency,38.3
aggregate.diamond.capacity.credit.p95_latency,46.67166666666667
aggregate.diamond.capacity.credit.p99_latency,49.97366666666667
aggregate.diamond.capacity.credit.mean_latency,38.58543038175963
aggregate.diamond.capacity.credit.max_node_queue,4.333333333333333
aggregate.diamond.capacity.credit.max_external_backlog,0.0
aggregate.diamond.capacity.credit.pending_after_drain,0.0
aggregate.diamond.capacity.credit.sustained_no_progress,0.0
aggregate.diamond.capacity.credit.activations,1749.6333333333334
aggregate.diamond.capacity.credit.blocked_ticks,1385.9
aggregate.diamond.capacity.credit.busy_ticks,16552.633333333335
aggregate.diamond.capacity.credit.atomic_publish_stalls,0.0
aggregate.diamond.capacity.credit.overflow_attempts,0.0
aggregate.diamond.capacity.credit.queue_cv,0.5904017030680931
aggregate.diamond.capacity.credit.queue_direction_reversals,264.3333333333333
aggregate.diamond.capacity.credit.source_fairness,1.0
aggregate.diamond.capacity.pi.generated_traces,420.3333333333333
aggregate.diamond.capacity.pi.sink_completions,420.3333333333333
aggregate.diamond.capacity.pi.throughput_per_1000_ticks,100.07936507936508
aggregate.diamond.capacity.pi.p50_latency,38.3
aggregate.diamond.capacity.pi.p95_latency,46.67166666666667
aggregate.diamond.capacity.pi.p99_latency,49.97366666666667
aggregate.diamond.capacity.pi.mean_latency,38.58543038175963
aggregate.diamond.capacity.pi.max_node_queue,4.333333333333333
aggregate.diamond.capacity.pi.max_external_backlog,0.0
aggregate.diamond.capacity.pi.pending_after_drain,0.0
aggregate.diamond.capacity.pi.sustained_no_progress,0.0
aggregate.diamond.capacity.pi.activations,1749.6333333333334
aggregate.diamond.capacity.pi.blocked_ticks,1385.9
aggregate.diamond.capacity.pi.busy_ticks,16552.633333333335
aggregate.diamond.capacity.pi.atomic_publish_stalls,0.0
aggregate.diamond.capacity.pi.overflow_attempts,0.0
aggregate.diamond.capacity.pi.queue_cv,0.5904017030680931
aggregate.diamond.capacity.pi.queue_direction_reversals,264.3333333333333
aggregate.diamond.capacity.pi.source_fairness,1.0
aggregate.diamond.capacity.aimd:a=0.5:m=1.35.generated_traces,420.53333333333336
aggregate.diamond.capacity.aimd:a=0.5:m=1.35.sink_completions,420.53333333333336
aggregate.diamond.capacity.aimd:a=0.5:m=1.35.throughput_per_1000_ticks,100.12698412698413
aggregate.diamond.capacity.aimd:a=0.5:m=1.35.p50_latency,6388.233333333334
aggregate.diamond.capacity.aimd:a=0.5:m=1.35.p95_latency,13367.91
aggregate.diamond.capacity.aimd:a=0.5:m=1.35.p99_latency,13990.810666666666
aggregate.diamond.capacity.aimd:a=0.5:m=1.35.mean_latency,6529.060934572897
aggregate.diamond.capacity.aimd:a=0.5:m=1.35.max_node_queue,36.0
aggregate.diamond.capacity.aimd:a=0.5:m=1.35.max_external_backlog,242.93333333333334
aggregate.diamond.capacity.aimd:a=0.5:m=1.35.pending_after_drain,0.0
aggregate.diamond.capacity.aimd:a=0.5:m=1.35.sustained_no_progress,1.0
aggregate.diamond.capacity.aimd:a=0.5:m=1.35.activations,763.4666666666667
aggregate.diamond.capacity.aimd:a=0.5:m=1.35.blocked_ticks,36282.3
aggregate.diamond.capacity.aimd:a=0.5:m=1.35.busy_ticks,10590.033333333333
aggregate.diamond.capacity.aimd:a=0.5:m=1.35.atomic_publish_stalls,35733.6
aggregate.diamond.capacity.aimd:a=0.5:m=1.35.overflow_attempts,0.0
aggregate.diamond.capacity.aimd:a=0.5:m=1.35.queue_cv,0.2853755788590604
aggregate.diamond.capacity.aimd:a=0.5:m=1.35.queue_direction_reversals,241.93333333333334
aggregate.diamond.capacity.aimd:a=0.5:m=1.35.source_fairness,1.0
aggregate.diamond.capacity.aimd:a=0.5:m=1.8.generated_traces,420.8
aggregate.diamond.capacity.aimd:a=0.5:m=1.8.sink_completions,420.8
aggregate.diamond.capacity.aimd:a=0.5:m=1.8.throughput_per_1000_ticks,100.19047619047619
aggregate.diamond.capacity.aimd:a=0.5:m=1.8.p50_latency,6707.7
aggregate.diamond.capacity.aimd:a=0.5:m=1.8.p95_latency,13692.778333333332
aggregate.diamond.capacity.aimd:a=0.5:m=1.8.p99_latency,14322.814333333334
aggregate.diamond.capacity.aimd:a=0.5:m=1.8.mean_latency,6840.729670292977
aggregate.diamond.capacity.aimd:a=0.5:m=1.8.max_node_queue,36.0
aggregate.diamond.capacity.aimd:a=0.5:m=1.8.max_external_backlog,249.13333333333333
aggregate.diamond.capacity.aimd:a=0.5:m=1.8.pending_after_drain,0.0
aggregate.diamond.capacity.aimd:a=0.5:m=1.8.sustained_no_progress,1.0
aggregate.diamond.capacity.aimd:a=0.5:m=1.8.activations,753.9666666666667
aggregate.diamond.capacity.aimd:a=0.5:m=1.8.blocked_ticks,37258.73333333333
aggregate.diamond.capacity.aimd:a=0.5:m=1.8.busy_ticks,10532.2
aggregate.diamond.capacity.aimd:a=0.5:m=1.8.atomic_publish_stalls,36718.3
aggregate.diamond.capacity.aimd:a=0.5:m=1.8.overflow_attempts,0.0
aggregate.diamond.capacity.aimd:a=0.5:m=1.8.queue_cv,0.2774833576701448
aggregate.diamond.capacity.aimd:a=0.5:m=1.8.queue_direction_reversals,238.93333333333334
aggregate.diamond.capacity.aimd:a=0.5:m=1.8.source_fairness,1.0
aggregate.diamond.capacity.aimd:a=0.5:m=2.5.generated_traces,420.6666666666667
aggregate.diamond.capacity.aimd:a=0.5:m=2.5.sink_completions,420.6666666666667
aggregate.diamond.capacity.aimd:a=0.5:m=2.5.throughput_per_1000_ticks,100.15873015873015
aggregate.diamond.capacity.aimd:a=0.5:m=2.5.p50_latency,6863.65
aggregate.diamond.capacity.aimd:a=0.5:m=2.5.p95_latency,13842.728333333333
aggregate.diamond.capacity.aimd:a=0.5:m=2.5.p99_latency,14468.274
aggregate.diamond.capacity.aimd:a=0.5:m=2.5.mean_latency,6976.415307320759
aggregate.diamond.capacity.aimd:a=0.5:m=2.5.max_node_queue,36.0
aggregate.diamond.capacity.aimd:a=0.5:m=2.5.max_external_backlog,251.56666666666666
aggregate.diamond.capacity.aimd:a=0.5:m=2.5.pending_after_drain,0.0
aggregate.diamond.capacity.aimd:a=0.5:m=2.5.sustained_no_progress,1.0
aggregate.diamond.capacity.aimd:a=0.5:m=2.5.activations,751.1
aggregate.diamond.capacity.aimd:a=0.5:m=2.5.blocked_ticks,37520.933333333334
aggregate.diamond.capacity.aimd:a=0.5:m=2.5.busy_ticks,10514.266666666666
aggregate.diamond.capacity.aimd:a=0.5:m=2.5.atomic_publish_stalls,36983.23333333333
aggregate.diamond.capacity.aimd:a=0.5:m=2.5.overflow_attempts,0.0
aggregate.diamond.capacity.aimd:a=0.5:m=2.5.queue_cv,0.2741944129524745
aggregate.diamond.capacity.aimd:a=0.5:m=2.5.queue_direction_reversals,234.93333333333334
aggregate.diamond.capacity.aimd:a=0.5:m=2.5.source_fairness,1.0
aggregate.diamond.capacity.aimd:a=1.0:m=1.35.generated_traces,420.53333333333336
aggregate.diamond.capacity.aimd:a=1.0:m=1.35.sink_completions,420.53333333333336
aggregate.diamond.capacity.aimd:a=1.0:m=1.35.throughput_per_1000_ticks,100.12698412698413
aggregate.diamond.capacity.aimd:a=1.0:m=1.35.p50_latency,6388.233333333334
aggregate.diamond.capacity.aimd:a=1.0:m=1.35.p95_latency,13367.91
aggregate.diamond.capacity.aimd:a=1.0:m=1.35.p99_latency,13990.810666666666
aggregate.diamond.capacity.aimd:a=1.0:m=1.35.mean_latency,6529.060934572897
aggregate.diamond.capacity.aimd:a=1.0:m=1.35.max_node_queue,36.0
aggregate.diamond.capacity.aimd:a=1.0:m=1.35.max_external_backlog,242.93333333333334
aggregate.diamond.capacity.aimd:a=1.0:m=1.35.pending_after_drain,0.0
aggregate.diamond.capacity.aimd:a=1.0:m=1.35.sustained_no_progress,1.0
aggregate.diamond.capacity.aimd:a=1.0:m=1.35.activations,763.4666666666667
aggregate.diamond.capacity.aimd:a=1.0:m=1.35.blocked_ticks,36282.3
aggregate.diamond.capacity.aimd:a=1.0:m=1.35.busy_ticks,10590.033333333333
aggregate.diamond.capacity.aimd:a=1.0:m=1.35.atomic_publish_stalls,35733.6
aggregate.diamond.capacity.aimd:a=1.0:m=1.35.overflow_attempts,0.0
aggregate.diamond.capacity.aimd:a=1.0:m=1.35.queue_cv,0.2853755788590604
aggregate.diamond.capacity.aimd:a=1.0:m=1.35.queue_direction_reversals,241.93333333333334
aggregate.diamond.capacity.aimd:a=1.0:m=1.35.source_fairness,1.0
aggregate.diamond.capacity.aimd:a=1.0:m=1.8.generated_traces,420.8
aggregate.diamond.capacity.aimd:a=1.0:m=1.8.sink_completions,420.8
aggregate.diamond.capacity.aimd:a=1.0:m=1.8.throughput_per_1000_ticks,100.19047619047619
aggregate.diamond.capacity.aimd:a=1.0:m=1.8.p50_latency,6707.7
aggregate.diamond.capacity.aimd:a=1.0:m=1.8.p95_latency,13692.778333333332
aggregate.diamond.capacity.aimd:a=1.0:m=1.8.p99_latency,14322.814333333334
aggregate.diamond.capacity.aimd:a=1.0:m=1.8.mean_latency,6840.729670292977
aggregate.diamond.capacity.aimd:a=1.0:m=1.8.max_node_queue,36.0
aggregate.diamond.capacity.aimd:a=1.0:m=1.8.max_external_backlog,249.13333333333333
aggregate.diamond.capacity.aimd:a=1.0:m=1.8.pending_after_drain,0.0
aggregate.diamond.capacity.aimd:a=1.0:m=1.8.sustained_no_progress,1.0
aggregate.diamond.capacity.aimd:a=1.0:m=1.8.activations,753.9666666666667
aggregate.diamond.capacity.aimd:a=1.0:m=1.8.blocked_ticks,37258.73333333333
aggregate.diamond.capacity.aimd:a=1.0:m=1.8.busy_ticks,10532.2
aggregate.diamond.capacity.aimd:a=1.0:m=1.8.atomic_publish_stalls,36718.3
aggregate.diamond.capacity.aimd:a=1.0:m=1.8.overflow_attempts,0.0
aggregate.diamond.capacity.aimd:a=1.0:m=1.8.queue_cv,0.2774833576701448
aggregate.diamond.capacity.aimd:a=1.0:m=1.8.queue_direction_reversals,238.93333333333334
aggregate.diamond.capacity.aimd:a=1.0:m=1.8.source_fairness,1.0
aggregate.diamond.capacity.aimd:a=1.0:m=2.5.generated_traces,420.6666666666667
aggregate.diamond.capacity.aimd:a=1.0:m=2.5.sink_completions,420.6666666666667
aggregate.diamond.capacity.aimd:a=1.0:m=2.5.throughput_per_1000_ticks,100.15873015873015
aggregate.diamond.capacity.aimd:a=1.0:m=2.5.p50_latency,6863.65
aggregate.diamond.capacity.aimd:a=1.0:m=2.5.p95_latency,13842.728333333333
aggregate.diamond.capacity.aimd:a=1.0:m=2.5.p99_latency,14468.274
aggregate.diamond.capacity.aimd:a=1.0:m=2.5.mean_latency,6976.415307320759
aggregate.diamond.capacity.aimd:a=1.0:m=2.5.max_node_queue,36.0
aggregate.diamond.capacity.aimd:a=1.0:m=2.5.max_external_backlog,251.56666666666666
aggregate.diamond.capacity.aimd:a=1.0:m=2.5.pending_after_drain,0.0
aggregate.diamond.capacity.aimd:a=1.0:m=2.5.sustained_no_progress,1.0
aggregate.diamond.capacity.aimd:a=1.0:m=2.5.activations,751.1
aggregate.diamond.capacity.aimd:a=1.0:m=2.5.blocked_ticks,37520.933333333334
aggregate.diamond.capacity.aimd:a=1.0:m=2.5.busy_ticks,10514.266666666666
aggregate.diamond.capacity.aimd:a=1.0:m=2.5.atomic_publish_stalls,36983.23333333333
aggregate.diamond.capacity.aimd:a=1.0:m=2.5.overflow_attempts,0.0
aggregate.diamond.capacity.aimd:a=1.0:m=2.5.queue_cv,0.2741944129524745
aggregate.diamond.capacity.aimd:a=1.0:m=2.5.queue_direction_reversals,234.93333333333334
aggregate.diamond.capacity.aimd:a=1.0:m=2.5.source_fairness,1.0
aggregate.diamond.capacity.aimd:a=2.0:m=1.35.generated_traces,420.53333333333336
aggregate.diamond.capacity.aimd:a=2.0:m=1.35.sink_completions,420.53333333333336
aggregate.diamond.capacity.aimd:a=2.0:m=1.35.throughput_per_1000_ticks,100.12698412698413
aggregate.diamond.capacity.aimd:a=2.0:m=1.35.p50_latency,6388.233333333334
aggregate.diamond.capacity.aimd:a=2.0:m=1.35.p95_latency,13367.91
aggregate.diamond.capacity.aimd:a=2.0:m=1.35.p99_latency,13990.810666666666
aggregate.diamond.capacity.aimd:a=2.0:m=1.35.mean_latency,6529.060934572897
aggregate.diamond.capacity.aimd:a=2.0:m=1.35.max_node_queue,36.0
aggregate.diamond.capacity.aimd:a=2.0:m=1.35.max_external_backlog,242.93333333333334
aggregate.diamond.capacity.aimd:a=2.0:m=1.35.pending_after_drain,0.0
aggregate.diamond.capacity.aimd:a=2.0:m=1.35.sustained_no_progress,1.0
aggregate.diamond.capacity.aimd:a=2.0:m=1.35.activations,763.4666666666667
aggregate.diamond.capacity.aimd:a=2.0:m=1.35.blocked_ticks,36282.3
aggregate.diamond.capacity.aimd:a=2.0:m=1.35.busy_ticks,10590.033333333333
aggregate.diamond.capacity.aimd:a=2.0:m=1.35.atomic_publish_stalls,35733.6
aggregate.diamond.capacity.aimd:a=2.0:m=1.35.overflow_attempts,0.0
aggregate.diamond.capacity.aimd:a=2.0:m=1.35.queue_cv,0.2853755788590604
aggregate.diamond.capacity.aimd:a=2.0:m=1.35.queue_direction_reversals,241.93333333333334
aggregate.diamond.capacity.aimd:a=2.0:m=1.35.source_fairness,1.0
aggregate.diamond.capacity.aimd:a=2.0:m=1.8.generated_traces,420.8
aggregate.diamond.capacity.aimd:a=2.0:m=1.8.sink_completions,420.8
aggregate.diamond.capacity.aimd:a=2.0:m=1.8.throughput_per_1000_ticks,100.19047619047619
aggregate.diamond.capacity.aimd:a=2.0:m=1.8.p50_latency,6707.7
aggregate.diamond.capacity.aimd:a=2.0:m=1.8.p95_latency,13692.778333333332
aggregate.diamond.capacity.aimd:a=2.0:m=1.8.p99_latency,14322.814333333334
aggregate.diamond.capacity.aimd:a=2.0:m=1.8.mean_latency,6840.729670292977
aggregate.diamond.capacity.aimd:a=2.0:m=1.8.max_node_queue,36.0
aggregate.diamond.capacity.aimd:a=2.0:m=1.8.max_external_backlog,249.13333333333333
aggregate.diamond.capacity.aimd:a=2.0:m=1.8.pending_after_drain,0.0
aggregate.diamond.capacity.aimd:a=2.0:m=1.8.sustained_no_progress,1.0
aggregate.diamond.capacity.aimd:a=2.0:m=1.8.activations,753.9666666666667
aggregate.diamond.capacity.aimd:a=2.0:m=1.8.blocked_ticks,37258.73333333333
aggregate.diamond.capacity.aimd:a=2.0:m=1.8.busy_ticks,10532.2
aggregate.diamond.capacity.aimd:a=2.0:m=1.8.atomic_publish_stalls,36718.3
aggregate.diamond.capacity.aimd:a=2.0:m=1.8.overflow_attempts,0.0
aggregate.diamond.capacity.aimd:a=2.0:m=1.8.queue_cv,0.2774833576701448
aggregate.diamond.capacity.aimd:a=2.0:m=1.8.queue_direction_reversals,238.93333333333334
aggregate.diamond.capacity.aimd:a=2.0:m=1.8.source_fairness,1.0
aggregate.diamond.capacity.aimd:a=2.0:m=2.5.generated_traces,420.6666666666667
aggregate.diamond.capacity.aimd:a=2.0:m=2.5.sink_completions,420.6666666666667
aggregate.diamond.capacity.aimd:a=2.0:m=2.5.throughput_per_1000_ticks,100.15873015873015
aggregate.diamond.capacity.aimd:a=2.0:m=2.5.p50_latency,6863.65
aggregate.diamond.capacity.aimd:a=2.0:m=2.5.p95_latency,13842.728333333333
aggregate.diamond.capacity.aimd:a=2.0:m=2.5.p99_latency,14468.274
aggregate.diamond.capacity.aimd:a=2.0:m=2.5.mean_latency,6976.415307320759
aggregate.diamond.capacity.aimd:a=2.0:m=2.5.max_node_queue,36.0
aggregate.diamond.capacity.aimd:a=2.0:m=2.5.max_external_backlog,251.56666666666666
aggregate.diamond.capacity.aimd:a=2.0:m=2.5.pending_after_drain,0.0
aggregate.diamond.capacity.aimd:a=2.0:m=2.5.sustained_no_progress,1.0
aggregate.diamond.capacity.aimd:a=2.0:m=2.5.activations,751.1
aggregate.diamond.capacity.aimd:a=2.0:m=2.5.blocked_ticks,37520.933333333334
aggregate.diamond.capacity.aimd:a=2.0:m=2.5.busy_ticks,10514.266666666666
aggregate.diamond.capacity.aimd:a=2.0:m=2.5.atomic_publish_stalls,36983.23333333333
aggregate.diamond.capacity.aimd:a=2.0:m=2.5.overflow_attempts,0.0
aggregate.diamond.capacity.aimd:a=2.0:m=2.5.queue_cv,0.2741944129524745
aggregate.diamond.capacity.aimd:a=2.0:m=2.5.queue_direction_reversals,234.93333333333334
aggregate.diamond.capacity.aimd:a=2.0:m=2.5.source_fairness,1.0
aggregate.diamond.over.reactive.generated_traces,935.1666666666666
aggregate.diamond.over.reactive.sink_completions,935.1666666666666
aggregate.diamond.over.reactive.throughput_per_1000_ticks,222.65873015873015
aggregate.diamond.over.reactive.p50_latency,1320.3333333333333
aggregate.diamond.over.reactive.p95_latency,2584.6566666666668
aggregate.diamond.over.reactive.p99_latency,2697.689
aggregate.diamond.over.reactive.mean_latency,1326.26721222015
aggregate.diamond.over.reactive.max_node_queue,36.0
aggregate.diamond.over.reactive.max_external_backlog,306.96666666666664
aggregate.diamond.over.reactive.pending_after_drain,0.0
aggregate.diamond.over.reactive.sustained_no_progress,0.0
aggregate.diamond.over.reactive.activations,1878.8333333333333
aggregate.diamond.over.reactive.blocked_ticks,4920.633333333333
aggregate.diamond.over.reactive.busy_ticks,24597.6
aggregate.diamond.over.reactive.atomic_publish_stalls,3512.733333333333
aggregate.diamond.over.reactive.overflow_attempts,0.0
aggregate.diamond.over.reactive.queue_cv,0.24730756437572804
aggregate.diamond.over.reactive.queue_direction_reversals,423.8666666666667
aggregate.diamond.over.reactive.source_fairness,1.0
aggregate.diamond.over.watermark.generated_traces,933.1333333333333
aggregate.diamond.over.watermark.sink_completions,933.1333333333333
aggregate.diamond.over.watermark.throughput_per_1000_ticks,222.1746031746032
aggregate.diamond.over.watermark.p50_latency,1397.5833333333333
aggregate.diamond.over.watermark.p95_latency,2668.1983333333333
aggregate.diamond.over.watermark.p99_latency,2771.8806666666665
aggregate.diamond.over.watermark.mean_latency,1398.8153047809815
aggregate.diamond.over.watermark.max_node_queue,36.0
aggregate.diamond.over.watermark.max_external_backlog,327.53333333333336
aggregate.diamond.over.watermark.pending_after_drain,0.0
aggregate.diamond.over.watermark.sustained_no_progress,0.0
aggregate.diamond.over.watermark.activations,1659.5666666666666
aggregate.diamond.over.watermark.blocked_ticks,1189.1666666666667
aggregate.diamond.over.watermark.busy_ticks,23245.766666666666
aggregate.diamond.over.watermark.atomic_publish_stalls,0.0
aggregate.diamond.over.watermark.overflow_attempts,0.0
aggregate.diamond.over.watermark.queue_cv,0.25476504890040774
aggregate.diamond.over.watermark.queue_direction_reversals,180.13333333333333
aggregate.diamond.over.watermark.source_fairness,1.0
aggregate.diamond.over.credit.generated_traces,933.2666666666667
aggregate.diamond.over.credit.sink_completions,933.2666666666667
aggregate.diamond.over.credit.throughput_per_1000_ticks,222.20634920634922
aggregate.diamond.over.credit.p50_latency,1318.8333333333333
aggregate.diamond.over.credit.p95_latency,2578.7616666666663
aggregate.diamond.over.credit.p99_latency,2688.5043333333333
aggregate.diamond.over.credit.mean_latency,1324.4320036983156
aggregate.diamond.over.credit.max_node_queue,36.0
aggregate.diamond.over.credit.max_external_backlog,308.4
aggregate.diamond.over.credit.pending_after_drain,0.0
aggregate.diamond.over.credit.sustained_no_progress,0.0
aggregate.diamond.over.credit.activations,1662.3
aggregate.diamond.over.credit.blocked_ticks,1192.7333333333333
aggregate.diamond.over.credit.busy_ticks,23266.233333333334
aggregate.diamond.over.credit.atomic_publish_stalls,0.4
aggregate.diamond.over.credit.overflow_attempts,0.0
aggregate.diamond.over.credit.queue_cv,0.2430516136458331
aggregate.diamond.over.credit.queue_direction_reversals,296.93333333333334
aggregate.diamond.over.credit.source_fairness,1.0
aggregate.diamond.over.pi.generated_traces,934.4666666666667
aggregate.diamond.over.pi.sink_completions,934.4666666666667
aggregate.diamond.over.pi.throughput_per_1000_ticks,222.4920634920635
aggregate.diamond.over.pi.p50_latency,1404.5166666666667
aggregate.diamond.over.pi.p95_latency,2666.1833333333334
aggregate.diamond.over.pi.p99_latency,2779.139
aggregate.diamond.over.pi.mean_latency,1394.4293474623498
aggregate.diamond.over.pi.max_node_queue,36.0
aggregate.diamond.over.pi.max_external_backlog,330.8
aggregate.diamond.over.pi.pending_after_drain,0.0
aggregate.diamond.over.pi.sustained_no_progress,0.0
aggregate.diamond.over.pi.activations,1669.1666666666667
aggregate.diamond.over.pi.blocked_ticks,1316.8333333333333
aggregate.diamond.over.pi.busy_ticks,23320.633333333335
aggregate.diamond.over.pi.atomic_publish_stalls,118.6
aggregate.diamond.over.pi.overflow_attempts,0.0
aggregate.diamond.over.pi.queue_cv,0.25481025190772927
aggregate.diamond.over.pi.queue_direction_reversals,295.2
aggregate.diamond.over.pi.source_fairness,1.0
aggregate.diamond.over.aimd:a=0.5:m=1.35.generated_traces,935.3
aggregate.diamond.over.aimd:a=0.5:m=1.35.sink_completions,462.2
aggregate.diamond.over.aimd:a=0.5:m=1.35.throughput_per_1000_ticks,110.04761904761905
aggregate.diamond.over.aimd:a=0.5:m=1.35.p50_latency,8292.983333333334
aggregate.diamond.over.aimd:a=0.5:m=1.35.p95_latency,17120.676666666666
aggregate.diamond.over.aimd:a=0.5:m=1.35.p99_latency,17885.302
aggregate.diamond.over.aimd:a=0.5:m=1.35.mean_latency,8394.96815207488
aggregate.diamond.over.aimd:a=0.5:m=1.35.max_node_queue,36.0
aggregate.diamond.over.aimd:a=0.5:m=1.35.max_external_backlog,753.8333333333334
aggregate.diamond.over.aimd:a=0.5:m=1.35.pending_after_drain,530.7666666666667
aggregate.diamond.over.aimd:a=0.5:m=1.35.sustained_no_progress,0.0
aggregate.diamond.over.aimd:a=0.5:m=1.35.activations,862.0333333333333
aggregate.diamond.over.aimd:a=0.5:m=1.35.blocked_ticks,47534.86666666667
aggregate.diamond.over.aimd:a=0.5:m=1.35.busy_ticks,11668.3
aggregate.diamond.over.aimd:a=0.5:m=1.35.atomic_publish_stalls,46900.0
aggregate.diamond.over.aimd:a=0.5:m=1.35.overflow_attempts,0.0
aggregate.diamond.over.aimd:a=0.5:m=1.35.queue_cv,0.10688387646732736
aggregate.diamond.over.aimd:a=0.5:m=1.35.queue_direction_reversals,345.1
aggregate.diamond.over.aimd:a=0.5:m=1.35.source_fairness,1.0
aggregate.diamond.over.aimd:a=0.5:m=1.8.generated_traces,933.8666666666667
aggregate.diamond.over.aimd:a=0.5:m=1.8.sink_completions,454.43333333333334
aggregate.diamond.over.aimd:a=0.5:m=1.8.throughput_per_1000_ticks,108.1984126984127
aggregate.diamond.over.aimd:a=0.5:m=1.8.p50_latency,8540.016666666666
aggregate.diamond.over.aimd:a=0.5:m=1.8.p95_latency,17210.303333333333
aggregate.diamond.over.aimd:a=0.5:m=1.8.p99_latency,17936.377666666664
aggregate.diamond.over.aimd:a=0.5:m=1.8.mean_latency,8618.074736989616
aggregate.diamond.over.aimd:a=0.5:m=1.8.max_node_queue,36.0
aggregate.diamond.over.aimd:a=0.5:m=1.8.max_external_backlog,760.2666666666667
aggregate.diamond.over.aimd:a=0.5:m=1.8.pending_after_drain,536.9666666666667
aggregate.diamond.over.aimd:a=0.5:m=1.8.sustained_no_progress,0.0
aggregate.diamond.over.aimd:a=0.5:m=1.8.activations,800.4
aggregate.diamond.over.aimd:a=0.5:m=1.8.blocked_ticks,43554.0
aggregate.diamond.over.aimd:a=0.5:m=1.8.busy_ticks,11185.566666666668
aggregate.diamond.over.aimd:a=0.5:m=1.8.atomic_publish_stalls,42976.0
aggregate.diamond.over.aimd:a=0.5:m=1.8.overflow_attempts,0.0
aggregate.diamond.over.aimd:a=0.5:m=1.8.queue_cv,0.11668651087931298
aggregate.diamond.over.aimd:a=0.5:m=1.8.queue_direction_reversals,248.13333333333333
aggregate.diamond.over.aimd:a=0.5:m=1.8.source_fairness,1.0
aggregate.diamond.over.aimd:a=0.5:m=2.5.generated_traces,934.3666666666667
aggregate.diamond.over.aimd:a=0.5:m=2.5.sink_completions,450.96666666666664
aggregate.diamond.over.aimd:a=0.5:m=2.5.throughput_per_1000_ticks,107.37301587301587
aggregate.diamond.over.aimd:a=0.5:m=2.5.p50_latency,8592.966666666667
aggregate.diamond.over.aimd:a=0.5:m=2.5.p95_latency,17208.70666666667
aggregate.diamond.over.aimd:a=0.5:m=2.5.p99_latency,17944.99266666667
aggregate.diamond.over.aimd:a=0.5:m=2.5.mean_latency,8698.993300581178
aggregate.diamond.over.aimd:a=0.5:m=2.5.max_node_queue,36.0
aggregate.diamond.over.aimd:a=0.5:m=2.5.max_external_backlog,763.4333333333333
aggregate.diamond.over.aimd:a=0.5:m=2.5.pending_after_drain,541.0
aggregate.diamond.over.aimd:a=0.5:m=2.5.sustained_no_progress,0.0
aggregate.diamond.over.aimd:a=0.5:m=2.5.activations,785.0
aggregate.diamond.over.aimd:a=0.5:m=2.5.blocked_ticks,42654.96666666667
aggregate.diamond.over.aimd:a=0.5:m=2.5.busy_ticks,11044.833333333334
aggregate.diamond.over.aimd:a=0.5:m=2.5.atomic_publish_stalls,42090.73333333333
aggregate.diamond.over.aimd:a=0.5:m=2.5.overflow_attempts,0.0
aggregate.diamond.over.aimd:a=0.5:m=2.5.queue_cv,0.12238400024670357
aggregate.diamond.over.aimd:a=0.5:m=2.5.queue_direction_reversals,237.76666666666668
aggregate.diamond.over.aimd:a=0.5:m=2.5.source_fairness,1.0
aggregate.diamond.over.aimd:a=1.0:m=1.35.generated_traces,935.3
aggregate.diamond.over.aimd:a=1.0:m=1.35.sink_completions,462.2
aggregate.diamond.over.aimd:a=1.0:m=1.35.throughput_per_1000_ticks,110.04761904761905
aggregate.diamond.over.aimd:a=1.0:m=1.35.p50_latency,8292.983333333334
aggregate.diamond.over.aimd:a=1.0:m=1.35.p95_latency,17120.676666666666
aggregate.diamond.over.aimd:a=1.0:m=1.35.p99_latency,17885.302
aggregate.diamond.over.aimd:a=1.0:m=1.35.mean_latency,8394.96815207488
aggregate.diamond.over.aimd:a=1.0:m=1.35.max_node_queue,36.0
aggregate.diamond.over.aimd:a=1.0:m=1.35.max_external_backlog,753.8333333333334
aggregate.diamond.over.aimd:a=1.0:m=1.35.pending_after_drain,530.7666666666667
aggregate.diamond.over.aimd:a=1.0:m=1.35.sustained_no_progress,0.0
aggregate.diamond.over.aimd:a=1.0:m=1.35.activations,862.0333333333333
aggregate.diamond.over.aimd:a=1.0:m=1.35.blocked_ticks,47534.86666666667
aggregate.diamond.over.aimd:a=1.0:m=1.35.busy_ticks,11668.3
aggregate.diamond.over.aimd:a=1.0:m=1.35.atomic_publish_stalls,46900.0
aggregate.diamond.over.aimd:a=1.0:m=1.35.overflow_attempts,0.0
aggregate.diamond.over.aimd:a=1.0:m=1.35.queue_cv,0.10688387646732736
aggregate.diamond.over.aimd:a=1.0:m=1.35.queue_direction_reversals,345.1
aggregate.diamond.over.aimd:a=1.0:m=1.35.source_fairness,1.0
aggregate.diamond.over.aimd:a=1.0:m=1.8.generated_traces,933.8666666666667
aggregate.diamond.over.aimd:a=1.0:m=1.8.sink_completions,454.43333333333334
aggregate.diamond.over.aimd:a=1.0:m=1.8.throughput_per_1000_ticks,108.1984126984127
aggregate.diamond.over.aimd:a=1.0:m=1.8.p50_latency,8540.016666666666
aggregate.diamond.over.aimd:a=1.0:m=1.8.p95_latency,17210.303333333333
aggregate.diamond.over.aimd:a=1.0:m=1.8.p99_latency,17936.377666666664
aggregate.diamond.over.aimd:a=1.0:m=1.8.mean_latency,8618.074736989616
aggregate.diamond.over.aimd:a=1.0:m=1.8.max_node_queue,36.0
aggregate.diamond.over.aimd:a=1.0:m=1.8.max_external_backlog,760.2666666666667
aggregate.diamond.over.aimd:a=1.0:m=1.8.pending_after_drain,536.9666666666667
aggregate.diamond.over.aimd:a=1.0:m=1.8.sustained_no_progress,0.0
aggregate.diamond.over.aimd:a=1.0:m=1.8.activations,800.4
aggregate.diamond.over.aimd:a=1.0:m=1.8.blocked_ticks,43554.0
aggregate.diamond.over.aimd:a=1.0:m=1.8.busy_ticks,11185.566666666668
aggregate.diamond.over.aimd:a=1.0:m=1.8.atomic_publish_stalls,42976.0
aggregate.diamond.over.aimd:a=1.0:m=1.8.overflow_attempts,0.0
aggregate.diamond.over.aimd:a=1.0:m=1.8.queue_cv,0.11668651087931298
aggregate.diamond.over.aimd:a=1.0:m=1.8.queue_direction_reversals,248.13333333333333
aggregate.diamond.over.aimd:a=1.0:m=1.8.source_fairness,1.0
aggregate.diamond.over.aimd:a=1.0:m=2.5.generated_traces,934.3666666666667
aggregate.diamond.over.aimd:a=1.0:m=2.5.sink_completions,450.96666666666664
aggregate.diamond.over.aimd:a=1.0:m=2.5.throughput_per_1000_ticks,107.37301587301587
aggregate.diamond.over.aimd:a=1.0:m=2.5.p50_latency,8592.966666666667
aggregate.diamond.over.aimd:a=1.0:m=2.5.p95_latency,17208.70666666667
aggregate.diamond.over.aimd:a=1.0:m=2.5.p99_latency,17944.99266666667
aggregate.diamond.over.aimd:a=1.0:m=2.5.mean_latency,8698.993300581178
aggregate.diamond.over.aimd:a=1.0:m=2.5.max_node_queue,36.0
aggregate.diamond.over.aimd:a=1.0:m=2.5.max_external_backlog,763.4333333333333
aggregate.diamond.over.aimd:a=1.0:m=2.5.pending_after_drain,541.0
aggregate.diamond.over.aimd:a=1.0:m=2.5.sustained_no_progress,0.0
aggregate.diamond.over.aimd:a=1.0:m=2.5.activations,785.0
aggregate.diamond.over.aimd:a=1.0:m=2.5.blocked_ticks,42654.96666666667
aggregate.diamond.over.aimd:a=1.0:m=2.5.busy_ticks,11044.833333333334
aggregate.diamond.over.aimd:a=1.0:m=2.5.atomic_publish_stalls,42090.73333333333
aggregate.diamond.over.aimd:a=1.0:m=2.5.overflow_attempts,0.0
aggregate.diamond.over.aimd:a=1.0:m=2.5.queue_cv,0.12238400024670357
aggregate.diamond.over.aimd:a=1.0:m=2.5.queue_direction_reversals,237.76666666666668
aggregate.diamond.over.aimd:a=1.0:m=2.5.source_fairness,1.0
aggregate.diamond.over.aimd:a=2.0:m=1.35.generated_traces,935.3
aggregate.diamond.over.aimd:a=2.0:m=1.35.sink_completions,462.2
aggregate.diamond.over.aimd:a=2.0:m=1.35.throughput_per_1000_ticks,110.04761904761905
aggregate.diamond.over.aimd:a=2.0:m=1.35.p50_latency,8292.983333333334
aggregate.diamond.over.aimd:a=2.0:m=1.35.p95_latency,17120.676666666666
aggregate.diamond.over.aimd:a=2.0:m=1.35.p99_latency,17885.302
aggregate.diamond.over.aimd:a=2.0:m=1.35.mean_latency,8394.96815207488
aggregate.diamond.over.aimd:a=2.0:m=1.35.max_node_queue,36.0
aggregate.diamond.over.aimd:a=2.0:m=1.35.max_external_backlog,753.8333333333334
aggregate.diamond.over.aimd:a=2.0:m=1.35.pending_after_drain,530.7666666666667
aggregate.diamond.over.aimd:a=2.0:m=1.35.sustained_no_progress,0.0
aggregate.diamond.over.aimd:a=2.0:m=1.35.activations,862.0333333333333
aggregate.diamond.over.aimd:a=2.0:m=1.35.blocked_ticks,47534.86666666667
aggregate.diamond.over.aimd:a=2.0:m=1.35.busy_ticks,11668.3
aggregate.diamond.over.aimd:a=2.0:m=1.35.atomic_publish_stalls,46900.0
aggregate.diamond.over.aimd:a=2.0:m=1.35.overflow_attempts,0.0
aggregate.diamond.over.aimd:a=2.0:m=1.35.queue_cv,0.10688387646732736
aggregate.diamond.over.aimd:a=2.0:m=1.35.queue_direction_reversals,345.1
aggregate.diamond.over.aimd:a=2.0:m=1.35.source_fairness,1.0
aggregate.diamond.over.aimd:a=2.0:m=1.8.generated_traces,933.8666666666667
aggregate.diamond.over.aimd:a=2.0:m=1.8.sink_completions,454.43333333333334
aggregate.diamond.over.aimd:a=2.0:m=1.8.throughput_per_1000_ticks,108.1984126984127
aggregate.diamond.over.aimd:a=2.0:m=1.8.p50_latency,8540.016666666666
aggregate.diamond.over.aimd:a=2.0:m=1.8.p95_latency,17210.303333333333
aggregate.diamond.over.aimd:a=2.0:m=1.8.p99_latency,17936.377666666664
aggregate.diamond.over.aimd:a=2.0:m=1.8.mean_latency,8618.074736989616
aggregate.diamond.over.aimd:a=2.0:m=1.8.max_node_queue,36.0
aggregate.diamond.over.aimd:a=2.0:m=1.8.max_external_backlog,760.2666666666667
aggregate.diamond.over.aimd:a=2.0:m=1.8.pending_after_drain,536.9666666666667
aggregate.diamond.over.aimd:a=2.0:m=1.8.sustained_no_progress,0.0
aggregate.diamond.over.aimd:a=2.0:m=1.8.activations,800.4
aggregate.diamond.over.aimd:a=2.0:m=1.8.blocked_ticks,43554.0
aggregate.diamond.over.aimd:a=2.0:m=1.8.busy_ticks,11185.566666666668
aggregate.diamond.over.aimd:a=2.0:m=1.8.atomic_publish_stalls,42976.0
aggregate.diamond.over.aimd:a=2.0:m=1.8.overflow_attempts,0.0
aggregate.diamond.over.aimd:a=2.0:m=1.8.queue_cv,0.11668651087931298
aggregate.diamond.over.aimd:a=2.0:m=1.8.queue_direction_reversals,248.13333333333333
aggregate.diamond.over.aimd:a=2.0:m=1.8.source_fairness,1.0
aggregate.diamond.over.aimd:a=2.0:m=2.5.generated_traces,934.3666666666667
aggregate.diamond.over.aimd:a=2.0:m=2.5.sink_completions,450.96666666666664
aggregate.diamond.over.aimd:a=2.0:m=2.5.throughput_per_1000_ticks,107.37301587301587
aggregate.diamond.over.aimd:a=2.0:m=2.5.p50_latency,8592.966666666667
aggregate.diamond.over.aimd:a=2.0:m=2.5.p95_latency,17208.70666666667
aggregate.diamond.over.aimd:a=2.0:m=2.5.p99_latency,17944.99266666667
aggregate.diamond.over.aimd:a=2.0:m=2.5.mean_latency,8698.993300581178
aggregate.diamond.over.aimd:a=2.0:m=2.5.max_node_queue,36.0
aggregate.diamond.over.aimd:a=2.0:m=2.5.max_external_backlog,763.4333333333333
aggregate.diamond.over.aimd:a=2.0:m=2.5.pending_after_drain,541.0
aggregate.diamond.over.aimd:a=2.0:m=2.5.sustained_no_progress,0.0
aggregate.diamond.over.aimd:a=2.0:m=2.5.activations,785.0
aggregate.diamond.over.aimd:a=2.0:m=2.5.blocked_ticks,42654.96666666667
aggregate.diamond.over.aimd:a=2.0:m=2.5.busy_ticks,11044.833333333334
aggregate.diamond.over.aimd:a=2.0:m=2.5.atomic_publish_stalls,42090.73333333333
aggregate.diamond.over.aimd:a=2.0:m=2.5.overflow_attempts,0.0
aggregate.diamond.over.aimd:a=2.0:m=2.5.queue_cv,0.12238400024670357
aggregate.diamond.over.aimd:a=2.0:m=2.5.queue_direction_reversals,237.76666666666668
aggregate.diamond.over.aimd:a=2.0:m=2.5.source_fairness,1.0
aggregate.self_loop.under.reactive.generated_traces,221.03333333333333
aggregate.self_loop.under.reactive.sink_completions,221.03333333333333
aggregate.self_loop.under.reactive.throughput_per_1000_ticks,52.62698412698413
aggregate.self_loop.under.reactive.p50_latency,12.916666666666666
aggregate.self_loop.under.reactive.p95_latency,17.331666666666663
aggregate.self_loop.under.reactive.p99_latency,19.62366666666667
aggregate.self_loop.under.reactive.mean_latency,13.256243665860366
aggregate.self_loop.under.reactive.max_node_queue,1.4333333333333333
aggregate.self_loop.under.reactive.max_external_backlog,0.0
aggregate.self_loop.under.reactive.pending_after_drain,0.0
aggregate.self_loop.under.reactive.sustained_no_progress,0.0
aggregate.self_loop.under.reactive.activations,881.2666666666667
aggregate.self_loop.under.reactive.blocked_ticks,440.6333333333333
aggregate.self_loop.under.reactive.busy_ticks,5292.166666666667
aggregate.self_loop.under.reactive.atomic_publish_stalls,0.0
aggregate.self_loop.under.reactive.overflow_attempts,0.0
aggregate.self_loop.under.reactive.queue_cv,2.8538014713190063
aggregate.self_loop.under.reactive.queue_direction_reversals,72.66666666666667
aggregate.self_loop.under.reactive.source_fairness,1.0
aggregate.self_loop.under.watermark.generated_traces,221.03333333333333
aggregate.self_loop.under.watermark.sink_completions,221.03333333333333
aggregate.self_loop.under.watermark.throughput_per_1000_ticks,52.62698412698413
aggregate.self_loop.under.watermark.p50_latency,12.916666666666666
aggregate.self_loop.under.watermark.p95_latency,17.331666666666663
aggregate.self_loop.under.watermark.p99_latency,19.62366666666667
aggregate.self_loop.under.watermark.mean_latency,13.256243665860366
aggregate.self_loop.under.watermark.max_node_queue,1.4333333333333333
aggregate.self_loop.under.watermark.max_external_backlog,0.0
aggregate.self_loop.under.watermark.pending_after_drain,0.0
aggregate.self_loop.under.watermark.sustained_no_progress,0.0
aggregate.self_loop.under.watermark.activations,881.2666666666667
aggregate.self_loop.under.watermark.blocked_ticks,440.6333333333333
aggregate.self_loop.under.watermark.busy_ticks,5292.166666666667
aggregate.self_loop.under.watermark.atomic_publish_stalls,0.0
aggregate.self_loop.under.watermark.overflow_attempts,0.0
aggregate.self_loop.under.watermark.queue_cv,2.8538014713190063
aggregate.self_loop.under.watermark.queue_direction_reversals,72.66666666666667
aggregate.self_loop.under.watermark.source_fairness,1.0
aggregate.self_loop.under.credit.generated_traces,221.03333333333333
aggregate.self_loop.under.credit.sink_completions,221.03333333333333
aggregate.self_loop.under.credit.throughput_per_1000_ticks,52.62698412698413
aggregate.self_loop.under.credit.p50_latency,12.916666666666666
aggregate.self_loop.under.credit.p95_latency,17.331666666666663
aggregate.self_loop.under.credit.p99_latency,19.62366666666667
aggregate.self_loop.under.credit.mean_latency,13.256243665860366
aggregate.self_loop.under.credit.max_node_queue,1.4333333333333333
aggregate.self_loop.under.credit.max_external_backlog,0.0
aggregate.self_loop.under.credit.pending_after_drain,0.0
aggregate.self_loop.under.credit.sustained_no_progress,0.0
aggregate.self_loop.under.credit.activations,881.2666666666667
aggregate.self_loop.under.credit.blocked_ticks,440.6333333333333
aggregate.self_loop.under.credit.busy_ticks,5292.166666666667
aggregate.self_loop.under.credit.atomic_publish_stalls,0.0
aggregate.self_loop.under.credit.overflow_attempts,0.0
aggregate.self_loop.under.credit.queue_cv,2.8538014713190063
aggregate.self_loop.under.credit.queue_direction_reversals,72.66666666666667
aggregate.self_loop.under.credit.source_fairness,1.0
aggregate.self_loop.under.pi.generated_traces,221.03333333333333
aggregate.self_loop.under.pi.sink_completions,221.03333333333333
aggregate.self_loop.under.pi.throughput_per_1000_ticks,52.62698412698413
aggregate.self_loop.under.pi.p50_latency,12.916666666666666
aggregate.self_loop.under.pi.p95_latency,17.331666666666663
aggregate.self_loop.under.pi.p99_latency,19.62366666666667
aggregate.self_loop.under.pi.mean_latency,13.256243665860366
aggregate.self_loop.under.pi.max_node_queue,1.4333333333333333
aggregate.self_loop.under.pi.max_external_backlog,0.0
aggregate.self_loop.under.pi.pending_after_drain,0.0
aggregate.self_loop.under.pi.sustained_no_progress,0.0
aggregate.self_loop.under.pi.activations,881.2666666666667
aggregate.self_loop.under.pi.blocked_ticks,440.6333333333333
aggregate.self_loop.under.pi.busy_ticks,5292.166666666667
aggregate.self_loop.under.pi.atomic_publish_stalls,0.0
aggregate.self_loop.under.pi.overflow_attempts,0.0
aggregate.self_loop.under.pi.queue_cv,2.8538014713190063
aggregate.self_loop.under.pi.queue_direction_reversals,72.66666666666667
aggregate.self_loop.under.pi.source_fairness,1.0
aggregate.self_loop.under.aimd:a=0.5:m=1.35.generated_traces,222.13333333333333
aggregate.self_loop.under.aimd:a=0.5:m=1.35.sink_completions,38.13333333333333
aggregate.self_loop.under.aimd:a=0.5:m=1.35.throughput_per_1000_ticks,9.07936507936508
aggregate.self_loop.under.aimd:a=0.5:m=1.35.p50_latency,141.1
aggregate.self_loop.under.aimd:a=0.5:m=1.35.p95_latency,422.3866666666666
aggregate.self_loop.under.aimd:a=0.5:m=1.35.p99_latency,456.6976666666667
aggregate.self_loop.under.aimd:a=0.5:m=1.35.mean_latency,182.45910821752926
aggregate.self_loop.under.aimd:a=0.5:m=1.35.max_node_queue,36.0
aggregate.self_loop.under.aimd:a=0.5:m=1.35.max_external_backlog,156.53333333333333
aggregate.self_loop.under.aimd:a=0.5:m=1.35.pending_after_drain,196.03333333333333
aggregate.self_loop.under.aimd:a=0.5:m=1.35.sustained_no_progress,1.0
aggregate.self_loop.under.aimd:a=0.5:m=1.35.activations,46.766666666666666
aggregate.self_loop.under.aimd:a=0.5:m=1.35.blocked_ticks,18981.033333333333
aggregate.self_loop.under.aimd:a=0.5:m=1.35.busy_ticks,409.56666666666666
aggregate.self_loop.under.aimd:a=0.5:m=1.35.atomic_publish_stalls,18958.266666666666
aggregate.self_loop.under.aimd:a=0.5:m=1.35.overflow_attempts,0.0
aggregate.self_loop.under.aimd:a=0.5:m=1.35.queue_cv,0.16604437283598303
aggregate.self_loop.under.aimd:a=0.5:m=1.35.queue_direction_reversals,34.733333333333334
aggregate.self_loop.under.aimd:a=0.5:m=1.35.source_fairness,1.0
aggregate.self_loop.under.aimd:a=0.5:m=1.8.generated_traces,222.26666666666668
aggregate.self_loop.under.aimd:a=0.5:m=1.8.sink_completions,31.366666666666667
aggregate.self_loop.under.aimd:a=0.5:m=1.8.throughput_per_1000_ticks,7.4682539682539675
aggregate.self_loop.under.aimd:a=0.5:m=1.8.p50_latency,204.48333333333332
aggregate.self_loop.under.aimd:a=0.5:m=1.8.p95_latency,437.2433333333333
aggregate.self_loop.under.aimd:a=0.5:m=1.8.p99_latency,459.918
aggregate.self_loop.under.aimd:a=0.5:m=1.8.mean_latency,217.04254704301076
aggregate.self_loop.under.aimd:a=0.5:m=1.8.max_node_queue,36.0
aggregate.self_loop.under.aimd:a=0.5:m=1.8.max_external_backlog,164.03333333333333
aggregate.self_loop.under.aimd:a=0.5:m=1.8.pending_after_drain,203.83333333333334
aggregate.self_loop.under.aimd:a=0.5:m=1.8.sustained_no_progress,1.0
aggregate.self_loop.under.aimd:a=0.5:m=1.8.activations,33.8
aggregate.self_loop.under.aimd:a=0.5:m=1.8.blocked_ticks,19116.066666666666
aggregate.self_loop.under.aimd:a=0.5:m=1.8.busy_ticks,310.5
aggregate.self_loop.under.aimd:a=0.5:m=1.8.atomic_publish_stalls,19099.7
aggregate.self_loop.under.aimd:a=0.5:m=1.8.overflow_attempts,0.0
aggregate.self_loop.under.aimd:a=0.5:m=1.8.queue_cv,0.14658553852140085
aggregate.self_loop.under.aimd:a=0.5:m=1.8.queue_direction_reversals,25.933333333333334
aggregate.self_loop.under.aimd:a=0.5:m=1.8.source_fairness,1.0
aggregate.self_loop.under.aimd:a=0.5:m=2.5.generated_traces,222.23333333333332
aggregate.self_loop.under.aimd:a=0.5:m=2.5.sink_completions,28.9
aggregate.self_loop.under.aimd:a=0.5:m=2.5.throughput_per_1000_ticks,6.880952380952381
aggregate.self_loop.under.aimd:a=0.5:m=2.5.p50_latency,208.08333333333334
aggregate.self_loop.under.aimd:a=0.5:m=2.5.p95_latency,450.0666666666666
aggregate.self_loop.under.aimd:a=0.5:m=2.5.p99_latency,478.6603333333333
aggregate.self_loop.under.aimd:a=0.5:m=2.5.mean_latency,229.84169950738917
aggregate.self_loop.under.aimd:a=0.5:m=2.5.max_node_queue,36.0
aggregate.self_loop.under.aimd:a=0.5:m=2.5.max_external_backlog,166.26666666666668
aggregate.self_loop.under.aimd:a=0.5:m=2.5.pending_after_drain,205.7
aggregate.self_loop.under.aimd:a=0.5:m=2.5.sustained_no_progress,1.0
aggregate.self_loop.under.aimd:a=0.5:m=2.5.activations,29.433333333333334
aggregate.self_loop.under.aimd:a=0.5:m=2.5.blocked_ticks,19160.133333333335
aggregate.self_loop.under.aimd:a=0.5:m=2.5.busy_ticks,275.53333333333336
aggregate.self_loop.under.aimd:a=0.5:m=2.5.atomic_publish_stalls,19146.133333333335
aggregate.self_loop.under.aimd:a=0.5:m=2.5.overflow_attempts,0.0
aggregate.self_loop.under.aimd:a=0.5:m=2.5.queue_cv,0.1387836200451066
aggregate.self_loop.under.aimd:a=0.5:m=2.5.queue_direction_reversals,24.666666666666668
aggregate.self_loop.under.aimd:a=0.5:m=2.5.source_fairness,1.0
aggregate.self_loop.under.aimd:a=1.0:m=1.35.generated_traces,222.13333333333333
aggregate.self_loop.under.aimd:a=1.0:m=1.35.sink_completions,38.13333333333333
aggregate.self_loop.under.aimd:a=1.0:m=1.35.throughput_per_1000_ticks,9.07936507936508
aggregate.self_loop.under.aimd:a=1.0:m=1.35.p50_latency,141.1
aggregate.self_loop.under.aimd:a=1.0:m=1.35.p95_latency,422.3866666666666
aggregate.self_loop.under.aimd:a=1.0:m=1.35.p99_latency,456.6976666666667
aggregate.self_loop.under.aimd:a=1.0:m=1.35.mean_latency,182.45910821752926
aggregate.self_loop.under.aimd:a=1.0:m=1.35.max_node_queue,36.0
aggregate.self_loop.under.aimd:a=1.0:m=1.35.max_external_backlog,156.53333333333333
aggregate.self_loop.under.aimd:a=1.0:m=1.35.pending_after_drain,196.03333333333333
aggregate.self_loop.under.aimd:a=1.0:m=1.35.sustained_no_progress,1.0
aggregate.self_loop.under.aimd:a=1.0:m=1.35.activations,46.766666666666666
aggregate.self_loop.under.aimd:a=1.0:m=1.35.blocked_ticks,18981.033333333333
aggregate.self_loop.under.aimd:a=1.0:m=1.35.busy_ticks,409.56666666666666
aggregate.self_loop.under.aimd:a=1.0:m=1.35.atomic_publish_stalls,18958.266666666666
aggregate.self_loop.under.aimd:a=1.0:m=1.35.overflow_attempts,0.0
aggregate.self_loop.under.aimd:a=1.0:m=1.35.queue_cv,0.16604437283598303
aggregate.self_loop.under.aimd:a=1.0:m=1.35.queue_direction_reversals,34.733333333333334
aggregate.self_loop.under.aimd:a=1.0:m=1.35.source_fairness,1.0
aggregate.self_loop.under.aimd:a=1.0:m=1.8.generated_traces,222.26666666666668
aggregate.self_loop.under.aimd:a=1.0:m=1.8.sink_completions,31.366666666666667
aggregate.self_loop.under.aimd:a=1.0:m=1.8.throughput_per_1000_ticks,7.4682539682539675
aggregate.self_loop.under.aimd:a=1.0:m=1.8.p50_latency,204.48333333333332
aggregate.self_loop.under.aimd:a=1.0:m=1.8.p95_latency,437.2433333333333
aggregate.self_loop.under.aimd:a=1.0:m=1.8.p99_latency,459.918
aggregate.self_loop.under.aimd:a=1.0:m=1.8.mean_latency,217.04254704301076
aggregate.self_loop.under.aimd:a=1.0:m=1.8.max_node_queue,36.0
aggregate.self_loop.under.aimd:a=1.0:m=1.8.max_external_backlog,164.03333333333333
aggregate.self_loop.under.aimd:a=1.0:m=1.8.pending_after_drain,203.83333333333334
aggregate.self_loop.under.aimd:a=1.0:m=1.8.sustained_no_progress,1.0
aggregate.self_loop.under.aimd:a=1.0:m=1.8.activations,33.8
aggregate.self_loop.under.aimd:a=1.0:m=1.8.blocked_ticks,19116.066666666666
aggregate.self_loop.under.aimd:a=1.0:m=1.8.busy_ticks,310.5
aggregate.self_loop.under.aimd:a=1.0:m=1.8.atomic_publish_stalls,19099.7
aggregate.self_loop.under.aimd:a=1.0:m=1.8.overflow_attempts,0.0
aggregate.self_loop.under.aimd:a=1.0:m=1.8.queue_cv,0.14658553852140085
aggregate.self_loop.under.aimd:a=1.0:m=1.8.queue_direction_reversals,25.933333333333334
aggregate.self_loop.under.aimd:a=1.0:m=1.8.source_fairness,1.0
aggregate.self_loop.under.aimd:a=1.0:m=2.5.generated_traces,222.23333333333332
aggregate.self_loop.under.aimd:a=1.0:m=2.5.sink_completions,28.9
aggregate.self_loop.under.aimd:a=1.0:m=2.5.throughput_per_1000_ticks,6.880952380952381
aggregate.self_loop.under.aimd:a=1.0:m=2.5.p50_latency,208.08333333333334
aggregate.self_loop.under.aimd:a=1.0:m=2.5.p95_latency,450.0666666666666
aggregate.self_loop.under.aimd:a=1.0:m=2.5.p99_latency,478.6603333333333
aggregate.self_loop.under.aimd:a=1.0:m=2.5.mean_latency,229.84169950738917
aggregate.self_loop.under.aimd:a=1.0:m=2.5.max_node_queue,36.0
aggregate.self_loop.under.aimd:a=1.0:m=2.5.max_external_backlog,166.26666666666668
aggregate.self_loop.under.aimd:a=1.0:m=2.5.pending_after_drain,205.7
aggregate.self_loop.under.aimd:a=1.0:m=2.5.sustained_no_progress,1.0
aggregate.self_loop.under.aimd:a=1.0:m=2.5.activations,29.433333333333334
aggregate.self_loop.under.aimd:a=1.0:m=2.5.blocked_ticks,19160.133333333335
aggregate.self_loop.under.aimd:a=1.0:m=2.5.busy_ticks,275.53333333333336
aggregate.self_loop.under.aimd:a=1.0:m=2.5.atomic_publish_stalls,19146.133333333335
aggregate.self_loop.under.aimd:a=1.0:m=2.5.overflow_attempts,0.0
aggregate.self_loop.under.aimd:a=1.0:m=2.5.queue_cv,0.1387836200451066
aggregate.self_loop.under.aimd:a=1.0:m=2.5.queue_direction_reversals,24.666666666666668
aggregate.self_loop.under.aimd:a=1.0:m=2.5.source_fairness,1.0
aggregate.self_loop.under.aimd:a=2.0:m=1.35.generated_traces,222.13333333333333
aggregate.self_loop.under.aimd:a=2.0:m=1.35.sink_completions,38.13333333333333
aggregate.self_loop.under.aimd:a=2.0:m=1.35.throughput_per_1000_ticks,9.07936507936508
aggregate.self_loop.under.aimd:a=2.0:m=1.35.p50_latency,141.1
aggregate.self_loop.under.aimd:a=2.0:m=1.35.p95_latency,422.3866666666666
aggregate.self_loop.under.aimd:a=2.0:m=1.35.p99_latency,456.6976666666667
aggregate.self_loop.under.aimd:a=2.0:m=1.35.mean_latency,182.45910821752926
aggregate.self_loop.under.aimd:a=2.0:m=1.35.max_node_queue,36.0
aggregate.self_loop.under.aimd:a=2.0:m=1.35.max_external_backlog,156.53333333333333
aggregate.self_loop.under.aimd:a=2.0:m=1.35.pending_after_drain,196.03333333333333
aggregate.self_loop.under.aimd:a=2.0:m=1.35.sustained_no_progress,1.0
aggregate.self_loop.under.aimd:a=2.0:m=1.35.activations,46.766666666666666
aggregate.self_loop.under.aimd:a=2.0:m=1.35.blocked_ticks,18981.033333333333
aggregate.self_loop.under.aimd:a=2.0:m=1.35.busy_ticks,409.56666666666666
aggregate.self_loop.under.aimd:a=2.0:m=1.35.atomic_publish_stalls,18958.266666666666
aggregate.self_loop.under.aimd:a=2.0:m=1.35.overflow_attempts,0.0
aggregate.self_loop.under.aimd:a=2.0:m=1.35.queue_cv,0.16604437283598303
aggregate.self_loop.under.aimd:a=2.0:m=1.35.queue_direction_reversals,34.733333333333334
aggregate.self_loop.under.aimd:a=2.0:m=1.35.source_fairness,1.0
aggregate.self_loop.under.aimd:a=2.0:m=1.8.generated_traces,222.26666666666668
aggregate.self_loop.under.aimd:a=2.0:m=1.8.sink_completions,31.366666666666667
aggregate.self_loop.under.aimd:a=2.0:m=1.8.throughput_per_1000_ticks,7.4682539682539675
aggregate.self_loop.under.aimd:a=2.0:m=1.8.p50_latency,204.48333333333332
aggregate.self_loop.under.aimd:a=2.0:m=1.8.p95_latency,437.2433333333333
aggregate.self_loop.under.aimd:a=2.0:m=1.8.p99_latency,459.918
aggregate.self_loop.under.aimd:a=2.0:m=1.8.mean_latency,217.04254704301076
aggregate.self_loop.under.aimd:a=2.0:m=1.8.max_node_queue,36.0
aggregate.self_loop.under.aimd:a=2.0:m=1.8.max_external_backlog,164.03333333333333
aggregate.self_loop.under.aimd:a=2.0:m=1.8.pending_after_drain,203.83333333333334
aggregate.self_loop.under.aimd:a=2.0:m=1.8.sustained_no_progress,1.0
aggregate.self_loop.under.aimd:a=2.0:m=1.8.activations,33.8
aggregate.self_loop.under.aimd:a=2.0:m=1.8.blocked_ticks,19116.066666666666
aggregate.self_loop.under.aimd:a=2.0:m=1.8.busy_ticks,310.5
aggregate.self_loop.under.aimd:a=2.0:m=1.8.atomic_publish_stalls,19099.7
aggregate.self_loop.under.aimd:a=2.0:m=1.8.overflow_attempts,0.0
aggregate.self_loop.under.aimd:a=2.0:m=1.8.queue_cv,0.14658553852140085
aggregate.self_loop.under.aimd:a=2.0:m=1.8.queue_direction_reversals,25.933333333333334
aggregate.self_loop.under.aimd:a=2.0:m=1.8.source_fairness,1.0
aggregate.self_loop.under.aimd:a=2.0:m=2.5.generated_traces,222.23333333333332
aggregate.self_loop.under.aimd:a=2.0:m=2.5.sink_completions,28.9
aggregate.self_loop.under.aimd:a=2.0:m=2.5.throughput_per_1000_ticks,6.880952380952381
aggregate.self_loop.under.aimd:a=2.0:m=2.5.p50_latency,208.08333333333334
aggregate.self_loop.under.aimd:a=2.0:m=2.5.p95_latency,450.0666666666666
aggregate.self_loop.under.aimd:a=2.0:m=2.5.p99_latency,478.6603333333333
aggregate.self_loop.under.aimd:a=2.0:m=2.5.mean_latency,229.84169950738917
aggregate.self_loop.under.aimd:a=2.0:m=2.5.max_node_queue,36.0
aggregate.self_loop.under.aimd:a=2.0:m=2.5.max_external_backlog,166.26666666666668
aggregate.self_loop.under.aimd:a=2.0:m=2.5.pending_after_drain,205.7
aggregate.self_loop.under.aimd:a=2.0:m=2.5.sustained_no_progress,1.0
aggregate.self_loop.under.aimd:a=2.0:m=2.5.activations,29.433333333333334
aggregate.self_loop.under.aimd:a=2.0:m=2.5.blocked_ticks,19160.133333333335
aggregate.self_loop.under.aimd:a=2.0:m=2.5.busy_ticks,275.53333333333336
aggregate.self_loop.under.aimd:a=2.0:m=2.5.atomic_publish_stalls,19146.133333333335
aggregate.self_loop.under.aimd:a=2.0:m=2.5.overflow_attempts,0.0
aggregate.self_loop.under.aimd:a=2.0:m=2.5.queue_cv,0.1387836200451066
aggregate.self_loop.under.aimd:a=2.0:m=2.5.queue_direction_reversals,24.666666666666668
aggregate.self_loop.under.aimd:a=2.0:m=2.5.source_fairness,1.0
aggregate.self_loop.capacity.reactive.generated_traces,420.0
aggregate.self_loop.capacity.reactive.sink_completions,420.0
aggregate.self_loop.capacity.reactive.throughput_per_1000_ticks,100.0
aggregate.self_loop.capacity.reactive.p50_latency,21.483333333333334
aggregate.self_loop.capacity.reactive.p95_latency,28.198333333333334
aggregate.self_loop.capacity.reactive.p99_latency,29.86466666666667
aggregate.self_loop.capacity.reactive.mean_latency,21.941196174088592
aggregate.self_loop.capacity.reactive.max_node_queue,3.1
aggregate.self_loop.capacity.reactive.max_external_backlog,0.0
aggregate.self_loop.capacity.reactive.pending_after_drain,0.0
aggregate.self_loop.capacity.reactive.sustained_no_progress,0.0
aggregate.self_loop.capacity.reactive.activations,725.3333333333334
aggregate.self_loop.capacity.reactive.blocked_ticks,362.6666666666667
aggregate.self_loop.capacity.reactive.busy_ticks,5787.966666666666
aggregate.self_loop.capacity.reactive.atomic_publish_stalls,0.0
aggregate.self_loop.capacity.reactive.overflow_attempts,0.0
aggregate.self_loop.capacity.reactive.queue_cv,1.0510895899479287
aggregate.self_loop.capacity.reactive.queue_direction_reversals,139.0
aggregate.self_loop.capacity.reactive.source_fairness,1.0
aggregate.self_loop.capacity.watermark.generated_traces,420.0
aggregate.self_loop.capacity.watermark.sink_completions,420.0
aggregate.self_loop.capacity.watermark.throughput_per_1000_ticks,100.0
aggregate.self_loop.capacity.watermark.p50_latency,21.483333333333334
aggregate.self_loop.capacity.watermark.p95_latency,28.198333333333334
aggregate.self_loop.capacity.watermark.p99_latency,29.86466666666667
aggregate.self_loop.capacity.watermark.mean_latency,21.941196174088592
aggregate.self_loop.capacity.watermark.max_node_queue,3.1
aggregate.self_loop.capacity.watermark.max_external_backlog,0.0
aggregate.self_loop.capacity.watermark.pending_after_drain,0.0
aggregate.self_loop.capacity.watermark.sustained_no_progress,0.0
aggregate.self_loop.capacity.watermark.activations,725.3333333333334
aggregate.self_loop.capacity.watermark.blocked_ticks,362.6666666666667
aggregate.self_loop.capacity.watermark.busy_ticks,5787.966666666666
aggregate.self_loop.capacity.watermark.atomic_publish_stalls,0.0
aggregate.self_loop.capacity.watermark.overflow_attempts,0.0
aggregate.self_loop.capacity.watermark.queue_cv,1.0510895899479287
aggregate.self_loop.capacity.watermark.queue_direction_reversals,139.0
aggregate.self_loop.capacity.watermark.source_fairness,1.0
aggregate.self_loop.capacity.credit.generated_traces,420.0
aggregate.self_loop.capacity.credit.sink_completions,420.0
aggregate.self_loop.capacity.credit.throughput_per_1000_ticks,100.0
aggregate.self_loop.capacity.credit.p50_latency,21.483333333333334
aggregate.self_loop.capacity.credit.p95_latency,28.198333333333334
aggregate.self_loop.capacity.credit.p99_latency,29.86466666666667
aggregate.self_loop.capacity.credit.mean_latency,21.941196174088592
aggregate.self_loop.capacity.credit.max_node_queue,3.1
aggregate.self_loop.capacity.credit.max_external_backlog,0.0
aggregate.self_loop.capacity.credit.pending_after_drain,0.0
aggregate.self_loop.capacity.credit.sustained_no_progress,0.0
aggregate.self_loop.capacity.credit.activations,725.3333333333334
aggregate.self_loop.capacity.credit.blocked_ticks,362.6666666666667
aggregate.self_loop.capacity.credit.busy_ticks,5787.966666666666
aggregate.self_loop.capacity.credit.atomic_publish_stalls,0.0
aggregate.self_loop.capacity.credit.overflow_attempts,0.0
aggregate.self_loop.capacity.credit.queue_cv,1.0510895899479287
aggregate.self_loop.capacity.credit.queue_direction_reversals,139.0
aggregate.self_loop.capacity.credit.source_fairness,1.0
aggregate.self_loop.capacity.pi.generated_traces,420.0
aggregate.self_loop.capacity.pi.sink_completions,420.0
aggregate.self_loop.capacity.pi.throughput_per_1000_ticks,100.0
aggregate.self_loop.capacity.pi.p50_latency,21.483333333333334
aggregate.self_loop.capacity.pi.p95_latency,28.198333333333334
aggregate.self_loop.capacity.pi.p99_latency,29.86466666666667
aggregate.self_loop.capacity.pi.mean_latency,21.941196174088592
aggregate.self_loop.capacity.pi.max_node_queue,3.1
aggregate.self_loop.capacity.pi.max_external_backlog,0.0
aggregate.self_loop.capacity.pi.pending_after_drain,0.0
aggregate.self_loop.capacity.pi.sustained_no_progress,0.0
aggregate.self_loop.capacity.pi.activations,725.3333333333334
aggregate.self_loop.capacity.pi.blocked_ticks,362.6666666666667
aggregate.self_loop.capacity.pi.busy_ticks,5787.966666666666
aggregate.self_loop.capacity.pi.atomic_publish_stalls,0.0
aggregate.self_loop.capacity.pi.overflow_attempts,0.0
aggregate.self_loop.capacity.pi.queue_cv,1.0510895899479287
aggregate.self_loop.capacity.pi.queue_direction_reversals,139.0
aggregate.self_loop.capacity.pi.source_fairness,1.0
aggregate.self_loop.capacity.aimd:a=0.5:m=1.35.generated_traces,419.1333333333333
aggregate.self_loop.capacity.aimd:a=0.5:m=1.35.sink_completions,30.7
aggregate.self_loop.capacity.aimd:a=0.5:m=1.35.throughput_per_1000_ticks,7.309523809523809
aggregate.self_loop.capacity.aimd:a=0.5:m=1.35.p50_latency,50.21666666666667
aggregate.self_loop.capacity.aimd:a=0.5:m=1.35.p95_latency,257.3383333333333
aggregate.self_loop.capacity.aimd:a=0.5:m=1.35.p99_latency,273.85833333333335
aggregate.self_loop.capacity.aimd:a=0.5:m=1.35.mean_latency,86.41714298856192
aggregate.self_loop.capacity.aimd:a=0.5:m=1.35.max_node_queue,36.0
aggregate.self_loop.capacity.aimd:a=0.5:m=1.35.max_external_backlog,358.1333333333333
aggregate.self_loop.capacity.aimd:a=0.5:m=1.35.pending_after_drain,397.03333333333336
aggregate.self_loop.capacity.aimd:a=0.5:m=1.35.sustained_no_progress,1.0
aggregate.self_loop.capacity.aimd:a=0.5:m=1.35.activations,33.766666666666666
aggregate.self_loop.capacity.aimd:a=0.5:m=1.35.blocked_ticks,19582.933333333334
aggregate.self_loop.capacity.aimd:a=0.5:m=1.35.busy_ticks,315.1333333333333
aggregate.self_loop.capacity.aimd:a=0.5:m=1.35.atomic_publish_stalls,19566.966666666667
aggregate.self_loop.capacity.aimd:a=0.5:m=1.35.overflow_attempts,0.0
aggregate.self_loop.capacity.aimd:a=0.5:m=1.35.queue_cv,0.12080704408138741
aggregate.self_loop.capacity.aimd:a=0.5:m=1.35.queue_direction_reversals,24.0
aggregate.self_loop.capacity.aimd:a=0.5:m=1.35.source_fairness,1.0
aggregate.self_loop.capacity.aimd:a=0.5:m=1.8.generated_traces,419.43333333333334
aggregate.self_loop.capacity.aimd:a=0.5:m=1.8.sink_completions,19.933333333333334
aggregate.self_loop.capacity.aimd:a=0.5:m=1.8.throughput_per_1000_ticks,4.746031746031746
aggregate.self_loop.capacity.aimd:a=0.5:m=1.8.p50_latency,70.7
aggregate.self_loop.capacity.aimd:a=0.5:m=1.8.p95_latency,252.7533333333333
aggregate.self_loop.capacity.aimd:a=0.5:m=1.8.p99_latency,263.9906666666667
aggregate.self_loop.capacity.aimd:a=0.5:m=1.8.mean_latency,100.96958228905598
aggregate.self_loop.capacity.aimd:a=0.5:m=1.8.max_node_queue,36.0
aggregate.self_loop.capacity.aimd:a=0.5:m=1.8.max_external_backlog,368.2
aggregate.self_loop.capacity.aimd:a=0.5:m=1.8.pending_after_drain,408.1333333333333
aggregate.self_loop.capacity.aimd:a=0.5:m=1.8.sustained_no_progress,1.0
aggregate.self_loop.capacity.aimd:a=0.5:m=1.8.activations,21.066666666666666
aggregate.self_loop.capacity.aimd:a=0.5:m=1.8.blocked_ticks,19693.8
aggregate.self_loop.capacity.aimd:a=0.5:m=1.8.busy_ticks,198.13333333333333
aggregate.self_loop.capacity.aimd:a=0.5:m=1.8.atomic_publish_stalls,19683.8
aggregate.self_loop.capacity.aimd:a=0.5:m=1.8.overflow_attempts,0.0
aggregate.self_loop.capacity.aimd:a=0.5:m=1.8.queue_cv,0.10431263151497547
aggregate.self_loop.capacity.aimd:a=0.5:m=1.8.queue_direction_reversals,15.2
aggregate.self_loop.capacity.aimd:a=0.5:m=1.8.source_fairness,1.0
aggregate.self_loop.capacity.aimd:a=0.5:m=2.5.generated_traces,419.4
aggregate.self_loop.capacity.aimd:a=0.5:m=2.5.sink_completions,17.6
aggregate.self_loop.capacity.aimd:a=0.5:m=2.5.throughput_per_1000_ticks,4.190476190476191
aggregate.self_loop.capacity.aimd:a=0.5:m=2.5.p50_latency,124.81666666666666
aggregate.self_loop.capacity.aimd:a=0.5:m=2.5.p95_latency,264.28
aggregate.self_loop.capacity.aimd:a=0.5:m=2.5.p99_latency,270.9893333333333
aggregate.self_loop.capacity.aimd:a=0.5:m=2.5.mean_latency,127.73529411764706
aggregate.self_loop.capacity.aimd:a=0.5:m=2.5.max_node_queue,36.0
aggregate.self_loop.capacity.aimd:a=0.5:m=2.5.max_external_backlog,371.9
aggregate.self_loop.capacity.aimd:a=0.5:m=2.5.pending_after_drain,411.9
aggregate.self_loop.capacity.aimd:a=0.5:m=2.5.sustained_no_progress,1.0
aggregate.self_loop.capacity.aimd:a=0.5:m=2.5.activations,17.0
aggregate.self_loop.capacity.aimd:a=0.5:m=2.5.blocked_ticks,19709.233333333334
aggregate.self_loop.capacity.aimd:a=0.5:m=2.5.busy_ticks,161.86666666666667
aggregate.self_loop.capacity.aimd:a=0.5:m=2.5.atomic_publish_stalls,19701.233333333334
aggregate.self_loop.capacity.aimd:a=0.5:m=2.5.overflow_attempts,0.0
aggregate.self_loop.capacity.aimd:a=0.5:m=2.5.queue_cv,0.09781877488152661
aggregate.self_loop.capacity.aimd:a=0.5:m=2.5.queue_direction_reversals,12.133333333333333
aggregate.self_loop.capacity.aimd:a=0.5:m=2.5.source_fairness,1.0
aggregate.self_loop.capacity.aimd:a=1.0:m=1.35.generated_traces,419.1333333333333
aggregate.self_loop.capacity.aimd:a=1.0:m=1.35.sink_completions,30.7
aggregate.self_loop.capacity.aimd:a=1.0:m=1.35.throughput_per_1000_ticks,7.309523809523809
aggregate.self_loop.capacity.aimd:a=1.0:m=1.35.p50_latency,50.21666666666667
aggregate.self_loop.capacity.aimd:a=1.0:m=1.35.p95_latency,257.3383333333333
aggregate.self_loop.capacity.aimd:a=1.0:m=1.35.p99_latency,273.85833333333335
aggregate.self_loop.capacity.aimd:a=1.0:m=1.35.mean_latency,86.41714298856192
aggregate.self_loop.capacity.aimd:a=1.0:m=1.35.max_node_queue,36.0
aggregate.self_loop.capacity.aimd:a=1.0:m=1.35.max_external_backlog,358.1333333333333
aggregate.self_loop.capacity.aimd:a=1.0:m=1.35.pending_after_drain,397.03333333333336
aggregate.self_loop.capacity.aimd:a=1.0:m=1.35.sustained_no_progress,1.0
aggregate.self_loop.capacity.aimd:a=1.0:m=1.35.activations,33.766666666666666
aggregate.self_loop.capacity.aimd:a=1.0:m=1.35.blocked_ticks,19582.933333333334
aggregate.self_loop.capacity.aimd:a=1.0:m=1.35.busy_ticks,315.1333333333333
aggregate.self_loop.capacity.aimd:a=1.0:m=1.35.atomic_publish_stalls,19566.966666666667
aggregate.self_loop.capacity.aimd:a=1.0:m=1.35.overflow_attempts,0.0
aggregate.self_loop.capacity.aimd:a=1.0:m=1.35.queue_cv,0.12080704408138741
aggregate.self_loop.capacity.aimd:a=1.0:m=1.35.queue_direction_reversals,24.0
aggregate.self_loop.capacity.aimd:a=1.0:m=1.35.source_fairness,1.0
aggregate.self_loop.capacity.aimd:a=1.0:m=1.8.generated_traces,419.43333333333334
aggregate.self_loop.capacity.aimd:a=1.0:m=1.8.sink_completions,19.933333333333334
aggregate.self_loop.capacity.aimd:a=1.0:m=1.8.throughput_per_1000_ticks,4.746031746031746
aggregate.self_loop.capacity.aimd:a=1.0:m=1.8.p50_latency,70.7
aggregate.self_loop.capacity.aimd:a=1.0:m=1.8.p95_latency,252.7533333333333
aggregate.self_loop.capacity.aimd:a=1.0:m=1.8.p99_latency,263.9906666666667
aggregate.self_loop.capacity.aimd:a=1.0:m=1.8.mean_latency,100.96958228905598
aggregate.self_loop.capacity.aimd:a=1.0:m=1.8.max_node_queue,36.0
aggregate.self_loop.capacity.aimd:a=1.0:m=1.8.max_external_backlog,368.2
aggregate.self_loop.capacity.aimd:a=1.0:m=1.8.pending_after_drain,408.1333333333333
aggregate.self_loop.capacity.aimd:a=1.0:m=1.8.sustained_no_progress,1.0
aggregate.self_loop.capacity.aimd:a=1.0:m=1.8.activations,21.066666666666666
aggregate.self_loop.capacity.aimd:a=1.0:m=1.8.blocked_ticks,19693.8
aggregate.self_loop.capacity.aimd:a=1.0:m=1.8.busy_ticks,198.13333333333333
aggregate.self_loop.capacity.aimd:a=1.0:m=1.8.atomic_publish_stalls,19683.8
aggregate.self_loop.capacity.aimd:a=1.0:m=1.8.overflow_attempts,0.0
aggregate.self_loop.capacity.aimd:a=1.0:m=1.8.queue_cv,0.10431263151497547
aggregate.self_loop.capacity.aimd:a=1.0:m=1.8.queue_direction_reversals,15.2
aggregate.self_loop.capacity.aimd:a=1.0:m=1.8.source_fairness,1.0
aggregate.self_loop.capacity.aimd:a=1.0:m=2.5.generated_traces,419.4
aggregate.self_loop.capacity.aimd:a=1.0:m=2.5.sink_completions,17.6
aggregate.self_loop.capacity.aimd:a=1.0:m=2.5.throughput_per_1000_ticks,4.190476190476191
aggregate.self_loop.capacity.aimd:a=1.0:m=2.5.p50_latency,124.81666666666666
aggregate.self_loop.capacity.aimd:a=1.0:m=2.5.p95_latency,264.28
aggregate.self_loop.capacity.aimd:a=1.0:m=2.5.p99_latency,270.9893333333333
aggregate.self_loop.capacity.aimd:a=1.0:m=2.5.mean_latency,127.73529411764706
aggregate.self_loop.capacity.aimd:a=1.0:m=2.5.max_node_queue,36.0
aggregate.self_loop.capacity.aimd:a=1.0:m=2.5.max_external_backlog,371.9
aggregate.self_loop.capacity.aimd:a=1.0:m=2.5.pending_after_drain,411.9
aggregate.self_loop.capacity.aimd:a=1.0:m=2.5.sustained_no_progress,1.0
aggregate.self_loop.capacity.aimd:a=1.0:m=2.5.activations,17.0
aggregate.self_loop.capacity.aimd:a=1.0:m=2.5.blocked_ticks,19709.233333333334
aggregate.self_loop.capacity.aimd:a=1.0:m=2.5.busy_ticks,161.86666666666667
aggregate.self_loop.capacity.aimd:a=1.0:m=2.5.atomic_publish_stalls,19701.233333333334
aggregate.self_loop.capacity.aimd:a=1.0:m=2.5.overflow_attempts,0.0
aggregate.self_loop.capacity.aimd:a=1.0:m=2.5.queue_cv,0.09781877488152661
aggregate.self_loop.capacity.aimd:a=1.0:m=2.5.queue_direction_reversals,12.133333333333333
aggregate.self_loop.capacity.aimd:a=1.0:m=2.5.source_fairness,1.0
aggregate.self_loop.capacity.aimd:a=2.0:m=1.35.generated_traces,419.1333333333333
aggregate.self_loop.capacity.aimd:a=2.0:m=1.35.sink_completions,30.7
aggregate.self_loop.capacity.aimd:a=2.0:m=1.35.throughput_per_1000_ticks,7.309523809523809
aggregate.self_loop.capacity.aimd:a=2.0:m=1.35.p50_latency,50.21666666666667
aggregate.self_loop.capacity.aimd:a=2.0:m=1.35.p95_latency,257.3383333333333
aggregate.self_loop.capacity.aimd:a=2.0:m=1.35.p99_latency,273.85833333333335
aggregate.self_loop.capacity.aimd:a=2.0:m=1.35.mean_latency,86.41714298856192
aggregate.self_loop.capacity.aimd:a=2.0:m=1.35.max_node_queue,36.0
aggregate.self_loop.capacity.aimd:a=2.0:m=1.35.max_external_backlog,358.1333333333333
aggregate.self_loop.capacity.aimd:a=2.0:m=1.35.pending_after_drain,397.03333333333336
aggregate.self_loop.capacity.aimd:a=2.0:m=1.35.sustained_no_progress,1.0
aggregate.self_loop.capacity.aimd:a=2.0:m=1.35.activations,33.766666666666666
aggregate.self_loop.capacity.aimd:a=2.0:m=1.35.blocked_ticks,19582.933333333334
aggregate.self_loop.capacity.aimd:a=2.0:m=1.35.busy_ticks,315.1333333333333
aggregate.self_loop.capacity.aimd:a=2.0:m=1.35.atomic_publish_stalls,19566.966666666667
aggregate.self_loop.capacity.aimd:a=2.0:m=1.35.overflow_attempts,0.0
aggregate.self_loop.capacity.aimd:a=2.0:m=1.35.queue_cv,0.12080704408138741
aggregate.self_loop.capacity.aimd:a=2.0:m=1.35.queue_direction_reversals,24.0
aggregate.self_loop.capacity.aimd:a=2.0:m=1.35.source_fairness,1.0
aggregate.self_loop.capacity.aimd:a=2.0:m=1.8.generated_traces,419.43333333333334
aggregate.self_loop.capacity.aimd:a=2.0:m=1.8.sink_completions,19.933333333333334
aggregate.self_loop.capacity.aimd:a=2.0:m=1.8.throughput_per_1000_ticks,4.746031746031746
aggregate.self_loop.capacity.aimd:a=2.0:m=1.8.p50_latency,70.7
aggregate.self_loop.capacity.aimd:a=2.0:m=1.8.p95_latency,252.7533333333333
aggregate.self_loop.capacity.aimd:a=2.0:m=1.8.p99_latency,263.9906666666667
aggregate.self_loop.capacity.aimd:a=2.0:m=1.8.mean_latency,100.96958228905598
aggregate.self_loop.capacity.aimd:a=2.0:m=1.8.max_node_queue,36.0
aggregate.self_loop.capacity.aimd:a=2.0:m=1.8.max_external_backlog,368.2
aggregate.self_loop.capacity.aimd:a=2.0:m=1.8.pending_after_drain,408.1333333333333
aggregate.self_loop.capacity.aimd:a=2.0:m=1.8.sustained_no_progress,1.0
aggregate.self_loop.capacity.aimd:a=2.0:m=1.8.activations,21.066666666666666
aggregate.self_loop.capacity.aimd:a=2.0:m=1.8.blocked_ticks,19693.8
aggregate.self_loop.capacity.aimd:a=2.0:m=1.8.busy_ticks,198.13333333333333
aggregate.self_loop.capacity.aimd:a=2.0:m=1.8.atomic_publish_stalls,19683.8
aggregate.self_loop.capacity.aimd:a=2.0:m=1.8.overflow_attempts,0.0
aggregate.self_loop.capacity.aimd:a=2.0:m=1.8.queue_cv,0.10431263151497547
aggregate.self_loop.capacity.aimd:a=2.0:m=1.8.queue_direction_reversals,15.2
aggregate.self_loop.capacity.aimd:a=2.0:m=1.8.source_fairness,1.0
aggregate.self_loop.capacity.aimd:a=2.0:m=2.5.generated_traces,419.4
aggregate.self_loop.capacity.aimd:a=2.0:m=2.5.sink_completions,17.6
aggregate.self_loop.capacity.aimd:a=2.0:m=2.5.throughput_per_1000_ticks,4.190476190476191
aggregate.self_loop.capacity.aimd:a=2.0:m=2.5.p50_latency,124.81666666666666
aggregate.self_loop.capacity.aimd:a=2.0:m=2.5.p95_latency,264.28
aggregate.self_loop.capacity.aimd:a=2.0:m=2.5.p99_latency,270.9893333333333
aggregate.self_loop.capacity.aimd:a=2.0:m=2.5.mean_latency,127.73529411764706
aggregate.self_loop.capacity.aimd:a=2.0:m=2.5.max_node_queue,36.0
aggregate.self_loop.capacity.aimd:a=2.0:m=2.5.max_external_backlog,371.9
aggregate.self_loop.capacity.aimd:a=2.0:m=2.5.pending_after_drain,411.9
aggregate.self_loop.capacity.aimd:a=2.0:m=2.5.sustained_no_progress,1.0
aggregate.self_loop.capacity.aimd:a=2.0:m=2.5.activations,17.0
aggregate.self_loop.capacity.aimd:a=2.0:m=2.5.blocked_ticks,19709.233333333334
aggregate.self_loop.capacity.aimd:a=2.0:m=2.5.busy_ticks,161.86666666666667
aggregate.self_loop.capacity.aimd:a=2.0:m=2.5.atomic_publish_stalls,19701.233333333334
aggregate.self_loop.capacity.aimd:a=2.0:m=2.5.overflow_attempts,0.0
aggregate.self_loop.capacity.aimd:a=2.0:m=2.5.queue_cv,0.09781877488152661
aggregate.self_loop.capacity.aimd:a=2.0:m=2.5.queue_direction_reversals,12.133333333333333
aggregate.self_loop.capacity.aimd:a=2.0:m=2.5.source_fairness,1.0
aggregate.self_loop.over.reactive.generated_traces,932.1
aggregate.self_loop.over.reactive.sink_completions,48.166666666666664
aggregate.self_loop.over.reactive.throughput_per_1000_ticks,11.468253968253968
aggregate.self_loop.over.reactive.p50_latency,61.916666666666664
aggregate.self_loop.over.reactive.p95_latency,102.74166666666666
aggregate.self_loop.over.reactive.p99_latency,108.25499999999998
aggregate.self_loop.over.reactive.mean_latency,62.200971817653695
aggregate.self_loop.over.reactive.max_node_queue,36.0
aggregate.self_loop.over.reactive.max_external_backlog,861.2666666666667
aggregate.self_loop.over.reactive.pending_after_drain,899.3
aggregate.self_loop.over.reactive.sustained_no_progress,1.0
aggregate.self_loop.over.reactive.activations,43.56666666666667
aggregate.self_loop.over.reactive.blocked_ticks,19901.666666666668
aggregate.self_loop.over.reactive.busy_ticks,442.8333333333333
aggregate.self_loop.over.reactive.atomic_publish_stalls,19880.8
aggregate.self_loop.over.reactive.overflow_attempts,0.0
aggregate.self_loop.over.reactive.queue_cv,0.07921345504305023
aggregate.self_loop.over.reactive.queue_direction_reversals,10.666666666666666
aggregate.self_loop.over.reactive.source_fairness,1.0
aggregate.self_loop.over.watermark.generated_traces,931.8
aggregate.self_loop.over.watermark.sink_completions,35.166666666666664
aggregate.self_loop.over.watermark.throughput_per_1000_ticks,8.373015873015873
aggregate.self_loop.over.watermark.p50_latency,50.28333333333333
aggregate.self_loop.over.watermark.p95_latency,78.795
aggregate.self_loop.over.watermark.p99_latency,82.509
aggregate.self_loop.over.watermark.mean_latency,49.84062854786152
aggregate.self_loop.over.watermark.max_node_queue,36.0
aggregate.self_loop.over.watermark.max_external_backlog,872.9
aggregate.self_loop.over.watermark.pending_after_drain,908.9
aggregate.self_loop.over.watermark.sustained_no_progress,1.0
aggregate.self_loop.over.watermark.activations,31.266666666666666
aggregate.self_loop.over.watermark.blocked_ticks,15.633333333333333
aggregate.self_loop.over.watermark.busy_ticks,314.73333333333335
aggregate.self_loop.over.watermark.atomic_publish_stalls,0.0
aggregate.self_loop.over.watermark.overflow_attempts,0.0
aggregate.self_loop.over.watermark.queue_cv,0.07617265305314255
aggregate.self_loop.over.watermark.queue_direction_reversals,7.733333333333333
aggregate.self_loop.over.watermark.source_fairness,1.0
aggregate.self_loop.over.credit.generated_traces,931.9333333333333
aggregate.self_loop.over.credit.sink_completions,43.6
aggregate.self_loop.over.credit.throughput_per_1000_ticks,10.380952380952381
aggregate.self_loop.over.credit.p50_latency,57.31666666666667
aggregate.self_loop.over.credit.p95_latency,93.89
aggregate.self_loop.over.credit.p99_latency,98.35799999999999
aggregate.self_loop.over.credit.mean_latency,57.79662046849005
aggregate.self_loop.over.credit.max_node_queue,36.0
aggregate.self_loop.over.credit.max_external_backlog,867.2
aggregate.self_loop.over.credit.pending_after_drain,903.2
aggregate.self_loop.over.credit.sustained_no_progress,1.0
aggregate.self_loop.over.credit.activations,38.4
aggregate.self_loop.over.credit.blocked_ticks,19.2
aggregate.self_loop.over.credit.busy_ticks,389.56666666666666
aggregate.self_loop.over.credit.atomic_publish_stalls,0.0
aggregate.self_loop.over.credit.overflow_attempts,0.0
aggregate.self_loop.over.credit.queue_cv,0.0770706685997998
aggregate.self_loop.over.credit.queue_direction_reversals,9.533333333333333
aggregate.self_loop.over.credit.source_fairness,1.0
aggregate.self_loop.over.pi.generated_traces,931.6
aggregate.self_loop.over.pi.sink_completions,39.56666666666667
aggregate.self_loop.over.pi.throughput_per_1000_ticks,9.420634920634921
aggregate.self_loop.over.pi.p50_latency,54.1
aggregate.self_loop.over.pi.p95_latency,107.63666666666667
aggregate.self_loop.over.pi.p99_latency,116.23566666666666
aggregate.self_loop.over.pi.mean_latency,57.05700394531126
aggregate.self_loop.over.pi.max_node_queue,36.0
aggregate.self_loop.over.pi.max_external_backlog,866.3
aggregate.self_loop.over.pi.pending_after_drain,904.6333333333333
aggregate.self_loop.over.pi.sustained_no_progress,1.0
aggregate.self_loop.over.pi.activations,36.56666666666667
aggregate.self_loop.over.pi.blocked_ticks,19918.3
aggregate.self_loop.over.pi.busy_ticks,368.26666666666665
aggregate.self_loop.over.pi.atomic_publish_stalls,19900.966666666667
aggregate.self_loop.over.pi.overflow_attempts,0.0
aggregate.self_loop.over.pi.queue_cv,0.0785092143709583
aggregate.self_loop.over.pi.queue_direction_reversals,12.6
aggregate.self_loop.over.pi.source_fairness,1.0
aggregate.self_loop.over.aimd:a=0.5:m=1.35.generated_traces,932.1333333333333
aggregate.self_loop.over.aimd:a=0.5:m=1.35.sink_completions,24.5
aggregate.self_loop.over.aimd:a=0.5:m=1.35.throughput_per_1000_ticks,5.833333333333333
aggregate.self_loop.over.aimd:a=0.5:m=1.35.p50_latency,52.65
aggregate.self_loop.over.aimd:a=0.5:m=1.35.p95_latency,109.74166666666665
aggregate.self_loop.over.aimd:a=0.5:m=1.35.p99_latency,120.81466666666665
aggregate.self_loop.over.aimd:a=0.5:m=1.35.mean_latency,57.48437699739873
aggregate.self_loop.over.aimd:a=0.5:m=1.35.max_node_queue,36.0
aggregate.self_loop.over.aimd:a=0.5:m=1.35.max_external_backlog,878.6
aggregate.self_loop.over.aimd:a=0.5:m=1.35.pending_after_drain,917.8666666666667
aggregate.self_loop.over.aimd:a=0.5:m=1.35.sustained_no_progress,1.0
aggregate.self_loop.over.aimd:a=0.5:m=1.35.activations,22.566666666666666
aggregate.self_loop.over.aimd:a=0.5:m=1.35.blocked_ticks,19960.9
aggregate.self_loop.over.aimd:a=0.5:m=1.35.busy_ticks,225.43333333333334
aggregate.self_loop.over.aimd:a=0.5:m=1.35.atomic_publish_stalls,19950.366666666665
aggregate.self_loop.over.aimd:a=0.5:m=1.35.overflow_attempts,0.0
aggregate.self_loop.over.aimd:a=0.5:m=1.35.queue_cv,0.07086709276398576
aggregate.self_loop.over.aimd:a=0.5:m=1.35.queue_direction_reversals,12.866666666666667
aggregate.self_loop.over.aimd:a=0.5:m=1.35.source_fairness,1.0
aggregate.self_loop.over.aimd:a=0.5:m=1.8.generated_traces,932.0333333333333
aggregate.self_loop.over.aimd:a=0.5:m=1.8.sink_completions,15.166666666666666
aggregate.self_loop.over.aimd:a=0.5:m=1.8.throughput_per_1000_ticks,3.611111111111111
aggregate.self_loop.over.aimd:a=0.5:m=1.8.p50_latency,38.1
aggregate.self_loop.over.aimd:a=0.5:m=1.8.p95_latency,100.21666666666665
aggregate.self_loop.over.aimd:a=0.5:m=1.8.p99_latency,109.85666666666665
aggregate.self_loop.over.aimd:a=0.5:m=1.8.mean_latency,49.065198412698415
aggregate.self_loop.over.aimd:a=0.5:m=1.8.max_node_queue,36.0
aggregate.self_loop.over.aimd:a=0.5:m=1.8.max_external_backlog,883.2666666666667
aggregate.self_loop.over.aimd:a=0.5:m=1.8.pending_after_drain,923.2333333333333
aggregate.self_loop.over.aimd:a=0.5:m=1.8.sustained_no_progress,1.0
aggregate.self_loop.over.aimd:a=0.5:m=1.8.activations,15.033333333333333
aggregate.self_loop.over.aimd:a=0.5:m=1.8.blocked_ticks,19963.966666666667
aggregate.self_loop.over.aimd:a=0.5:m=1.8.busy_ticks,148.63333333333333
aggregate.self_loop.over.aimd:a=0.5:m=1.8.atomic_publish_stalls,19956.966666666667
aggregate.self_loop.over.aimd:a=0.5:m=1.8.overflow_attempts,0.0
aggregate.self_loop.over.aimd:a=0.5:m=1.8.queue_cv,0.06708967017169451
aggregate.self_loop.over.aimd:a=0.5:m=1.8.queue_direction_reversals,8.133333333333333
aggregate.self_loop.over.aimd:a=0.5:m=1.8.source_fairness,1.0
aggregate.self_loop.over.aimd:a=0.5:m=2.5.generated_traces,932.2
aggregate.self_loop.over.aimd:a=0.5:m=2.5.sink_completions,11.033333333333333
aggregate.self_loop.over.aimd:a=0.5:m=2.5.throughput_per_1000_ticks,2.626984126984127
aggregate.self_loop.over.aimd:a=0.5:m=2.5.p50_latency,39.36666666666667
aggregate.self_loop.over.aimd:a=0.5:m=2.5.p95_latency,90.93666666666667
aggregate.self_loop.over.aimd:a=0.5:m=2.5.p99_latency,94.854
aggregate.self_loop.over.aimd:a=0.5:m=2.5.mean_latency,45.42359362859363
aggregate.self_loop.over.aimd:a=0.5:m=2.5.max_node_queue,36.0
aggregate.self_loop.over.aimd:a=0.5:m=2.5.max_external_backlog,886.9
aggregate.self_loop.over.aimd:a=0.5:m=2.5.pending_after_drain,926.3333333333334
aggregate.self_loop.over.aimd:a=0.5:m=2.5.sustained_no_progress,1.0
aggregate.self_loop.over.aimd:a=0.5:m=2.5.activations,11.533333333333333
aggregate.self_loop.over.aimd:a=0.5:m=2.5.blocked_ticks,19975.766666666666
aggregate.self_loop.over.aimd:a=0.5:m=2.5.busy_ticks,110.86666666666666
aggregate.self_loop.over.aimd:a=0.5:m=2.5.atomic_publish_stalls,19970.7
aggregate.self_loop.over.aimd:a=0.5:m=2.5.overflow_attempts,0.0
aggregate.self_loop.over.aimd:a=0.5:m=2.5.queue_cv,0.06285548749107085
aggregate.self_loop.over.aimd:a=0.5:m=2.5.queue_direction_reversals,7.066666666666666
aggregate.self_loop.over.aimd:a=0.5:m=2.5.source_fairness,1.0
aggregate.self_loop.over.aimd:a=1.0:m=1.35.generated_traces,932.1333333333333
aggregate.self_loop.over.aimd:a=1.0:m=1.35.sink_completions,24.5
aggregate.self_loop.over.aimd:a=1.0:m=1.35.throughput_per_1000_ticks,5.833333333333333
aggregate.self_loop.over.aimd:a=1.0:m=1.35.p50_latency,52.65
aggregate.self_loop.over.aimd:a=1.0:m=1.35.p95_latency,109.74166666666665
aggregate.self_loop.over.aimd:a=1.0:m=1.35.p99_latency,120.81466666666665
aggregate.self_loop.over.aimd:a=1.0:m=1.35.mean_latency,57.48437699739873
aggregate.self_loop.over.aimd:a=1.0:m=1.35.max_node_queue,36.0
aggregate.self_loop.over.aimd:a=1.0:m=1.35.max_external_backlog,878.6
aggregate.self_loop.over.aimd:a=1.0:m=1.35.pending_after_drain,917.8666666666667
aggregate.self_loop.over.aimd:a=1.0:m=1.35.sustained_no_progress,1.0
aggregate.self_loop.over.aimd:a=1.0:m=1.35.activations,22.566666666666666
aggregate.self_loop.over.aimd:a=1.0:m=1.35.blocked_ticks,19960.9
aggregate.self_loop.over.aimd:a=1.0:m=1.35.busy_ticks,225.43333333333334
aggregate.self_loop.over.aimd:a=1.0:m=1.35.atomic_publish_stalls,19950.366666666665
aggregate.self_loop.over.aimd:a=1.0:m=1.35.overflow_attempts,0.0
aggregate.self_loop.over.aimd:a=1.0:m=1.35.queue_cv,0.07086709276398576
aggregate.self_loop.over.aimd:a=1.0:m=1.35.queue_direction_reversals,12.866666666666667
aggregate.self_loop.over.aimd:a=1.0:m=1.35.source_fairness,1.0
aggregate.self_loop.over.aimd:a=1.0:m=1.8.generated_traces,932.0333333333333
aggregate.self_loop.over.aimd:a=1.0:m=1.8.sink_completions,15.166666666666666
aggregate.self_loop.over.aimd:a=1.0:m=1.8.throughput_per_1000_ticks,3.611111111111111
aggregate.self_loop.over.aimd:a=1.0:m=1.8.p50_latency,38.1
aggregate.self_loop.over.aimd:a=1.0:m=1.8.p95_latency,100.21666666666665
aggregate.self_loop.over.aimd:a=1.0:m=1.8.p99_latency,109.85666666666665
aggregate.self_loop.over.aimd:a=1.0:m=1.8.mean_latency,49.065198412698415
aggregate.self_loop.over.aimd:a=1.0:m=1.8.max_node_queue,36.0
aggregate.self_loop.over.aimd:a=1.0:m=1.8.max_external_backlog,883.2666666666667
aggregate.self_loop.over.aimd:a=1.0:m=1.8.pending_after_drain,923.2333333333333
aggregate.self_loop.over.aimd:a=1.0:m=1.8.sustained_no_progress,1.0
aggregate.self_loop.over.aimd:a=1.0:m=1.8.activations,15.033333333333333
aggregate.self_loop.over.aimd:a=1.0:m=1.8.blocked_ticks,19963.966666666667
aggregate.self_loop.over.aimd:a=1.0:m=1.8.busy_ticks,148.63333333333333
aggregate.self_loop.over.aimd:a=1.0:m=1.8.atomic_publish_stalls,19956.966666666667
aggregate.self_loop.over.aimd:a=1.0:m=1.8.overflow_attempts,0.0
aggregate.self_loop.over.aimd:a=1.0:m=1.8.queue_cv,0.06708967017169451
aggregate.self_loop.over.aimd:a=1.0:m=1.8.queue_direction_reversals,8.133333333333333
aggregate.self_loop.over.aimd:a=1.0:m=1.8.source_fairness,1.0
aggregate.self_loop.over.aimd:a=1.0:m=2.5.generated_traces,932.2
aggregate.self_loop.over.aimd:a=1.0:m=2.5.sink_completions,11.033333333333333
aggregate.self_loop.over.aimd:a=1.0:m=2.5.throughput_per_1000_ticks,2.626984126984127
aggregate.self_loop.over.aimd:a=1.0:m=2.5.p50_latency,39.36666666666667
aggregate.self_loop.over.aimd:a=1.0:m=2.5.p95_latency,90.93666666666667
aggregate.self_loop.over.aimd:a=1.0:m=2.5.p99_latency,94.854
aggregate.self_loop.over.aimd:a=1.0:m=2.5.mean_latency,45.42359362859363
aggregate.self_loop.over.aimd:a=1.0:m=2.5.max_node_queue,36.0
aggregate.self_loop.over.aimd:a=1.0:m=2.5.max_external_backlog,886.9
aggregate.self_loop.over.aimd:a=1.0:m=2.5.pending_after_drain,926.3333333333334
aggregate.self_loop.over.aimd:a=1.0:m=2.5.sustained_no_progress,1.0
aggregate.self_loop.over.aimd:a=1.0:m=2.5.activations,11.533333333333333
aggregate.self_loop.over.aimd:a=1.0:m=2.5.blocked_ticks,19975.766666666666
aggregate.self_loop.over.aimd:a=1.0:m=2.5.busy_ticks,110.86666666666666
aggregate.self_loop.over.aimd:a=1.0:m=2.5.atomic_publish_stalls,19970.7
aggregate.self_loop.over.aimd:a=1.0:m=2.5.overflow_attempts,0.0
aggregate.self_loop.over.aimd:a=1.0:m=2.5.queue_cv,0.06285548749107085
aggregate.self_loop.over.aimd:a=1.0:m=2.5.queue_direction_reversals,7.066666666666666
aggregate.self_loop.over.aimd:a=1.0:m=2.5.source_fairness,1.0
aggregate.self_loop.over.aimd:a=2.0:m=1.35.generated_traces,932.1333333333333
aggregate.self_loop.over.aimd:a=2.0:m=1.35.sink_completions,24.5
aggregate.self_loop.over.aimd:a=2.0:m=1.35.throughput_per_1000_ticks,5.833333333333333
aggregate.self_loop.over.aimd:a=2.0:m=1.35.p50_latency,52.65
aggregate.self_loop.over.aimd:a=2.0:m=1.35.p95_latency,109.74166666666665
aggregate.self_loop.over.aimd:a=2.0:m=1.35.p99_latency,120.81466666666665
aggregate.self_loop.over.aimd:a=2.0:m=1.35.mean_latency,57.48437699739873
aggregate.self_loop.over.aimd:a=2.0:m=1.35.max_node_queue,36.0
aggregate.self_loop.over.aimd:a=2.0:m=1.35.max_external_backlog,878.6
aggregate.self_loop.over.aimd:a=2.0:m=1.35.pending_after_drain,917.8666666666667
aggregate.self_loop.over.aimd:a=2.0:m=1.35.sustained_no_progress,1.0
aggregate.self_loop.over.aimd:a=2.0:m=1.35.activations,22.566666666666666
aggregate.self_loop.over.aimd:a=2.0:m=1.35.blocked_ticks,19960.9
aggregate.self_loop.over.aimd:a=2.0:m=1.35.busy_ticks,225.43333333333334
aggregate.self_loop.over.aimd:a=2.0:m=1.35.atomic_publish_stalls,19950.366666666665
aggregate.self_loop.over.aimd:a=2.0:m=1.35.overflow_attempts,0.0
aggregate.self_loop.over.aimd:a=2.0:m=1.35.queue_cv,0.07086709276398576
aggregate.self_loop.over.aimd:a=2.0:m=1.35.queue_direction_reversals,12.866666666666667
aggregate.self_loop.over.aimd:a=2.0:m=1.35.source_fairness,1.0
aggregate.self_loop.over.aimd:a=2.0:m=1.8.generated_traces,932.0333333333333
aggregate.self_loop.over.aimd:a=2.0:m=1.8.sink_completions,15.166666666666666
aggregate.self_loop.over.aimd:a=2.0:m=1.8.throughput_per_1000_ticks,3.611111111111111
aggregate.self_loop.over.aimd:a=2.0:m=1.8.p50_latency,38.1
aggregate.self_loop.over.aimd:a=2.0:m=1.8.p95_latency,100.21666666666665
aggregate.self_loop.over.aimd:a=2.0:m=1.8.p99_latency,109.85666666666665
aggregate.self_loop.over.aimd:a=2.0:m=1.8.mean_latency,49.065198412698415
aggregate.self_loop.over.aimd:a=2.0:m=1.8.max_node_queue,36.0
aggregate.self_loop.over.aimd:a=2.0:m=1.8.max_external_backlog,883.2666666666667
aggregate.self_loop.over.aimd:a=2.0:m=1.8.pending_after_drain,923.2333333333333
aggregate.self_loop.over.aimd:a=2.0:m=1.8.sustained_no_progress,1.0
aggregate.self_loop.over.aimd:a=2.0:m=1.8.activations,15.033333333333333
aggregate.self_loop.over.aimd:a=2.0:m=1.8.blocked_ticks,19963.966666666667
aggregate.self_loop.over.aimd:a=2.0:m=1.8.busy_ticks,148.63333333333333
aggregate.self_loop.over.aimd:a=2.0:m=1.8.atomic_publish_stalls,19956.966666666667
aggregate.self_loop.over.aimd:a=2.0:m=1.8.overflow_attempts,0.0
aggregate.self_loop.over.aimd:a=2.0:m=1.8.queue_cv,0.06708967017169451
aggregate.self_loop.over.aimd:a=2.0:m=1.8.queue_direction_reversals,8.133333333333333
aggregate.self_loop.over.aimd:a=2.0:m=1.8.source_fairness,1.0
aggregate.self_loop.over.aimd:a=2.0:m=2.5.generated_traces,932.2
aggregate.self_loop.over.aimd:a=2.0:m=2.5.sink_completions,11.033333333333333
aggregate.self_loop.over.aimd:a=2.0:m=2.5.throughput_per_1000_ticks,2.626984126984127
aggregate.self_loop.over.aimd:a=2.0:m=2.5.p50_latency,39.36666666666667
aggregate.self_loop.over.aimd:a=2.0:m=2.5.p95_latency,90.93666666666667
aggregate.self_loop.over.aimd:a=2.0:m=2.5.p99_latency,94.854
aggregate.self_loop.over.aimd:a=2.0:m=2.5.mean_latency,45.42359362859363
aggregate.self_loop.over.aimd:a=2.0:m=2.5.max_node_queue,36.0
aggregate.self_loop.over.aimd:a=2.0:m=2.5.max_external_backlog,886.9
aggregate.self_loop.over.aimd:a=2.0:m=2.5.pending_after_drain,926.3333333333334
aggregate.self_loop.over.aimd:a=2.0:m=2.5.sustained_no_progress,1.0
aggregate.self_loop.over.aimd:a=2.0:m=2.5.activations,11.533333333333333
aggregate.self_loop.over.aimd:a=2.0:m=2.5.blocked_ticks,19975.766666666666
aggregate.self_loop.over.aimd:a=2.0:m=2.5.busy_ticks,110.86666666666666
aggregate.self_loop.over.aimd:a=2.0:m=2.5.atomic_publish_stalls,19970.7
aggregate.self_loop.over.aimd:a=2.0:m=2.5.overflow_attempts,0.0
aggregate.self_loop.over.aimd:a=2.0:m=2.5.queue_cv,0.06285548749107085
aggregate.self_loop.over.aimd:a=2.0:m=2.5.queue_direction_reversals,7.066666666666666
aggregate.self_loop.over.aimd:a=2.0:m=2.5.source_fairness,1.0
aggregate.two_cycle.under.reactive.generated_traces,221.3
aggregate.two_cycle.under.reactive.sink_completions,442.6
aggregate.two_cycle.under.reactive.throughput_per_1000_ticks,105.38095238095238
aggregate.two_cycle.under.reactive.p50_latency,20.016666666666666
aggregate.two_cycle.under.reactive.p95_latency,33.36833333333333
aggregate.two_cycle.under.reactive.p99_latency,36.06466666666667
aggregate.two_cycle.under.reactive.mean_latency,21.212663164686106
aggregate.two_cycle.under.reactive.max_node_queue,1.0
aggregate.two_cycle.under.reactive.max_external_backlog,0.0
aggregate.two_cycle.under.reactive.pending_after_drain,0.0
aggregate.two_cycle.under.reactive.sustained_no_progress,0.0
aggregate.two_cycle.under.reactive.activations,885.2
aggregate.two_cycle.under.reactive.blocked_ticks,442.6
aggregate.two_cycle.under.reactive.busy_ticks,7302.5
aggregate.two_cycle.under.reactive.atomic_publish_stalls,0.0
aggregate.two_cycle.under.reactive.overflow_attempts,0.0
aggregate.two_cycle.under.reactive.queue_cv,3.6339548264559056
aggregate.two_cycle.under.reactive.queue_direction_reversals,61.0
aggregate.two_cycle.under.reactive.source_fairness,1.0
aggregate.two_cycle.under.watermark.generated_traces,221.3
aggregate.two_cycle.under.watermark.sink_completions,442.6
aggregate.two_cycle.under.watermark.throughput_per_1000_ticks,105.38095238095238
aggregate.two_cycle.under.watermark.p50_latency,20.016666666666666
aggregate.two_cycle.under.watermark.p95_latency,33.36833333333333
aggregate.two_cycle.under.watermark.p99_latency,36.06466666666667
aggregate.two_cycle.under.watermark.mean_latency,21.212663164686106
aggregate.two_cycle.under.watermark.max_node_queue,1.0
aggregate.two_cycle.under.watermark.max_external_backlog,0.0
aggregate.two_cycle.under.watermark.pending_after_drain,0.0
aggregate.two_cycle.under.watermark.sustained_no_progress,0.0
aggregate.two_cycle.under.watermark.activations,885.2
aggregate.two_cycle.under.watermark.blocked_ticks,442.6
aggregate.two_cycle.under.watermark.busy_ticks,7302.5
aggregate.two_cycle.under.watermark.atomic_publish_stalls,0.0
aggregate.two_cycle.under.watermark.overflow_attempts,0.0
aggregate.two_cycle.under.watermark.queue_cv,3.6339548264559056
aggregate.two_cycle.under.watermark.queue_direction_reversals,61.0
aggregate.two_cycle.under.watermark.source_fairness,1.0
aggregate.two_cycle.under.credit.generated_traces,221.3
aggregate.two_cycle.under.credit.sink_completions,442.6
aggregate.two_cycle.under.credit.throughput_per_1000_ticks,105.38095238095238
aggregate.two_cycle.under.credit.p50_latency,20.016666666666666
aggregate.two_cycle.under.credit.p95_latency,33.36833333333333
aggregate.two_cycle.under.credit.p99_latency,36.06466666666667
aggregate.two_cycle.under.credit.mean_latency,21.212663164686106
aggregate.two_cycle.under.credit.max_node_queue,1.0
aggregate.two_cycle.under.credit.max_external_backlog,0.0
aggregate.two_cycle.under.credit.pending_after_drain,0.0
aggregate.two_cycle.under.credit.sustained_no_progress,0.0
aggregate.two_cycle.under.credit.activations,885.2
aggregate.two_cycle.under.credit.blocked_ticks,442.6
aggregate.two_cycle.under.credit.busy_ticks,7302.5
aggregate.two_cycle.under.credit.atomic_publish_stalls,0.0
aggregate.two_cycle.under.credit.overflow_attempts,0.0
aggregate.two_cycle.under.credit.queue_cv,3.6339548264559056
aggregate.two_cycle.under.credit.queue_direction_reversals,61.0
aggregate.two_cycle.under.credit.source_fairness,1.0
aggregate.two_cycle.under.pi.generated_traces,221.3
aggregate.two_cycle.under.pi.sink_completions,442.6
aggregate.two_cycle.under.pi.throughput_per_1000_ticks,105.38095238095238
aggregate.two_cycle.under.pi.p50_latency,20.016666666666666
aggregate.two_cycle.under.pi.p95_latency,33.36833333333333
aggregate.two_cycle.under.pi.p99_latency,36.06466666666667
aggregate.two_cycle.under.pi.mean_latency,21.212663164686106
aggregate.two_cycle.under.pi.max_node_queue,1.0
aggregate.two_cycle.under.pi.max_external_backlog,0.0
aggregate.two_cycle.under.pi.pending_after_drain,0.0
aggregate.two_cycle.under.pi.sustained_no_progress,0.0
aggregate.two_cycle.under.pi.activations,885.2
aggregate.two_cycle.under.pi.blocked_ticks,442.6
aggregate.two_cycle.under.pi.busy_ticks,7302.5
aggregate.two_cycle.under.pi.atomic_publish_stalls,0.0
aggregate.two_cycle.under.pi.overflow_attempts,0.0
aggregate.two_cycle.under.pi.queue_cv,3.6339548264559056
aggregate.two_cycle.under.pi.queue_direction_reversals,61.0
aggregate.two_cycle.under.pi.source_fairness,1.0
aggregate.two_cycle.under.aimd:a=0.5:m=1.35.generated_traces,221.1
aggregate.two_cycle.under.aimd:a=0.5:m=1.35.sink_completions,442.2
aggregate.two_cycle.under.aimd:a=0.5:m=1.35.throughput_per_1000_ticks,105.28571428571428
aggregate.two_cycle.under.aimd:a=0.5:m=1.35.p50_latency,594.7166666666667
aggregate.two_cycle.under.aimd:a=0.5:m=1.35.p95_latency,1552.9116666666664
aggregate.two_cycle.under.aimd:a=0.5:m=1.35.p99_latency,1699.0546666666667
aggregate.two_cycle.under.aimd:a=0.5:m=1.35.mean_latency,650.8805076449622
aggregate.two_cycle.under.aimd:a=0.5:m=1.35.max_node_queue,36.0
aggregate.two_cycle.under.aimd:a=0.5:m=1.35.max_external_backlog,5.933333333333334
aggregate.two_cycle.under.aimd:a=0.5:m=1.35.pending_after_drain,0.0
aggregate.two_cycle.under.aimd:a=0.5:m=1.35.sustained_no_progress,0.0
aggregate.two_cycle.under.aimd:a=0.5:m=1.35.activations,257.8
aggregate.two_cycle.under.aimd:a=0.5:m=1.35.blocked_ticks,128.9
aggregate.two_cycle.under.aimd:a=0.5:m=1.35.busy_ticks,3376.7
aggregate.two_cycle.under.aimd:a=0.5:m=1.35.atomic_publish_stalls,0.0
aggregate.two_cycle.under.aimd:a=0.5:m=1.35.overflow_attempts,0.0
aggregate.two_cycle.under.aimd:a=0.5:m=1.35.queue_cv,0.6306137664148344
aggregate.two_cycle.under.aimd:a=0.5:m=1.35.queue_direction_reversals,156.0
aggregate.two_cycle.under.aimd:a=0.5:m=1.35.source_fairness,1.0
aggregate.two_cycle.under.aimd:a=0.5:m=1.8.generated_traces,221.33333333333334
aggregate.two_cycle.under.aimd:a=0.5:m=1.8.sink_completions,442.6666666666667
aggregate.two_cycle.under.aimd:a=0.5:m=1.8.throughput_per_1000_ticks,105.39682539682539
aggregate.two_cycle.under.aimd:a=0.5:m=1.8.p50_latency,665.85
aggregate.two_cycle.under.aimd:a=0.5:m=1.8.p95_latency,1678.0916666666665
aggregate.two_cycle.under.aimd:a=0.5:m=1.8.p99_latency,1826.2863333333332
aggregate.two_cycle.under.aimd:a=0.5:m=1.8.mean_latency,730.2116868465906
aggregate.two_cycle.under.aimd:a=0.5:m=1.8.max_node_queue,36.0
aggregate.two_cycle.under.aimd:a=0.5:m=1.8.max_external_backlog,7.866666666666666
aggregate.two_cycle.under.aimd:a=0.5:m=1.8.pending_after_drain,0.0
aggregate.two_cycle.under.aimd:a=0.5:m=1.8.sustained_no_progress,0.0
aggregate.two_cycle.under.aimd:a=0.5:m=1.8.activations,243.06666666666666
aggregate.two_cycle.under.aimd:a=0.5:m=1.8.blocked_ticks,121.53333333333333
aggregate.two_cycle.under.aimd:a=0.5:m=1.8.busy_ticks,3289.5666666666666
aggregate.two_cycle.under.aimd:a=0.5:m=1.8.atomic_publish_stalls,0.0
aggregate.two_cycle.under.aimd:a=0.5:m=1.8.overflow_attempts,0.0
aggregate.two_cycle.under.aimd:a=0.5:m=1.8.queue_cv,0.57759503845901
aggregate.two_cycle.under.aimd:a=0.5:m=1.8.queue_direction_reversals,146.93333333333334
aggregate.two_cycle.under.aimd:a=0.5:m=1.8.source_fairness,1.0
aggregate.two_cycle.under.aimd:a=0.5:m=2.5.generated_traces,221.46666666666667
aggregate.two_cycle.under.aimd:a=0.5:m=2.5.sink_completions,442.93333333333334
aggregate.two_cycle.under.aimd:a=0.5:m=2.5.throughput_per_1000_ticks,105.46031746031746
aggregate.two_cycle.under.aimd:a=0.5:m=2.5.p50_latency,692.95
aggregate.two_cycle.under.aimd:a=0.5:m=2.5.p95_latency,1707.2599999999998
aggregate.two_cycle.under.aimd:a=0.5:m=2.5.p99_latency,1853.8926666666666
aggregate.two_cycle.under.aimd:a=0.5:m=2.5.mean_latency,755.8775662552814
aggregate.two_cycle.under.aimd:a=0.5:m=2.5.max_node_queue,36.0
aggregate.two_cycle.under.aimd:a=0.5:m=2.5.max_external_backlog,8.633333333333333
aggregate.two_cycle.under.aimd:a=0.5:m=2.5.pending_after_drain,0.0
aggregate.two_cycle.under.aimd:a=0.5:m=2.5.sustained_no_progress,0.0
aggregate.two_cycle.under.aimd:a=0.5:m=2.5.activations,236.4
aggregate.two_cycle.under.aimd:a=0.5:m=2.5.blocked_ticks,118.2
aggregate.two_cycle.under.aimd:a=0.5:m=2.5.busy_ticks,3250.733333333333
aggregate.two_cycle.under.aimd:a=0.5:m=2.5.atomic_publish_stalls,0.0
aggregate.two_cycle.under.aimd:a=0.5:m=2.5.overflow_attempts,0.0
aggregate.two_cycle.under.aimd:a=0.5:m=2.5.queue_cv,0.5626753456453712
aggregate.two_cycle.under.aimd:a=0.5:m=2.5.queue_direction_reversals,146.2
aggregate.two_cycle.under.aimd:a=0.5:m=2.5.source_fairness,1.0
aggregate.two_cycle.under.aimd:a=1.0:m=1.35.generated_traces,221.1
aggregate.two_cycle.under.aimd:a=1.0:m=1.35.sink_completions,442.2
aggregate.two_cycle.under.aimd:a=1.0:m=1.35.throughput_per_1000_ticks,105.28571428571428
aggregate.two_cycle.under.aimd:a=1.0:m=1.35.p50_latency,594.7166666666667
aggregate.two_cycle.under.aimd:a=1.0:m=1.35.p95_latency,1552.9116666666664
aggregate.two_cycle.under.aimd:a=1.0:m=1.35.p99_latency,1699.0546666666667
aggregate.two_cycle.under.aimd:a=1.0:m=1.35.mean_latency,650.8805076449622
aggregate.two_cycle.under.aimd:a=1.0:m=1.35.max_node_queue,36.0
aggregate.two_cycle.under.aimd:a=1.0:m=1.35.max_external_backlog,5.933333333333334
aggregate.two_cycle.under.aimd:a=1.0:m=1.35.pending_after_drain,0.0
aggregate.two_cycle.under.aimd:a=1.0:m=1.35.sustained_no_progress,0.0
aggregate.two_cycle.under.aimd:a=1.0:m=1.35.activations,257.8
aggregate.two_cycle.under.aimd:a=1.0:m=1.35.blocked_ticks,128.9
aggregate.two_cycle.under.aimd:a=1.0:m=1.35.busy_ticks,3376.7
aggregate.two_cycle.under.aimd:a=1.0:m=1.35.atomic_publish_stalls,0.0
aggregate.two_cycle.under.aimd:a=1.0:m=1.35.overflow_attempts,0.0
aggregate.two_cycle.under.aimd:a=1.0:m=1.35.queue_cv,0.6306137664148344
aggregate.two_cycle.under.aimd:a=1.0:m=1.35.queue_direction_reversals,156.0
aggregate.two_cycle.under.aimd:a=1.0:m=1.35.source_fairness,1.0
aggregate.two_cycle.under.aimd:a=1.0:m=1.8.generated_traces,221.33333333333334
aggregate.two_cycle.under.aimd:a=1.0:m=1.8.sink_completions,442.6666666666667
aggregate.two_cycle.under.aimd:a=1.0:m=1.8.throughput_per_1000_ticks,105.39682539682539
aggregate.two_cycle.under.aimd:a=1.0:m=1.8.p50_latency,665.85
aggregate.two_cycle.under.aimd:a=1.0:m=1.8.p95_latency,1678.0916666666665
aggregate.two_cycle.under.aimd:a=1.0:m=1.8.p99_latency,1826.2863333333332
aggregate.two_cycle.under.aimd:a=1.0:m=1.8.mean_latency,730.2116868465906
aggregate.two_cycle.under.aimd:a=1.0:m=1.8.max_node_queue,36.0
aggregate.two_cycle.under.aimd:a=1.0:m=1.8.max_external_backlog,7.866666666666666
aggregate.two_cycle.under.aimd:a=1.0:m=1.8.pending_after_drain,0.0
aggregate.two_cycle.under.aimd:a=1.0:m=1.8.sustained_no_progress,0.0
aggregate.two_cycle.under.aimd:a=1.0:m=1.8.activations,243.06666666666666
aggregate.two_cycle.under.aimd:a=1.0:m=1.8.blocked_ticks,121.53333333333333
aggregate.two_cycle.under.aimd:a=1.0:m=1.8.busy_ticks,3289.5666666666666
aggregate.two_cycle.under.aimd:a=1.0:m=1.8.atomic_publish_stalls,0.0
aggregate.two_cycle.under.aimd:a=1.0:m=1.8.overflow_attempts,0.0
aggregate.two_cycle.under.aimd:a=1.0:m=1.8.queue_cv,0.57759503845901
aggregate.two_cycle.under.aimd:a=1.0:m=1.8.queue_direction_reversals,146.93333333333334
aggregate.two_cycle.under.aimd:a=1.0:m=1.8.source_fairness,1.0
aggregate.two_cycle.under.aimd:a=1.0:m=2.5.generated_traces,221.46666666666667
aggregate.two_cycle.under.aimd:a=1.0:m=2.5.sink_completions,442.93333333333334
aggregate.two_cycle.under.aimd:a=1.0:m=2.5.throughput_per_1000_ticks,105.46031746031746
aggregate.two_cycle.under.aimd:a=1.0:m=2.5.p50_latency,692.95
aggregate.two_cycle.under.aimd:a=1.0:m=2.5.p95_latency,1707.2599999999998
aggregate.two_cycle.under.aimd:a=1.0:m=2.5.p99_latency,1853.8926666666666
aggregate.two_cycle.under.aimd:a=1.0:m=2.5.mean_latency,755.8775662552814
aggregate.two_cycle.under.aimd:a=1.0:m=2.5.max_node_queue,36.0
aggregate.two_cycle.under.aimd:a=1.0:m=2.5.max_external_backlog,8.633333333333333
aggregate.two_cycle.under.aimd:a=1.0:m=2.5.pending_after_drain,0.0
aggregate.two_cycle.under.aimd:a=1.0:m=2.5.sustained_no_progress,0.0
aggregate.two_cycle.under.aimd:a=1.0:m=2.5.activations,236.4
aggregate.two_cycle.under.aimd:a=1.0:m=2.5.blocked_ticks,118.2
aggregate.two_cycle.under.aimd:a=1.0:m=2.5.busy_ticks,3250.733333333333
aggregate.two_cycle.under.aimd:a=1.0:m=2.5.atomic_publish_stalls,0.0
aggregate.two_cycle.under.aimd:a=1.0:m=2.5.overflow_attempts,0.0
aggregate.two_cycle.under.aimd:a=1.0:m=2.5.queue_cv,0.5626753456453712
aggregate.two_cycle.under.aimd:a=1.0:m=2.5.queue_direction_reversals,146.2
aggregate.two_cycle.under.aimd:a=1.0:m=2.5.source_fairness,1.0
aggregate.two_cycle.under.aimd:a=2.0:m=1.35.generated_traces,221.1
aggregate.two_cycle.under.aimd:a=2.0:m=1.35.sink_completions,442.2
aggregate.two_cycle.under.aimd:a=2.0:m=1.35.throughput_per_1000_ticks,105.28571428571428
aggregate.two_cycle.under.aimd:a=2.0:m=1.35.p50_latency,594.7166666666667
aggregate.two_cycle.under.aimd:a=2.0:m=1.35.p95_latency,1552.9116666666664
aggregate.two_cycle.under.aimd:a=2.0:m=1.35.p99_latency,1699.0546666666667
aggregate.two_cycle.under.aimd:a=2.0:m=1.35.mean_latency,650.8805076449622
aggregate.two_cycle.under.aimd:a=2.0:m=1.35.max_node_queue,36.0
aggregate.two_cycle.under.aimd:a=2.0:m=1.35.max_external_backlog,5.933333333333334
aggregate.two_cycle.under.aimd:a=2.0:m=1.35.pending_after_drain,0.0
aggregate.two_cycle.under.aimd:a=2.0:m=1.35.sustained_no_progress,0.0
aggregate.two_cycle.under.aimd:a=2.0:m=1.35.activations,257.8
aggregate.two_cycle.under.aimd:a=2.0:m=1.35.blocked_ticks,128.9
aggregate.two_cycle.under.aimd:a=2.0:m=1.35.busy_ticks,3376.7
aggregate.two_cycle.under.aimd:a=2.0:m=1.35.atomic_publish_stalls,0.0
aggregate.two_cycle.under.aimd:a=2.0:m=1.35.overflow_attempts,0.0
aggregate.two_cycle.under.aimd:a=2.0:m=1.35.queue_cv,0.6306137664148344
aggregate.two_cycle.under.aimd:a=2.0:m=1.35.queue_direction_reversals,156.0
aggregate.two_cycle.under.aimd:a=2.0:m=1.35.source_fairness,1.0
aggregate.two_cycle.under.aimd:a=2.0:m=1.8.generated_traces,221.33333333333334
aggregate.two_cycle.under.aimd:a=2.0:m=1.8.sink_completions,442.6666666666667
aggregate.two_cycle.under.aimd:a=2.0:m=1.8.throughput_per_1000_ticks,105.39682539682539
aggregate.two_cycle.under.aimd:a=2.0:m=1.8.p50_latency,665.85
aggregate.two_cycle.under.aimd:a=2.0:m=1.8.p95_latency,1678.0916666666665
aggregate.two_cycle.under.aimd:a=2.0:m=1.8.p99_latency,1826.2863333333332
aggregate.two_cycle.under.aimd:a=2.0:m=1.8.mean_latency,730.2116868465906
aggregate.two_cycle.under.aimd:a=2.0:m=1.8.max_node_queue,36.0
aggregate.two_cycle.under.aimd:a=2.0:m=1.8.max_external_backlog,7.866666666666666
aggregate.two_cycle.under.aimd:a=2.0:m=1.8.pending_after_drain,0.0
aggregate.two_cycle.under.aimd:a=2.0:m=1.8.sustained_no_progress,0.0
aggregate.two_cycle.under.aimd:a=2.0:m=1.8.activations,243.06666666666666
aggregate.two_cycle.under.aimd:a=2.0:m=1.8.blocked_ticks,121.53333333333333
aggregate.two_cycle.under.aimd:a=2.0:m=1.8.busy_ticks,3289.5666666666666
aggregate.two_cycle.under.aimd:a=2.0:m=1.8.atomic_publish_stalls,0.0
aggregate.two_cycle.under.aimd:a=2.0:m=1.8.overflow_attempts,0.0
aggregate.two_cycle.under.aimd:a=2.0:m=1.8.queue_cv,0.57759503845901
aggregate.two_cycle.under.aimd:a=2.0:m=1.8.queue_direction_reversals,146.93333333333334
aggregate.two_cycle.under.aimd:a=2.0:m=1.8.source_fairness,1.0
aggregate.two_cycle.under.aimd:a=2.0:m=2.5.generated_traces,221.46666666666667
aggregate.two_cycle.under.aimd:a=2.0:m=2.5.sink_completions,442.93333333333334
aggregate.two_cycle.under.aimd:a=2.0:m=2.5.throughput_per_1000_ticks,105.46031746031746
aggregate.two_cycle.under.aimd:a=2.0:m=2.5.p50_latency,692.95
aggregate.two_cycle.under.aimd:a=2.0:m=2.5.p95_latency,1707.2599999999998
aggregate.two_cycle.under.aimd:a=2.0:m=2.5.p99_latency,1853.8926666666666
aggregate.two_cycle.under.aimd:a=2.0:m=2.5.mean_latency,755.8775662552814
aggregate.two_cycle.under.aimd:a=2.0:m=2.5.max_node_queue,36.0
aggregate.two_cycle.under.aimd:a=2.0:m=2.5.max_external_backlog,8.633333333333333
aggregate.two_cycle.under.aimd:a=2.0:m=2.5.pending_after_drain,0.0
aggregate.two_cycle.under.aimd:a=2.0:m=2.5.sustained_no_progress,0.0
aggregate.two_cycle.under.aimd:a=2.0:m=2.5.activations,236.4
aggregate.two_cycle.under.aimd:a=2.0:m=2.5.blocked_ticks,118.2
aggregate.two_cycle.under.aimd:a=2.0:m=2.5.busy_ticks,3250.733333333333
aggregate.two_cycle.under.aimd:a=2.0:m=2.5.atomic_publish_stalls,0.0
aggregate.two_cycle.under.aimd:a=2.0:m=2.5.overflow_attempts,0.0
aggregate.two_cycle.under.aimd:a=2.0:m=2.5.queue_cv,0.5626753456453712
aggregate.two_cycle.under.aimd:a=2.0:m=2.5.queue_direction_reversals,146.2
aggregate.two_cycle.under.aimd:a=2.0:m=2.5.source_fairness,1.0
aggregate.two_cycle.capacity.reactive.generated_traces,419.96666666666664
aggregate.two_cycle.capacity.reactive.sink_completions,839.9333333333333
aggregate.two_cycle.capacity.reactive.throughput_per_1000_ticks,199.98412698412696
aggregate.two_cycle.capacity.reactive.p50_latency,23.583333333333332
aggregate.two_cycle.capacity.reactive.p95_latency,58.52833333333333
aggregate.two_cycle.capacity.reactive.p99_latency,62.040333333333336
aggregate.two_cycle.capacity.reactive.mean_latency,30.254513865536126
aggregate.two_cycle.capacity.reactive.max_node_queue,3.033333333333333
aggregate.two_cycle.capacity.reactive.max_external_backlog,0.0
aggregate.two_cycle.capacity.reactive.pending_after_drain,0.0
aggregate.two_cycle.capacity.reactive.sustained_no_progress,0.0
aggregate.two_cycle.capacity.reactive.activations,1203.5333333333333
aggregate.two_cycle.capacity.reactive.blocked_ticks,601.7666666666667
aggregate.two_cycle.capacity.reactive.busy_ticks,10055.0
aggregate.two_cycle.capacity.reactive.atomic_publish_stalls,0.0
aggregate.two_cycle.capacity.reactive.overflow_attempts,0.0
aggregate.two_cycle.capacity.reactive.queue_cv,0.7030262110168312
aggregate.two_cycle.capacity.reactive.queue_direction_reversals,328.93333333333334
aggregate.two_cycle.capacity.reactive.source_fairness,1.0
aggregate.two_cycle.capacity.watermark.generated_traces,419.96666666666664
aggregate.two_cycle.capacity.watermark.sink_completions,839.9333333333333
aggregate.two_cycle.capacity.watermark.throughput_per_1000_ticks,199.98412698412696
aggregate.two_cycle.capacity.watermark.p50_latency,23.583333333333332
aggregate.two_cycle.capacity.watermark.p95_latency,58.52833333333333
aggregate.two_cycle.capacity.watermark.p99_latency,62.040333333333336
aggregate.two_cycle.capacity.watermark.mean_latency,30.254513865536126
aggregate.two_cycle.capacity.watermark.max_node_queue,3.033333333333333
aggregate.two_cycle.capacity.watermark.max_external_backlog,0.0
aggregate.two_cycle.capacity.watermark.pending_after_drain,0.0
aggregate.two_cycle.capacity.watermark.sustained_no_progress,0.0
aggregate.two_cycle.capacity.watermark.activations,1203.5333333333333
aggregate.two_cycle.capacity.watermark.blocked_ticks,601.7666666666667
aggregate.two_cycle.capacity.watermark.busy_ticks,10055.0
aggregate.two_cycle.capacity.watermark.atomic_publish_stalls,0.0
aggregate.two_cycle.capacity.watermark.overflow_attempts,0.0
aggregate.two_cycle.capacity.watermark.queue_cv,0.7030262110168312
aggregate.two_cycle.capacity.watermark.queue_direction_reversals,328.93333333333334
aggregate.two_cycle.capacity.watermark.source_fairness,1.0
aggregate.two_cycle.capacity.credit.generated_traces,419.96666666666664
aggregate.two_cycle.capacity.credit.sink_completions,839.9333333333333
aggregate.two_cycle.capacity.credit.throughput_per_1000_ticks,199.98412698412696
aggregate.two_cycle.capacity.credit.p50_latency,23.583333333333332
aggregate.two_cycle.capacity.credit.p95_latency,58.52833333333333
aggregate.two_cycle.capacity.credit.p99_latency,62.040333333333336
aggregate.two_cycle.capacity.credit.mean_latency,30.254513865536126
aggregate.two_cycle.capacity.credit.max_node_queue,3.033333333333333
aggregate.two_cycle.capacity.credit.max_external_backlog,0.0
aggregate.two_cycle.capacity.credit.pending_after_drain,0.0
aggregate.two_cycle.capacity.credit.sustained_no_progress,0.0
aggregate.two_cycle.capacity.credit.activations,1203.5333333333333
aggregate.two_cycle.capacity.credit.blocked_ticks,601.7666666666667
aggregate.two_cycle.capacity.credit.busy_ticks,10055.0
aggregate.two_cycle.capacity.credit.atomic_publish_stalls,0.0
aggregate.two_cycle.capacity.credit.overflow_attempts,0.0
aggregate.two_cycle.capacity.credit.queue_cv,0.7030262110168312
aggregate.two_cycle.capacity.credit.queue_direction_reversals,328.93333333333334
aggregate.two_cycle.capacity.credit.source_fairness,1.0
aggregate.two_cycle.capacity.pi.generated_traces,419.96666666666664
aggregate.two_cycle.capacity.pi.sink_completions,839.9333333333333
aggregate.two_cycle.capacity.pi.throughput_per_1000_ticks,199.98412698412696
aggregate.two_cycle.capacity.pi.p50_latency,23.583333333333332
aggregate.two_cycle.capacity.pi.p95_latency,58.52833333333333
aggregate.two_cycle.capacity.pi.p99_latency,62.040333333333336
aggregate.two_cycle.capacity.pi.mean_latency,30.254513865536126
aggregate.two_cycle.capacity.pi.max_node_queue,3.033333333333333
aggregate.two_cycle.capacity.pi.max_external_backlog,0.0
aggregate.two_cycle.capacity.pi.pending_after_drain,0.0
aggregate.two_cycle.capacity.pi.sustained_no_progress,0.0
aggregate.two_cycle.capacity.pi.activations,1203.5333333333333
aggregate.two_cycle.capacity.pi.blocked_ticks,601.7666666666667
aggregate.two_cycle.capacity.pi.busy_ticks,10055.0
aggregate.two_cycle.capacity.pi.atomic_publish_stalls,0.0
aggregate.two_cycle.capacity.pi.overflow_attempts,0.0
aggregate.two_cycle.capacity.pi.queue_cv,0.7030262110168312
aggregate.two_cycle.capacity.pi.queue_direction_reversals,328.93333333333334
aggregate.two_cycle.capacity.pi.source_fairness,1.0
aggregate.two_cycle.capacity.aimd:a=0.5:m=1.35.generated_traces,419.9
aggregate.two_cycle.capacity.aimd:a=0.5:m=1.35.sink_completions,839.8
aggregate.two_cycle.capacity.aimd:a=0.5:m=1.35.throughput_per_1000_ticks,199.95238095238093
aggregate.two_cycle.capacity.aimd:a=0.5:m=1.35.p50_latency,2819.95
aggregate.two_cycle.capacity.aimd:a=0.5:m=1.35.p95_latency,6081.979999999999
aggregate.two_cycle.capacity.aimd:a=0.5:m=1.35.p99_latency,6661.986666666666
aggregate.two_cycle.capacity.aimd:a=0.5:m=1.35.mean_latency,2906.4016092785528
aggregate.two_cycle.capacity.aimd:a=0.5:m=1.35.max_node_queue,36.0
aggregate.two_cycle.capacity.aimd:a=0.5:m=1.35.max_external_backlog,191.63333333333333
aggregate.two_cycle.capacity.aimd:a=0.5:m=1.35.pending_after_drain,0.0
aggregate.two_cycle.capacity.aimd:a=0.5:m=1.35.sustained_no_progress,0.0
aggregate.two_cycle.capacity.aimd:a=0.5:m=1.35.activations,443.53333333333336
aggregate.two_cycle.capacity.aimd:a=0.5:m=1.35.blocked_ticks,2781.1666666666665
aggregate.two_cycle.capacity.aimd:a=0.5:m=1.35.busy_ticks,6122.433333333333
aggregate.two_cycle.capacity.aimd:a=0.5:m=1.35.atomic_publish_stalls,2559.4
aggregate.two_cycle.capacity.aimd:a=0.5:m=1.35.overflow_attempts,0.0
aggregate.two_cycle.capacity.aimd:a=0.5:m=1.35.queue_cv,0.39365710549507843
aggregate.two_cycle.capacity.aimd:a=0.5:m=1.35.queue_direction_reversals,193.13333333333333
aggregate.two_cycle.capacity.aimd:a=0.5:m=1.35.source_fairness,1.0
aggregate.two_cycle.capacity.aimd:a=0.5:m=1.8.generated_traces,419.7
aggregate.two_cycle.capacity.aimd:a=0.5:m=1.8.sink_completions,839.4
aggregate.two_cycle.capacity.aimd:a=0.5:m=1.8.throughput_per_1000_ticks,199.85714285714283
aggregate.two_cycle.capacity.aimd:a=0.5:m=1.8.p50_latency,3037.233333333333
aggregate.two_cycle.capacity.aimd:a=0.5:m=1.8.p95_latency,6341.483333333334
aggregate.two_cycle.capacity.aimd:a=0.5:m=1.8.p99_latency,6922.547666666666
aggregate.two_cycle.capacity.aimd:a=0.5:m=1.8.mean_latency,3128.8907950356556
aggregate.two_cycle.capacity.aimd:a=0.5:m=1.8.max_node_queue,36.0
aggregate.two_cycle.capacity.aimd:a=0.5:m=1.8.max_external_backlog,198.76666666666668
aggregate.two_cycle.capacity.aimd:a=0.5:m=1.8.pending_after_drain,0.0
aggregate.two_cycle.capacity.aimd:a=0.5:m=1.8.sustained_no_progress,0.0
aggregate.two_cycle.capacity.aimd:a=0.5:m=1.8.activations,434.46666666666664
aggregate.two_cycle.capacity.aimd:a=0.5:m=1.8.blocked_ticks,3284.866666666667
aggregate.two_cycle.capacity.aimd:a=0.5:m=1.8.busy_ticks,6068.833333333333
aggregate.two_cycle.capacity.aimd:a=0.5:m=1.8.atomic_publish_stalls,3067.633333333333
aggregate.two_cycle.capacity.aimd:a=0.5:m=1.8.overflow_attempts,0.0
aggregate.two_cycle.capacity.aimd:a=0.5:m=1.8.queue_cv,0.36953562050567473
aggregate.two_cycle.capacity.aimd:a=0.5:m=1.8.queue_direction_reversals,192.8
aggregate.two_cycle.capacity.aimd:a=0.5:m=1.8.source_fairness,1.0
aggregate.two_cycle.capacity.aimd:a=0.5:m=2.5.generated_traces,419.76666666666665
aggregate.two_cycle.capacity.aimd:a=0.5:m=2.5.sink_completions,839.5333333333333
aggregate.two_cycle.capacity.aimd:a=0.5:m=2.5.throughput_per_1000_ticks,199.88888888888889
aggregate.two_cycle.capacity.aimd:a=0.5:m=2.5.p50_latency,3137.866666666667
aggregate.two_cycle.capacity.aimd:a=0.5:m=2.5.p95_latency,6482.118333333333
aggregate.two_cycle.capacity.aimd:a=0.5:m=2.5.p99_latency,7060.810666666666
aggregate.two_cycle.capacity.aimd:a=0.5:m=2.5.mean_latency,3244.8423702855052
aggregate.two_cycle.capacity.aimd:a=0.5:m=2.5.max_node_queue,36.0
aggregate.two_cycle.capacity.aimd:a=0.5:m=2.5.max_external_backlog,202.06666666666666
aggregate.two_cycle.capacity.aimd:a=0.5:m=2.5.pending_after_drain,0.0
aggregate.two_cycle.capacity.aimd:a=0.5:m=2.5.sustained_no_progress,0.0
aggregate.two_cycle.capacity.aimd:a=0.5:m=2.5.activations,431.46666666666664
aggregate.two_cycle.capacity.aimd:a=0.5:m=2.5.blocked_ticks,3738.0666666666666
aggregate.two_cycle.capacity.aimd:a=0.5:m=2.5.busy_ticks,6053.1
aggregate.two_cycle.capacity.aimd:a=0.5:m=2.5.atomic_publish_stalls,3522.3333333333335
aggregate.two_cycle.capacity.aimd:a=0.5:m=2.5.overflow_attempts,0.0
aggregate.two_cycle.capacity.aimd:a=0.5:m=2.5.queue_cv,0.3511843127284909
aggregate.two_cycle.capacity.aimd:a=0.5:m=2.5.queue_direction_reversals,192.86666666666667
aggregate.two_cycle.capacity.aimd:a=0.5:m=2.5.source_fairness,1.0
aggregate.two_cycle.capacity.aimd:a=1.0:m=1.35.generated_traces,419.9
aggregate.two_cycle.capacity.aimd:a=1.0:m=1.35.sink_completions,839.8
aggregate.two_cycle.capacity.aimd:a=1.0:m=1.35.throughput_per_1000_ticks,199.95238095238093
aggregate.two_cycle.capacity.aimd:a=1.0:m=1.35.p50_latency,2819.95
aggregate.two_cycle.capacity.aimd:a=1.0:m=1.35.p95_latency,6081.979999999999
aggregate.two_cycle.capacity.aimd:a=1.0:m=1.35.p99_latency,6661.986666666666
aggregate.two_cycle.capacity.aimd:a=1.0:m=1.35.mean_latency,2906.4016092785528
aggregate.two_cycle.capacity.aimd:a=1.0:m=1.35.max_node_queue,36.0
aggregate.two_cycle.capacity.aimd:a=1.0:m=1.35.max_external_backlog,191.63333333333333
aggregate.two_cycle.capacity.aimd:a=1.0:m=1.35.pending_after_drain,0.0
aggregate.two_cycle.capacity.aimd:a=1.0:m=1.35.sustained_no_progress,0.0
aggregate.two_cycle.capacity.aimd:a=1.0:m=1.35.activations,443.53333333333336
aggregate.two_cycle.capacity.aimd:a=1.0:m=1.35.blocked_ticks,2781.1666666666665
aggregate.two_cycle.capacity.aimd:a=1.0:m=1.35.busy_ticks,6122.433333333333
aggregate.two_cycle.capacity.aimd:a=1.0:m=1.35.atomic_publish_stalls,2559.4
aggregate.two_cycle.capacity.aimd:a=1.0:m=1.35.overflow_attempts,0.0
aggregate.two_cycle.capacity.aimd:a=1.0:m=1.35.queue_cv,0.39365710549507843
aggregate.two_cycle.capacity.aimd:a=1.0:m=1.35.queue_direction_reversals,193.13333333333333
aggregate.two_cycle.capacity.aimd:a=1.0:m=1.35.source_fairness,1.0
aggregate.two_cycle.capacity.aimd:a=1.0:m=1.8.generated_traces,419.7
aggregate.two_cycle.capacity.aimd:a=1.0:m=1.8.sink_completions,839.4
aggregate.two_cycle.capacity.aimd:a=1.0:m=1.8.throughput_per_1000_ticks,199.85714285714283
aggregate.two_cycle.capacity.aimd:a=1.0:m=1.8.p50_latency,3037.233333333333
aggregate.two_cycle.capacity.aimd:a=1.0:m=1.8.p95_latency,6341.483333333334
aggregate.two_cycle.capacity.aimd:a=1.0:m=1.8.p99_latency,6922.547666666666
aggregate.two_cycle.capacity.aimd:a=1.0:m=1.8.mean_latency,3128.8907950356556
aggregate.two_cycle.capacity.aimd:a=1.0:m=1.8.max_node_queue,36.0
aggregate.two_cycle.capacity.aimd:a=1.0:m=1.8.max_external_backlog,198.76666666666668
aggregate.two_cycle.capacity.aimd:a=1.0:m=1.8.pending_after_drain,0.0
aggregate.two_cycle.capacity.aimd:a=1.0:m=1.8.sustained_no_progress,0.0
aggregate.two_cycle.capacity.aimd:a=1.0:m=1.8.activations,434.46666666666664
aggregate.two_cycle.capacity.aimd:a=1.0:m=1.8.blocked_ticks,3284.866666666667
aggregate.two_cycle.capacity.aimd:a=1.0:m=1.8.busy_ticks,6068.833333333333
aggregate.two_cycle.capacity.aimd:a=1.0:m=1.8.atomic_publish_stalls,3067.633333333333
aggregate.two_cycle.capacity.aimd:a=1.0:m=1.8.overflow_attempts,0.0
aggregate.two_cycle.capacity.aimd:a=1.0:m=1.8.queue_cv,0.36953562050567473
aggregate.two_cycle.capacity.aimd:a=1.0:m=1.8.queue_direction_reversals,192.8
aggregate.two_cycle.capacity.aimd:a=1.0:m=1.8.source_fairness,1.0
aggregate.two_cycle.capacity.aimd:a=1.0:m=2.5.generated_traces,419.76666666666665
aggregate.two_cycle.capacity.aimd:a=1.0:m=2.5.sink_completions,839.5333333333333
aggregate.two_cycle.capacity.aimd:a=1.0:m=2.5.throughput_per_1000_ticks,199.88888888888889
aggregate.two_cycle.capacity.aimd:a=1.0:m=2.5.p50_latency,3137.866666666667
aggregate.two_cycle.capacity.aimd:a=1.0:m=2.5.p95_latency,6482.118333333333
aggregate.two_cycle.capacity.aimd:a=1.0:m=2.5.p99_latency,7060.810666666666
aggregate.two_cycle.capacity.aimd:a=1.0:m=2.5.mean_latency,3244.8423702855052
aggregate.two_cycle.capacity.aimd:a=1.0:m=2.5.max_node_queue,36.0
aggregate.two_cycle.capacity.aimd:a=1.0:m=2.5.max_external_backlog,202.06666666666666
aggregate.two_cycle.capacity.aimd:a=1.0:m=2.5.pending_after_drain,0.0
aggregate.two_cycle.capacity.aimd:a=1.0:m=2.5.sustained_no_progress,0.0
aggregate.two_cycle.capacity.aimd:a=1.0:m=2.5.activations,431.46666666666664
aggregate.two_cycle.capacity.aimd:a=1.0:m=2.5.blocked_ticks,3738.0666666666666
aggregate.two_cycle.capacity.aimd:a=1.0:m=2.5.busy_ticks,6053.1
aggregate.two_cycle.capacity.aimd:a=1.0:m=2.5.atomic_publish_stalls,3522.3333333333335
aggregate.two_cycle.capacity.aimd:a=1.0:m=2.5.overflow_attempts,0.0
aggregate.two_cycle.capacity.aimd:a=1.0:m=2.5.queue_cv,0.3511843127284909
aggregate.two_cycle.capacity.aimd:a=1.0:m=2.5.queue_direction_reversals,192.86666666666667
aggregate.two_cycle.capacity.aimd:a=1.0:m=2.5.source_fairness,1.0
aggregate.two_cycle.capacity.aimd:a=2.0:m=1.35.generated_traces,419.9
aggregate.two_cycle.capacity.aimd:a=2.0:m=1.35.sink_completions,839.8
aggregate.two_cycle.capacity.aimd:a=2.0:m=1.35.throughput_per_1000_ticks,199.95238095238093
aggregate.two_cycle.capacity.aimd:a=2.0:m=1.35.p50_latency,2819.95
aggregate.two_cycle.capacity.aimd:a=2.0:m=1.35.p95_latency,6081.979999999999
aggregate.two_cycle.capacity.aimd:a=2.0:m=1.35.p99_latency,6661.986666666666
aggregate.two_cycle.capacity.aimd:a=2.0:m=1.35.mean_latency,2906.4016092785528
aggregate.two_cycle.capacity.aimd:a=2.0:m=1.35.max_node_queue,36.0
aggregate.two_cycle.capacity.aimd:a=2.0:m=1.35.max_external_backlog,191.63333333333333
aggregate.two_cycle.capacity.aimd:a=2.0:m=1.35.pending_after_drain,0.0
aggregate.two_cycle.capacity.aimd:a=2.0:m=1.35.sustained_no_progress,0.0
aggregate.two_cycle.capacity.aimd:a=2.0:m=1.35.activations,443.53333333333336
aggregate.two_cycle.capacity.aimd:a=2.0:m=1.35.blocked_ticks,2781.1666666666665
aggregate.two_cycle.capacity.aimd:a=2.0:m=1.35.busy_ticks,6122.433333333333
aggregate.two_cycle.capacity.aimd:a=2.0:m=1.35.atomic_publish_stalls,2559.4
aggregate.two_cycle.capacity.aimd:a=2.0:m=1.35.overflow_attempts,0.0
aggregate.two_cycle.capacity.aimd:a=2.0:m=1.35.queue_cv,0.39365710549507843
aggregate.two_cycle.capacity.aimd:a=2.0:m=1.35.queue_direction_reversals,193.13333333333333
aggregate.two_cycle.capacity.aimd:a=2.0:m=1.35.source_fairness,1.0
aggregate.two_cycle.capacity.aimd:a=2.0:m=1.8.generated_traces,419.7
aggregate.two_cycle.capacity.aimd:a=2.0:m=1.8.sink_completions,839.4
aggregate.two_cycle.capacity.aimd:a=2.0:m=1.8.throughput_per_1000_ticks,199.85714285714283
aggregate.two_cycle.capacity.aimd:a=2.0:m=1.8.p50_latency,3037.233333333333
aggregate.two_cycle.capacity.aimd:a=2.0:m=1.8.p95_latency,6341.483333333334
aggregate.two_cycle.capacity.aimd:a=2.0:m=1.8.p99_latency,6922.547666666666
aggregate.two_cycle.capacity.aimd:a=2.0:m=1.8.mean_latency,3128.8907950356556
aggregate.two_cycle.capacity.aimd:a=2.0:m=1.8.max_node_queue,36.0
aggregate.two_cycle.capacity.aimd:a=2.0:m=1.8.max_external_backlog,198.76666666666668
aggregate.two_cycle.capacity.aimd:a=2.0:m=1.8.pending_after_drain,0.0
aggregate.two_cycle.capacity.aimd:a=2.0:m=1.8.sustained_no_progress,0.0
aggregate.two_cycle.capacity.aimd:a=2.0:m=1.8.activations,434.46666666666664
aggregate.two_cycle.capacity.aimd:a=2.0:m=1.8.blocked_ticks,3284.866666666667
aggregate.two_cycle.capacity.aimd:a=2.0:m=1.8.busy_ticks,6068.833333333333
aggregate.two_cycle.capacity.aimd:a=2.0:m=1.8.atomic_publish_stalls,3067.633333333333
aggregate.two_cycle.capacity.aimd:a=2.0:m=1.8.overflow_attempts,0.0
aggregate.two_cycle.capacity.aimd:a=2.0:m=1.8.queue_cv,0.36953562050567473
aggregate.two_cycle.capacity.aimd:a=2.0:m=1.8.queue_direction_reversals,192.8
aggregate.two_cycle.capacity.aimd:a=2.0:m=1.8.source_fairness,1.0
aggregate.two_cycle.capacity.aimd:a=2.0:m=2.5.generated_traces,419.76666666666665
aggregate.two_cycle.capacity.aimd:a=2.0:m=2.5.sink_completions,839.5333333333333
aggregate.two_cycle.capacity.aimd:a=2.0:m=2.5.throughput_per_1000_ticks,199.88888888888889
aggregate.two_cycle.capacity.aimd:a=2.0:m=2.5.p50_latency,3137.866666666667
aggregate.two_cycle.capacity.aimd:a=2.0:m=2.5.p95_latency,6482.118333333333
aggregate.two_cycle.capacity.aimd:a=2.0:m=2.5.p99_latency,7060.810666666666
aggregate.two_cycle.capacity.aimd:a=2.0:m=2.5.mean_latency,3244.8423702855052
aggregate.two_cycle.capacity.aimd:a=2.0:m=2.5.max_node_queue,36.0
aggregate.two_cycle.capacity.aimd:a=2.0:m=2.5.max_external_backlog,202.06666666666666
aggregate.two_cycle.capacity.aimd:a=2.0:m=2.5.pending_after_drain,0.0
aggregate.two_cycle.capacity.aimd:a=2.0:m=2.5.sustained_no_progress,0.0
aggregate.two_cycle.capacity.aimd:a=2.0:m=2.5.activations,431.46666666666664
aggregate.two_cycle.capacity.aimd:a=2.0:m=2.5.blocked_ticks,3738.0666666666666
aggregate.two_cycle.capacity.aimd:a=2.0:m=2.5.busy_ticks,6053.1
aggregate.two_cycle.capacity.aimd:a=2.0:m=2.5.atomic_publish_stalls,3522.3333333333335
aggregate.two_cycle.capacity.aimd:a=2.0:m=2.5.overflow_attempts,0.0
aggregate.two_cycle.capacity.aimd:a=2.0:m=2.5.queue_cv,0.3511843127284909
aggregate.two_cycle.capacity.aimd:a=2.0:m=2.5.queue_direction_reversals,192.86666666666667
aggregate.two_cycle.capacity.aimd:a=2.0:m=2.5.source_fairness,1.0
aggregate.two_cycle.over.reactive.generated_traces,934.3333333333334
aggregate.two_cycle.over.reactive.sink_completions,1868.6666666666667
aggregate.two_cycle.over.reactive.throughput_per_1000_ticks,444.92063492063494
aggregate.two_cycle.over.reactive.p50_latency,1305.0
aggregate.two_cycle.over.reactive.p95_latency,2577.5349999999994
aggregate.two_cycle.over.reactive.p99_latency,2799.624666666667
aggregate.two_cycle.over.reactive.mean_latency,1312.699363193889
aggregate.two_cycle.over.reactive.max_node_queue,36.0
aggregate.two_cycle.over.reactive.max_external_backlog,303.53333333333336
aggregate.two_cycle.over.reactive.pending_after_drain,0.0
aggregate.two_cycle.over.reactive.sustained_no_progress,0.0
aggregate.two_cycle.over.reactive.activations,1172.2
aggregate.two_cycle.over.reactive.blocked_ticks,3858.7
aggregate.two_cycle.over.reactive.busy_ticks,14078.1
aggregate.two_cycle.over.reactive.atomic_publish_stalls,3378.266666666667
aggregate.two_cycle.over.reactive.overflow_attempts,0.0
aggregate.two_cycle.over.reactive.queue_cv,0.27249338543857804
aggregate.two_cycle.over.reactive.queue_direction_reversals,447.6
aggregate.two_cycle.over.reactive.source_fairness,1.0
aggregate.two_cycle.over.watermark.generated_traces,933.8333333333334
aggregate.two_cycle.over.watermark.sink_completions,152.03333333333333
aggregate.two_cycle.over.watermark.throughput_per_1000_ticks,36.198412698412696
aggregate.two_cycle.over.watermark.p50_latency,78.45
aggregate.two_cycle.over.watermark.p95_latency,223.19666666666663
aggregate.two_cycle.over.watermark.p99_latency,241.06966666666665
aggregate.two_cycle.over.watermark.mean_latency,88.44872179740855
aggregate.two_cycle.over.watermark.max_node_queue,36.0
aggregate.two_cycle.over.watermark.max_external_backlog,811.5666666666667
aggregate.two_cycle.over.watermark.pending_after_drain,868.0666666666667
aggregate.two_cycle.over.watermark.sustained_no_progress,1.0
aggregate.two_cycle.over.watermark.activations,95.4
aggregate.two_cycle.over.watermark.blocked_ticks,47.7
aggregate.two_cycle.over.watermark.busy_ticks,1141.5333333333333
aggregate.two_cycle.over.watermark.atomic_publish_stalls,0.0
aggregate.two_cycle.over.watermark.overflow_attempts,0.0
aggregate.two_cycle.over.watermark.queue_cv,0.10453823902611628
aggregate.two_cycle.over.watermark.queue_direction_reversals,30.0
aggregate.two_cycle.over.watermark.source_fairness,1.0
aggregate.two_cycle.over.credit.generated_traces,934.3333333333334
aggregate.two_cycle.over.credit.sink_completions,220.56666666666666
aggregate.two_cycle.over.credit.throughput_per_1000_ticks,52.51587301587301
aggregate.two_cycle.over.credit.p50_latency,78.46666666666667
aggregate.two_cycle.over.credit.p95_latency,293.45166666666665
aggregate.two_cycle.over.credit.p99_latency,319.97166666666664
aggregate.two_cycle.over.credit.mean_latency,106.80674378452821
aggregate.two_cycle.over.credit.max_node_queue,36.0
aggregate.two_cycle.over.credit.max_external_backlog,770.7333333333333
aggregate.two_cycle.over.credit.pending_after_drain,841.3666666666667
aggregate.two_cycle.over.credit.sustained_no_progress,1.0
aggregate.two_cycle.over.credit.activations,133.6
aggregate.two_cycle.over.credit.blocked_ticks,66.8
aggregate.two_cycle.over.credit.busy_ticks,1620.7666666666667
aggregate.two_cycle.over.credit.atomic_publish_stalls,0.0
aggregate.two_cycle.over.credit.overflow_attempts,0.0
aggregate.two_cycle.over.credit.queue_cv,0.11724505253863728
aggregate.two_cycle.over.credit.queue_direction_reversals,44.333333333333336
aggregate.two_cycle.over.credit.source_fairness,1.0
aggregate.two_cycle.over.pi.generated_traces,934.4666666666667
aggregate.two_cycle.over.pi.sink_completions,1868.9333333333334
aggregate.two_cycle.over.pi.throughput_per_1000_ticks,444.984126984127
aggregate.two_cycle.over.pi.p50_latency,5363.55
aggregate.two_cycle.over.pi.p95_latency,12605.751666666667
aggregate.two_cycle.over.pi.p99_latency,13217.694
aggregate.two_cycle.over.pi.mean_latency,5643.949975795246
aggregate.two_cycle.over.pi.max_node_queue,36.0
aggregate.two_cycle.over.pi.max_external_backlog,560.5333333333333
aggregate.two_cycle.over.pi.pending_after_drain,0.0
aggregate.two_cycle.over.pi.sustained_no_progress,0.0
aggregate.two_cycle.over.pi.activations,1111.2333333333333
aggregate.two_cycle.over.pi.blocked_ticks,13618.1
aggregate.two_cycle.over.pi.busy_ticks,13889.033333333333
aggregate.two_cycle.over.pi.atomic_publish_stalls,13139.933333333332
aggregate.two_cycle.over.pi.overflow_attempts,0.0
aggregate.two_cycle.over.pi.queue_cv,0.1951250334428308
aggregate.two_cycle.over.pi.queue_direction_reversals,444.93333333333334
aggregate.two_cycle.over.pi.source_fairness,1.0
aggregate.two_cycle.over.aimd:a=0.5:m=1.35.generated_traces,934.0333333333333
aggregate.two_cycle.over.aimd:a=0.5:m=1.35.sink_completions,1574.5
aggregate.two_cycle.over.aimd:a=0.5:m=1.35.throughput_per_1000_ticks,374.8809523809524
aggregate.two_cycle.over.aimd:a=0.5:m=1.35.p50_latency,7720.95
aggregate.two_cycle.over.aimd:a=0.5:m=1.35.p95_latency,15781.053333333333
aggregate.two_cycle.over.aimd:a=0.5:m=1.35.p99_latency,16483.204
aggregate.two_cycle.over.aimd:a=0.5:m=1.35.mean_latency,7820.0545679956385
aggregate.two_cycle.over.aimd:a=0.5:m=1.35.max_node_queue,36.0
aggregate.two_cycle.over.aimd:a=0.5:m=1.35.max_external_backlog,689.9333333333333
aggregate.two_cycle.over.aimd:a=0.5:m=1.35.pending_after_drain,165.86666666666667
aggregate.two_cycle.over.aimd:a=0.5:m=1.35.sustained_no_progress,0.0
aggregate.two_cycle.over.aimd:a=0.5:m=1.35.activations,904.4
aggregate.two_cycle.over.aimd:a=0.5:m=1.35.blocked_ticks,12945.5
aggregate.two_cycle.over.aimd:a=0.5:m=1.35.busy_ticks,11534.1
aggregate.two_cycle.over.aimd:a=0.5:m=1.35.atomic_publish_stalls,12548.633333333333
aggregate.two_cycle.over.aimd:a=0.5:m=1.35.overflow_attempts,0.0
aggregate.two_cycle.over.aimd:a=0.5:m=1.35.queue_cv,0.16924516101156267
aggregate.two_cycle.over.aimd:a=0.5:m=1.35.queue_direction_reversals,379.06666666666666
aggregate.two_cycle.over.aimd:a=0.5:m=1.35.source_fairness,1.0
aggregate.two_cycle.over.aimd:a=0.5:m=1.8.generated_traces,934.1
aggregate.two_cycle.over.aimd:a=0.5:m=1.8.sink_completions,1541.2666666666667
aggregate.two_cycle.over.aimd:a=0.5:m=1.8.throughput_per_1000_ticks,366.96825396825403
aggregate.two_cycle.over.aimd:a=0.5:m=1.8.p50_latency,7977.616666666667
aggregate.two_cycle.over.aimd:a=0.5:m=1.8.p95_latency,15850.97
aggregate.two_cycle.over.aimd:a=0.5:m=1.8.p99_latency,16561.234999999997
aggregate.two_cycle.over.aimd:a=0.5:m=1.8.mean_latency,8053.527094688371
aggregate.two_cycle.over.aimd:a=0.5:m=1.8.max_node_queue,36.0
aggregate.two_cycle.over.aimd:a=0.5:m=1.8.max_external_backlog,704.5333333333333
aggregate.two_cycle.over.aimd:a=0.5:m=1.8.pending_after_drain,182.7
aggregate.two_cycle.over.aimd:a=0.5:m=1.8.sustained_no_progress,0.0
aggregate.two_cycle.over.aimd:a=0.5:m=1.8.activations,800.8
aggregate.two_cycle.over.aimd:a=0.5:m=1.8.blocked_ticks,12648.833333333334
aggregate.two_cycle.over.aimd:a=0.5:m=1.8.busy_ticks,11041.033333333333
aggregate.two_cycle.over.aimd:a=0.5:m=1.8.atomic_publish_stalls,12260.2
aggregate.two_cycle.over.aimd:a=0.5:m=1.8.overflow_attempts,0.0
aggregate.two_cycle.over.aimd:a=0.5:m=1.8.queue_cv,0.1740146162214455
aggregate.two_cycle.over.aimd:a=0.5:m=1.8.queue_direction_reversals,371.06666666666666
aggregate.two_cycle.over.aimd:a=0.5:m=1.8.source_fairness,1.0
aggregate.two_cycle.over.aimd:a=0.5:m=2.5.generated_traces,933.6
aggregate.two_cycle.over.aimd:a=0.5:m=2.5.sink_completions,1529.4666666666667
aggregate.two_cycle.over.aimd:a=0.5:m=2.5.throughput_per_1000_ticks,364.1587301587302
aggregate.two_cycle.over.aimd:a=0.5:m=2.5.p50_latency,8056.75
aggregate.two_cycle.over.aimd:a=0.5:m=2.5.p95_latency,15881.421666666667
aggregate.two_cycle.over.aimd:a=0.5:m=2.5.p99_latency,16581.649666666668
aggregate.two_cycle.over.aimd:a=0.5:m=2.5.mean_latency,8129.870434637258
aggregate.two_cycle.over.aimd:a=0.5:m=2.5.max_node_queue,36.0
aggregate.two_cycle.over.aimd:a=0.5:m=2.5.max_external_backlog,710.8666666666667
aggregate.two_cycle.over.aimd:a=0.5:m=2.5.pending_after_drain,186.86666666666667
aggregate.two_cycle.over.aimd:a=0.5:m=2.5.sustained_no_progress,0.0
aggregate.two_cycle.over.aimd:a=0.5:m=2.5.activations,771.0
aggregate.two_cycle.over.aimd:a=0.5:m=2.5.blocked_ticks,12512.1
aggregate.two_cycle.over.aimd:a=0.5:m=2.5.busy_ticks,10877.966666666667
aggregate.two_cycle.over.aimd:a=0.5:m=2.5.atomic_publish_stalls,12127.1
aggregate.two_cycle.over.aimd:a=0.5:m=2.5.overflow_attempts,0.0
aggregate.two_cycle.over.aimd:a=0.5:m=2.5.queue_cv,0.17677453322904071
aggregate.two_cycle.over.aimd:a=0.5:m=2.5.queue_direction_reversals,367.6
aggregate.two_cycle.over.aimd:a=0.5:m=2.5.source_fairness,1.0
aggregate.two_cycle.over.aimd:a=1.0:m=1.35.generated_traces,934.0333333333333
aggregate.two_cycle.over.aimd:a=1.0:m=1.35.sink_completions,1574.5
aggregate.two_cycle.over.aimd:a=1.0:m=1.35.throughput_per_1000_ticks,374.8809523809524
aggregate.two_cycle.over.aimd:a=1.0:m=1.35.p50_latency,7720.95
aggregate.two_cycle.over.aimd:a=1.0:m=1.35.p95_latency,15781.053333333333
aggregate.two_cycle.over.aimd:a=1.0:m=1.35.p99_latency,16483.204
aggregate.two_cycle.over.aimd:a=1.0:m=1.35.mean_latency,7820.0545679956385
aggregate.two_cycle.over.aimd:a=1.0:m=1.35.max_node_queue,36.0
aggregate.two_cycle.over.aimd:a=1.0:m=1.35.max_external_backlog,689.9333333333333
aggregate.two_cycle.over.aimd:a=1.0:m=1.35.pending_after_drain,165.86666666666667
aggregate.two_cycle.over.aimd:a=1.0:m=1.35.sustained_no_progress,0.0
aggregate.two_cycle.over.aimd:a=1.0:m=1.35.activations,904.4
aggregate.two_cycle.over.aimd:a=1.0:m=1.35.blocked_ticks,12945.5
aggregate.two_cycle.over.aimd:a=1.0:m=1.35.busy_ticks,11534.1
aggregate.two_cycle.over.aimd:a=1.0:m=1.35.atomic_publish_stalls,12548.633333333333
aggregate.two_cycle.over.aimd:a=1.0:m=1.35.overflow_attempts,0.0
aggregate.two_cycle.over.aimd:a=1.0:m=1.35.queue_cv,0.16924516101156267
aggregate.two_cycle.over.aimd:a=1.0:m=1.35.queue_direction_reversals,379.06666666666666
aggregate.two_cycle.over.aimd:a=1.0:m=1.35.source_fairness,1.0
aggregate.two_cycle.over.aimd:a=1.0:m=1.8.generated_traces,934.1
aggregate.two_cycle.over.aimd:a=1.0:m=1.8.sink_completions,1541.2666666666667
aggregate.two_cycle.over.aimd:a=1.0:m=1.8.throughput_per_1000_ticks,366.96825396825403
aggregate.two_cycle.over.aimd:a=1.0:m=1.8.p50_latency,7977.616666666667
aggregate.two_cycle.over.aimd:a=1.0:m=1.8.p95_latency,15850.97
aggregate.two_cycle.over.aimd:a=1.0:m=1.8.p99_latency,16561.234999999997
aggregate.two_cycle.over.aimd:a=1.0:m=1.8.mean_latency,8053.527094688371
aggregate.two_cycle.over.aimd:a=1.0:m=1.8.max_node_queue,36.0
aggregate.two_cycle.over.aimd:a=1.0:m=1.8.max_external_backlog,704.5333333333333
aggregate.two_cycle.over.aimd:a=1.0:m=1.8.pending_after_drain,182.7
aggregate.two_cycle.over.aimd:a=1.0:m=1.8.sustained_no_progress,0.0
aggregate.two_cycle.over.aimd:a=1.0:m=1.8.activations,800.8
aggregate.two_cycle.over.aimd:a=1.0:m=1.8.blocked_ticks,12648.833333333334
aggregate.two_cycle.over.aimd:a=1.0:m=1.8.busy_ticks,11041.033333333333
aggregate.two_cycle.over.aimd:a=1.0:m=1.8.atomic_publish_stalls,12260.2
aggregate.two_cycle.over.aimd:a=1.0:m=1.8.overflow_attempts,0.0
aggregate.two_cycle.over.aimd:a=1.0:m=1.8.queue_cv,0.1740146162214455
aggregate.two_cycle.over.aimd:a=1.0:m=1.8.queue_direction_reversals,371.06666666666666
aggregate.two_cycle.over.aimd:a=1.0:m=1.8.source_fairness,1.0
aggregate.two_cycle.over.aimd:a=1.0:m=2.5.generated_traces,933.6
aggregate.two_cycle.over.aimd:a=1.0:m=2.5.sink_completions,1529.4666666666667
aggregate.two_cycle.over.aimd:a=1.0:m=2.5.throughput_per_1000_ticks,364.1587301587302
aggregate.two_cycle.over.aimd:a=1.0:m=2.5.p50_latency,8056.75
aggregate.two_cycle.over.aimd:a=1.0:m=2.5.p95_latency,15881.421666666667
aggregate.two_cycle.over.aimd:a=1.0:m=2.5.p99_latency,16581.649666666668
aggregate.two_cycle.over.aimd:a=1.0:m=2.5.mean_latency,8129.870434637258
aggregate.two_cycle.over.aimd:a=1.0:m=2.5.max_node_queue,36.0
aggregate.two_cycle.over.aimd:a=1.0:m=2.5.max_external_backlog,710.8666666666667
aggregate.two_cycle.over.aimd:a=1.0:m=2.5.pending_after_drain,186.86666666666667
aggregate.two_cycle.over.aimd:a=1.0:m=2.5.sustained_no_progress,0.0
aggregate.two_cycle.over.aimd:a=1.0:m=2.5.activations,771.0
aggregate.two_cycle.over.aimd:a=1.0:m=2.5.blocked_ticks,12512.1
aggregate.two_cycle.over.aimd:a=1.0:m=2.5.busy_ticks,10877.966666666667
aggregate.two_cycle.over.aimd:a=1.0:m=2.5.atomic_publish_stalls,12127.1
aggregate.two_cycle.over.aimd:a=1.0:m=2.5.overflow_attempts,0.0
aggregate.two_cycle.over.aimd:a=1.0:m=2.5.queue_cv,0.17677453322904071
aggregate.two_cycle.over.aimd:a=1.0:m=2.5.queue_direction_reversals,367.6
aggregate.two_cycle.over.aimd:a=1.0:m=2.5.source_fairness,1.0
aggregate.two_cycle.over.aimd:a=2.0:m=1.35.generated_traces,934.0333333333333
aggregate.two_cycle.over.aimd:a=2.0:m=1.35.sink_completions,1574.5
aggregate.two_cycle.over.aimd:a=2.0:m=1.35.throughput_per_1000_ticks,374.8809523809524
aggregate.two_cycle.over.aimd:a=2.0:m=1.35.p50_latency,7720.95
aggregate.two_cycle.over.aimd:a=2.0:m=1.35.p95_latency,15781.053333333333
aggregate.two_cycle.over.aimd:a=2.0:m=1.35.p99_latency,16483.204
aggregate.two_cycle.over.aimd:a=2.0:m=1.35.mean_latency,7820.0545679956385
aggregate.two_cycle.over.aimd:a=2.0:m=1.35.max_node_queue,36.0
aggregate.two_cycle.over.aimd:a=2.0:m=1.35.max_external_backlog,689.9333333333333
aggregate.two_cycle.over.aimd:a=2.0:m=1.35.pending_after_drain,165.86666666666667
aggregate.two_cycle.over.aimd:a=2.0:m=1.35.sustained_no_progress,0.0
aggregate.two_cycle.over.aimd:a=2.0:m=1.35.activations,904.4
aggregate.two_cycle.over.aimd:a=2.0:m=1.35.blocked_ticks,12945.5
aggregate.two_cycle.over.aimd:a=2.0:m=1.35.busy_ticks,11534.1
aggregate.two_cycle.over.aimd:a=2.0:m=1.35.atomic_publish_stalls,12548.633333333333
aggregate.two_cycle.over.aimd:a=2.0:m=1.35.overflow_attempts,0.0
aggregate.two_cycle.over.aimd:a=2.0:m=1.35.queue_cv,0.16924516101156267
aggregate.two_cycle.over.aimd:a=2.0:m=1.35.queue_direction_reversals,379.06666666666666
aggregate.two_cycle.over.aimd:a=2.0:m=1.35.source_fairness,1.0
aggregate.two_cycle.over.aimd:a=2.0:m=1.8.generated_traces,934.1
aggregate.two_cycle.over.aimd:a=2.0:m=1.8.sink_completions,1541.2666666666667
aggregate.two_cycle.over.aimd:a=2.0:m=1.8.throughput_per_1000_ticks,366.96825396825403
aggregate.two_cycle.over.aimd:a=2.0:m=1.8.p50_latency,7977.616666666667
aggregate.two_cycle.over.aimd:a=2.0:m=1.8.p95_latency,15850.97
aggregate.two_cycle.over.aimd:a=2.0:m=1.8.p99_latency,16561.234999999997
aggregate.two_cycle.over.aimd:a=2.0:m=1.8.mean_latency,8053.527094688371
aggregate.two_cycle.over.aimd:a=2.0:m=1.8.max_node_queue,36.0
aggregate.two_cycle.over.aimd:a=2.0:m=1.8.max_external_backlog,704.5333333333333
aggregate.two_cycle.over.aimd:a=2.0:m=1.8.pending_after_drain,182.7
aggregate.two_cycle.over.aimd:a=2.0:m=1.8.sustained_no_progress,0.0
aggregate.two_cycle.over.aimd:a=2.0:m=1.8.activations,800.8
aggregate.two_cycle.over.aimd:a=2.0:m=1.8.blocked_ticks,12648.833333333334
aggregate.two_cycle.over.aimd:a=2.0:m=1.8.busy_ticks,11041.033333333333
aggregate.two_cycle.over.aimd:a=2.0:m=1.8.atomic_publish_stalls,12260.2
aggregate.two_cycle.over.aimd:a=2.0:m=1.8.overflow_attempts,0.0
aggregate.two_cycle.over.aimd:a=2.0:m=1.8.queue_cv,0.1740146162214455
aggregate.two_cycle.over.aimd:a=2.0:m=1.8.queue_direction_reversals,371.06666666666666
aggregate.two_cycle.over.aimd:a=2.0:m=1.8.source_fairness,1.0
aggregate.two_cycle.over.aimd:a=2.0:m=2.5.generated_traces,933.6
aggregate.two_cycle.over.aimd:a=2.0:m=2.5.sink_completions,1529.4666666666667
aggregate.two_cycle.over.aimd:a=2.0:m=2.5.throughput_per_1000_ticks,364.1587301587302
aggregate.two_cycle.over.aimd:a=2.0:m=2.5.p50_latency,8056.75
aggregate.two_cycle.over.aimd:a=2.0:m=2.5.p95_latency,15881.421666666667
aggregate.two_cycle.over.aimd:a=2.0:m=2.5.p99_latency,16581.649666666668
aggregate.two_cycle.over.aimd:a=2.0:m=2.5.mean_latency,8129.870434637258
aggregate.two_cycle.over.aimd:a=2.0:m=2.5.max_node_queue,36.0
aggregate.two_cycle.over.aimd:a=2.0:m=2.5.max_external_backlog,710.8666666666667
aggregate.two_cycle.over.aimd:a=2.0:m=2.5.pending_after_drain,186.86666666666667
aggregate.two_cycle.over.aimd:a=2.0:m=2.5.sustained_no_progress,0.0
aggregate.two_cycle.over.aimd:a=2.0:m=2.5.activations,771.0
aggregate.two_cycle.over.aimd:a=2.0:m=2.5.blocked_ticks,12512.1
aggregate.two_cycle.over.aimd:a=2.0:m=2.5.busy_ticks,10877.966666666667
aggregate.two_cycle.over.aimd:a=2.0:m=2.5.atomic_publish_stalls,12127.1
aggregate.two_cycle.over.aimd:a=2.0:m=2.5.overflow_attempts,0.0
aggregate.two_cycle.over.aimd:a=2.0:m=2.5.queue_cv,0.17677453322904071
aggregate.two_cycle.over.aimd:a=2.0:m=2.5.queue_direction_reversals,367.6
aggregate.two_cycle.over.aimd:a=2.0:m=2.5.source_fairness,1.0
paired_comparison.line.under.reactive.p95_delta_vs_watermark,0.0
paired_comparison.line.under.reactive.throughput_delta_vs_watermark,0.0
paired_comparison.line.under.reactive.blocked_delta_vs_watermark,0.0
paired_comparison.line.under.reactive.no_progress_runs,0.0
paired_comparison.line.under.reactive.unfinished_runs,0
paired_comparison.line.under.watermark.p95_delta_vs_watermark,0.0
paired_comparison.line.under.watermark.throughput_delta_vs_watermark,0.0
paired_comparison.line.under.watermark.blocked_delta_vs_watermark,0.0
paired_comparison.line.under.watermark.no_progress_runs,0.0
paired_comparison.line.under.watermark.unfinished_runs,0
paired_comparison.line.under.credit.p95_delta_vs_watermark,0.0
paired_comparison.line.under.credit.throughput_delta_vs_watermark,0.0
paired_comparison.line.under.credit.blocked_delta_vs_watermark,0.0
paired_comparison.line.under.credit.no_progress_runs,0.0
paired_comparison.line.under.credit.unfinished_runs,0
paired_comparison.line.under.pi.p95_delta_vs_watermark,0.0
paired_comparison.line.under.pi.throughput_delta_vs_watermark,0.0
paired_comparison.line.under.pi.blocked_delta_vs_watermark,0.0
paired_comparison.line.under.pi.no_progress_runs,0.0
paired_comparison.line.under.pi.unfinished_runs,0
paired_comparison.line.under.aimd:a=0.5:m=1.35.p95_delta_vs_watermark,908.25
paired_comparison.line.under.aimd:a=0.5:m=1.35.throughput_delta_vs_watermark,-0.007936507936508026
paired_comparison.line.under.aimd:a=0.5:m=1.35.blocked_delta_vs_watermark,-312.93333333333334
paired_comparison.line.under.aimd:a=0.5:m=1.35.no_progress_runs,0.0
paired_comparison.line.under.aimd:a=0.5:m=1.35.unfinished_runs,0
paired_comparison.line.under.aimd:a=0.5:m=1.8.p95_delta_vs_watermark,964.1516666666666
paired_comparison.line.under.aimd:a=0.5:m=1.8.throughput_delta_vs_watermark,0.10317460317460364
paired_comparison.line.under.aimd:a=0.5:m=1.8.blocked_delta_vs_watermark,-321.2
paired_comparison.line.under.aimd:a=0.5:m=1.8.no_progress_runs,0.0
paired_comparison.line.under.aimd:a=0.5:m=1.8.unfinished_runs,0
paired_comparison.line.under.aimd:a=0.5:m=2.5.p95_delta_vs_watermark,979.4166666666666
paired_comparison.line.under.aimd:a=0.5:m=2.5.throughput_delta_vs_watermark,-0.02380952380952337
paired_comparison.line.under.aimd:a=0.5:m=2.5.blocked_delta_vs_watermark,-324.6666666666667
paired_comparison.line.under.aimd:a=0.5:m=2.5.no_progress_runs,0.0
paired_comparison.line.under.aimd:a=0.5:m=2.5.unfinished_runs,0
paired_comparison.line.under.aimd:a=1.0:m=1.35.p95_delta_vs_watermark,908.25
paired_comparison.line.under.aimd:a=1.0:m=1.35.throughput_delta_vs_watermark,-0.007936507936508026
paired_comparison.line.under.aimd:a=1.0:m=1.35.blocked_delta_vs_watermark,-312.93333333333334
paired_comparison.line.under.aimd:a=1.0:m=1.35.no_progress_runs,0.0
paired_comparison.line.under.aimd:a=1.0:m=1.35.unfinished_runs,0
paired_comparison.line.under.aimd:a=1.0:m=1.8.p95_delta_vs_watermark,964.1516666666666
paired_comparison.line.under.aimd:a=1.0:m=1.8.throughput_delta_vs_watermark,0.10317460317460364
paired_comparison.line.under.aimd:a=1.0:m=1.8.blocked_delta_vs_watermark,-321.2
paired_comparison.line.under.aimd:a=1.0:m=1.8.no_progress_runs,0.0
paired_comparison.line.under.aimd:a=1.0:m=1.8.unfinished_runs,0
paired_comparison.line.under.aimd:a=1.0:m=2.5.p95_delta_vs_watermark,979.4166666666666
paired_comparison.line.under.aimd:a=1.0:m=2.5.throughput_delta_vs_watermark,-0.02380952380952337
paired_comparison.line.under.aimd:a=1.0:m=2.5.blocked_delta_vs_watermark,-324.6666666666667
paired_comparison.line.under.aimd:a=1.0:m=2.5.no_progress_runs,0.0
paired_comparison.line.under.aimd:a=1.0:m=2.5.unfinished_runs,0
paired_comparison.line.under.aimd:a=2.0:m=1.35.p95_delta_vs_watermark,908.25
paired_comparison.line.under.aimd:a=2.0:m=1.35.throughput_delta_vs_watermark,-0.007936507936508026
paired_comparison.line.under.aimd:a=2.0:m=1.35.blocked_delta_vs_watermark,-312.93333333333334
paired_comparison.line.under.aimd:a=2.0:m=1.35.no_progress_runs,0.0
paired_comparison.line.under.aimd:a=2.0:m=1.35.unfinished_runs,0
paired_comparison.line.under.aimd:a=2.0:m=1.8.p95_delta_vs_watermark,964.1516666666666
paired_comparison.line.under.aimd:a=2.0:m=1.8.throughput_delta_vs_watermark,0.10317460317460364
paired_comparison.line.under.aimd:a=2.0:m=1.8.blocked_delta_vs_watermark,-321.2
paired_comparison.line.under.aimd:a=2.0:m=1.8.no_progress_runs,0.0
paired_comparison.line.under.aimd:a=2.0:m=1.8.unfinished_runs,0
paired_comparison.line.under.aimd:a=2.0:m=2.5.p95_delta_vs_watermark,979.4166666666666
paired_comparison.line.under.aimd:a=2.0:m=2.5.throughput_delta_vs_watermark,-0.02380952380952337
paired_comparison.line.under.aimd:a=2.0:m=2.5.blocked_delta_vs_watermark,-324.6666666666667
paired_comparison.line.under.aimd:a=2.0:m=2.5.no_progress_runs,0.0
paired_comparison.line.under.aimd:a=2.0:m=2.5.unfinished_runs,0
paired_comparison.line.capacity.reactive.p95_delta_vs_watermark,0.0
paired_comparison.line.capacity.reactive.throughput_delta_vs_watermark,0.0
paired_comparison.line.capacity.reactive.blocked_delta_vs_watermark,0.0
paired_comparison.line.capacity.reactive.no_progress_runs,0.0
paired_comparison.line.capacity.reactive.unfinished_runs,0
paired_comparison.line.capacity.watermark.p95_delta_vs_watermark,0.0
paired_comparison.line.capacity.watermark.throughput_delta_vs_watermark,0.0
paired_comparison.line.capacity.watermark.blocked_delta_vs_watermark,0.0
paired_comparison.line.capacity.watermark.no_progress_runs,0.0
paired_comparison.line.capacity.watermark.unfinished_runs,0
paired_comparison.line.capacity.credit.p95_delta_vs_watermark,0.0
paired_comparison.line.capacity.credit.throughput_delta_vs_watermark,0.0
paired_comparison.line.capacity.credit.blocked_delta_vs_watermark,0.0
paired_comparison.line.capacity.credit.no_progress_runs,0.0
paired_comparison.line.capacity.credit.unfinished_runs,0
paired_comparison.line.capacity.pi.p95_delta_vs_watermark,0.0
paired_comparison.line.capacity.pi.throughput_delta_vs_watermark,0.0
paired_comparison.line.capacity.pi.blocked_delta_vs_watermark,0.0
paired_comparison.line.capacity.pi.no_progress_runs,0.0
paired_comparison.line.capacity.pi.unfinished_runs,0
paired_comparison.line.capacity.aimd:a=0.5:m=1.35.p95_delta_vs_watermark,5096.054999999999
paired_comparison.line.capacity.aimd:a=0.5:m=1.35.throughput_delta_vs_watermark,0.19841269841269923
paired_comparison.line.capacity.aimd:a=0.5:m=1.35.blocked_delta_vs_watermark,-615.4666666666667
paired_comparison.line.capacity.aimd:a=0.5:m=1.35.no_progress_runs,0.0
paired_comparison.line.capacity.aimd:a=0.5:m=1.35.unfinished_runs,0
paired_comparison.line.capacity.aimd:a=0.5:m=1.8.p95_delta_vs_watermark,5288.48
paired_comparison.line.capacity.aimd:a=0.5:m=1.8.throughput_delta_vs_watermark,0.30952380952380876
paired_comparison.line.capacity.aimd:a=0.5:m=1.8.blocked_delta_vs_watermark,-621.2666666666667
paired_comparison.line.capacity.aimd:a=0.5:m=1.8.no_progress_runs,0.0
paired_comparison.line.capacity.aimd:a=0.5:m=1.8.unfinished_runs,0
paired_comparison.line.capacity.aimd:a=0.5:m=2.5.p95_delta_vs_watermark,5349.373333333333
paired_comparison.line.capacity.aimd:a=0.5:m=2.5.throughput_delta_vs_watermark,0.24603174603174552
paired_comparison.line.capacity.aimd:a=0.5:m=2.5.blocked_delta_vs_watermark,-623.4666666666667
paired_comparison.line.capacity.aimd:a=0.5:m=2.5.no_progress_runs,0.0
paired_comparison.line.capacity.aimd:a=0.5:m=2.5.unfinished_runs,0
paired_comparison.line.capacity.aimd:a=1.0:m=1.35.p95_delta_vs_watermark,5096.054999999999
paired_comparison.line.capacity.aimd:a=1.0:m=1.35.throughput_delta_vs_watermark,0.19841269841269923
paired_comparison.line.capacity.aimd:a=1.0:m=1.35.blocked_delta_vs_watermark,-615.4666666666667
paired_comparison.line.capacity.aimd:a=1.0:m=1.35.no_progress_runs,0.0
paired_comparison.line.capacity.aimd:a=1.0:m=1.35.unfinished_runs,0
paired_comparison.line.capacity.aimd:a=1.0:m=1.8.p95_delta_vs_watermark,5288.48
paired_comparison.line.capacity.aimd:a=1.0:m=1.8.throughput_delta_vs_watermark,0.30952380952380876
paired_comparison.line.capacity.aimd:a=1.0:m=1.8.blocked_delta_vs_watermark,-621.2666666666667
paired_comparison.line.capacity.aimd:a=1.0:m=1.8.no_progress_runs,0.0
paired_comparison.line.capacity.aimd:a=1.0:m=1.8.unfinished_runs,0
paired_comparison.line.capacity.aimd:a=1.0:m=2.5.p95_delta_vs_watermark,5349.373333333333
paired_comparison.line.capacity.aimd:a=1.0:m=2.5.throughput_delta_vs_watermark,0.24603174603174552
paired_comparison.line.capacity.aimd:a=1.0:m=2.5.blocked_delta_vs_watermark,-623.4666666666667
paired_comparison.line.capacity.aimd:a=1.0:m=2.5.no_progress_runs,0.0
paired_comparison.line.capacity.aimd:a=1.0:m=2.5.unfinished_runs,0
paired_comparison.line.capacity.aimd:a=2.0:m=1.35.p95_delta_vs_watermark,5096.054999999999
paired_comparison.line.capacity.aimd:a=2.0:m=1.35.throughput_delta_vs_watermark,0.19841269841269923
paired_comparison.line.capacity.aimd:a=2.0:m=1.35.blocked_delta_vs_watermark,-615.4666666666667
paired_comparison.line.capacity.aimd:a=2.0:m=1.35.no_progress_runs,0.0
paired_comparison.line.capacity.aimd:a=2.0:m=1.35.unfinished_runs,0
paired_comparison.line.capacity.aimd:a=2.0:m=1.8.p95_delta_vs_watermark,5288.48
paired_comparison.line.capacity.aimd:a=2.0:m=1.8.throughput_delta_vs_watermark,0.30952380952380876
paired_comparison.line.capacity.aimd:a=2.0:m=1.8.blocked_delta_vs_watermark,-621.2666666666667
paired_comparison.line.capacity.aimd:a=2.0:m=1.8.no_progress_runs,0.0
paired_comparison.line.capacity.aimd:a=2.0:m=1.8.unfinished_runs,0
paired_comparison.line.capacity.aimd:a=2.0:m=2.5.p95_delta_vs_watermark,5349.373333333333
paired_comparison.line.capacity.aimd:a=2.0:m=2.5.throughput_delta_vs_watermark,0.24603174603174552
paired_comparison.line.capacity.aimd:a=2.0:m=2.5.blocked_delta_vs_watermark,-623.4666666666667
paired_comparison.line.capacity.aimd:a=2.0:m=2.5.no_progress_runs,0.0
paired_comparison.line.capacity.aimd:a=2.0:m=2.5.unfinished_runs,0
paired_comparison.line.over.reactive.p95_delta_vs_watermark,0.0
paired_comparison.line.over.reactive.throughput_delta_vs_watermark,0.0
paired_comparison.line.over.reactive.blocked_delta_vs_watermark,0.0
paired_comparison.line.over.reactive.no_progress_runs,0.0
paired_comparison.line.over.reactive.unfinished_runs,0
paired_comparison.line.over.watermark.p95_delta_vs_watermark,0.0
paired_comparison.line.over.watermark.throughput_delta_vs_watermark,0.0
paired_comparison.line.over.watermark.blocked_delta_vs_watermark,0.0
paired_comparison.line.over.watermark.no_progress_runs,0.0
paired_comparison.line.over.watermark.unfinished_runs,0
paired_comparison.line.over.credit.p95_delta_vs_watermark,0.0
paired_comparison.line.over.credit.throughput_delta_vs_watermark,0.0
paired_comparison.line.over.credit.blocked_delta_vs_watermark,0.0
paired_comparison.line.over.credit.no_progress_runs,0.0
paired_comparison.line.over.credit.unfinished_runs,0
paired_comparison.line.over.pi.p95_delta_vs_watermark,0.0
paired_comparison.line.over.pi.throughput_delta_vs_watermark,0.0
paired_comparison.line.over.pi.blocked_delta_vs_watermark,0.0
paired_comparison.line.over.pi.no_progress_runs,0.0
paired_comparison.line.over.pi.unfinished_runs,0
paired_comparison.line.over.aimd:a=0.5:m=1.35.p95_delta_vs_watermark,15269.266666666666
paired_comparison.line.over.aimd:a=0.5:m=1.35.throughput_delta_vs_watermark,-10.722222222222225
paired_comparison.line.over.aimd:a=0.5:m=1.35.blocked_delta_vs_watermark,-217.13333333333333
paired_comparison.line.over.aimd:a=0.5:m=1.35.no_progress_runs,0.0
paired_comparison.line.over.aimd:a=0.5:m=1.35.unfinished_runs,30
paired_comparison.line.over.aimd:a=0.5:m=1.8.p95_delta_vs_watermark,15386.198333333332
paired_comparison.line.over.aimd:a=0.5:m=1.8.throughput_delta_vs_watermark,-14.579365079365072
paired_comparison.line.over.aimd:a=0.5:m=1.8.blocked_delta_vs_watermark,-226.0
paired_comparison.line.over.aimd:a=0.5:m=1.8.no_progress_runs,0.0
paired_comparison.line.over.aimd:a=0.5:m=1.8.unfinished_runs,30
paired_comparison.line.over.aimd:a=0.5:m=2.5.p95_delta_vs_watermark,15454.384999999998
paired_comparison.line.over.aimd:a=0.5:m=2.5.throughput_delta_vs_watermark,-15.746031746031731
paired_comparison.line.over.aimd:a=0.5:m=2.5.blocked_delta_vs_watermark,-229.73333333333332
paired_comparison.line.over.aimd:a=0.5:m=2.5.no_progress_runs,0.0
paired_comparison.line.over.aimd:a=0.5:m=2.5.unfinished_runs,30
paired_comparison.line.over.aimd:a=1.0:m=1.35.p95_delta_vs_watermark,15269.266666666666
paired_comparison.line.over.aimd:a=1.0:m=1.35.throughput_delta_vs_watermark,-10.722222222222225
paired_comparison.line.over.aimd:a=1.0:m=1.35.blocked_delta_vs_watermark,-217.13333333333333
paired_comparison.line.over.aimd:a=1.0:m=1.35.no_progress_runs,0.0
paired_comparison.line.over.aimd:a=1.0:m=1.35.unfinished_runs,30
paired_comparison.line.over.aimd:a=1.0:m=1.8.p95_delta_vs_watermark,15386.198333333332
paired_comparison.line.over.aimd:a=1.0:m=1.8.throughput_delta_vs_watermark,-14.579365079365072
paired_comparison.line.over.aimd:a=1.0:m=1.8.blocked_delta_vs_watermark,-226.0
paired_comparison.line.over.aimd:a=1.0:m=1.8.no_progress_runs,0.0
paired_comparison.line.over.aimd:a=1.0:m=1.8.unfinished_runs,30
paired_comparison.line.over.aimd:a=1.0:m=2.5.p95_delta_vs_watermark,15454.384999999998
paired_comparison.line.over.aimd:a=1.0:m=2.5.throughput_delta_vs_watermark,-15.746031746031731
paired_comparison.line.over.aimd:a=1.0:m=2.5.blocked_delta_vs_watermark,-229.73333333333332
paired_comparison.line.over.aimd:a=1.0:m=2.5.no_progress_runs,0.0
paired_comparison.line.over.aimd:a=1.0:m=2.5.unfinished_runs,30
paired_comparison.line.over.aimd:a=2.0:m=1.35.p95_delta_vs_watermark,15269.266666666666
paired_comparison.line.over.aimd:a=2.0:m=1.35.throughput_delta_vs_watermark,-10.722222222222225
paired_comparison.line.over.aimd:a=2.0:m=1.35.blocked_delta_vs_watermark,-217.13333333333333
paired_comparison.line.over.aimd:a=2.0:m=1.35.no_progress_runs,0.0
paired_comparison.line.over.aimd:a=2.0:m=1.35.unfinished_runs,30
paired_comparison.line.over.aimd:a=2.0:m=1.8.p95_delta_vs_watermark,15386.198333333332
paired_comparison.line.over.aimd:a=2.0:m=1.8.throughput_delta_vs_watermark,-14.579365079365072
paired_comparison.line.over.aimd:a=2.0:m=1.8.blocked_delta_vs_watermark,-226.0
paired_comparison.line.over.aimd:a=2.0:m=1.8.no_progress_runs,0.0
paired_comparison.line.over.aimd:a=2.0:m=1.8.unfinished_runs,30
paired_comparison.line.over.aimd:a=2.0:m=2.5.p95_delta_vs_watermark,15454.384999999998
paired_comparison.line.over.aimd:a=2.0:m=2.5.throughput_delta_vs_watermark,-15.746031746031731
paired_comparison.line.over.aimd:a=2.0:m=2.5.blocked_delta_vs_watermark,-229.73333333333332
paired_comparison.line.over.aimd:a=2.0:m=2.5.no_progress_runs,0.0
paired_comparison.line.over.aimd:a=2.0:m=2.5.unfinished_runs,30
paired_comparison.fan_in.under.reactive.p95_delta_vs_watermark,0.0
paired_comparison.fan_in.under.reactive.throughput_delta_vs_watermark,0.0
paired_comparison.fan_in.under.reactive.blocked_delta_vs_watermark,0.0
paired_comparison.fan_in.under.reactive.no_progress_runs,0.0
paired_comparison.fan_in.under.reactive.unfinished_runs,0
paired_comparison.fan_in.under.watermark.p95_delta_vs_watermark,0.0
paired_comparison.fan_in.under.watermark.throughput_delta_vs_watermark,0.0
paired_comparison.fan_in.under.watermark.blocked_delta_vs_watermark,0.0
paired_comparison.fan_in.under.watermark.no_progress_runs,0.0
paired_comparison.fan_in.under.watermark.unfinished_runs,0
paired_comparison.fan_in.under.credit.p95_delta_vs_watermark,0.0
paired_comparison.fan_in.under.credit.throughput_delta_vs_watermark,0.0
paired_comparison.fan_in.under.credit.blocked_delta_vs_watermark,0.0
paired_comparison.fan_in.under.credit.no_progress_runs,0.0
paired_comparison.fan_in.under.credit.unfinished_runs,0
paired_comparison.fan_in.under.pi.p95_delta_vs_watermark,0.0
paired_comparison.fan_in.under.pi.throughput_delta_vs_watermark,0.0
paired_comparison.fan_in.under.pi.blocked_delta_vs_watermark,0.0
paired_comparison.fan_in.under.pi.no_progress_runs,0.0
paired_comparison.fan_in.under.pi.unfinished_runs,0
paired_comparison.fan_in.under.aimd:a=0.5:m=1.35.p95_delta_vs_watermark,5767.525
paired_comparison.fan_in.under.aimd:a=0.5:m=1.35.throughput_delta_vs_watermark,0.1428571428571445
paired_comparison.fan_in.under.aimd:a=0.5:m=1.35.blocked_delta_vs_watermark,9606.2
paired_comparison.fan_in.under.aimd:a=0.5:m=1.35.no_progress_runs,0.0
paired_comparison.fan_in.under.aimd:a=0.5:m=1.35.unfinished_runs,0
paired_comparison.fan_in.under.aimd:a=0.5:m=1.8.p95_delta_vs_watermark,5970.316666666667
paired_comparison.fan_in.under.aimd:a=0.5:m=1.8.throughput_delta_vs_watermark,-0.007936507936506132
paired_comparison.fan_in.under.aimd:a=0.5:m=1.8.blocked_delta_vs_watermark,10308.733333333334
paired_comparison.fan_in.under.aimd:a=0.5:m=1.8.no_progress_runs,0.0
paired_comparison.fan_in.under.aimd:a=0.5:m=1.8.unfinished_runs,0
paired_comparison.fan_in.under.aimd:a=0.5:m=2.5.p95_delta_vs_watermark,6052.983333333334
paired_comparison.fan_in.under.aimd:a=0.5:m=2.5.throughput_delta_vs_watermark,-0.007936507936506132
paired_comparison.fan_in.under.aimd:a=0.5:m=2.5.blocked_delta_vs_watermark,10593.433333333332
paired_comparison.fan_in.under.aimd:a=0.5:m=2.5.no_progress_runs,0.0
paired_comparison.fan_in.under.aimd:a=0.5:m=2.5.unfinished_runs,0
paired_comparison.fan_in.under.aimd:a=1.0:m=1.35.p95_delta_vs_watermark,5767.525
paired_comparison.fan_in.under.aimd:a=1.0:m=1.35.throughput_delta_vs_watermark,0.1428571428571445
paired_comparison.fan_in.under.aimd:a=1.0:m=1.35.blocked_delta_vs_watermark,9606.2
paired_comparison.fan_in.under.aimd:a=1.0:m=1.35.no_progress_runs,0.0
paired_comparison.fan_in.under.aimd:a=1.0:m=1.35.unfinished_runs,0
paired_comparison.fan_in.under.aimd:a=1.0:m=1.8.p95_delta_vs_watermark,5970.316666666667
paired_comparison.fan_in.under.aimd:a=1.0:m=1.8.throughput_delta_vs_watermark,-0.007936507936506132
paired_comparison.fan_in.under.aimd:a=1.0:m=1.8.blocked_delta_vs_watermark,10308.733333333334
paired_comparison.fan_in.under.aimd:a=1.0:m=1.8.no_progress_runs,0.0
paired_comparison.fan_in.under.aimd:a=1.0:m=1.8.unfinished_runs,0
paired_comparison.fan_in.under.aimd:a=1.0:m=2.5.p95_delta_vs_watermark,6052.983333333334
paired_comparison.fan_in.under.aimd:a=1.0:m=2.5.throughput_delta_vs_watermark,-0.007936507936506132
paired_comparison.fan_in.under.aimd:a=1.0:m=2.5.blocked_delta_vs_watermark,10593.433333333332
paired_comparison.fan_in.under.aimd:a=1.0:m=2.5.no_progress_runs,0.0
paired_comparison.fan_in.under.aimd:a=1.0:m=2.5.unfinished_runs,0
paired_comparison.fan_in.under.aimd:a=2.0:m=1.35.p95_delta_vs_watermark,5767.525
paired_comparison.fan_in.under.aimd:a=2.0:m=1.35.throughput_delta_vs_watermark,0.1428571428571445
paired_comparison.fan_in.under.aimd:a=2.0:m=1.35.blocked_delta_vs_watermark,9606.2
paired_comparison.fan_in.under.aimd:a=2.0:m=1.35.no_progress_runs,0.0
paired_comparison.fan_in.under.aimd:a=2.0:m=1.35.unfinished_runs,0
paired_comparison.fan_in.under.aimd:a=2.0:m=1.8.p95_delta_vs_watermark,5970.316666666667
paired_comparison.fan_in.under.aimd:a=2.0:m=1.8.throughput_delta_vs_watermark,-0.007936507936506132
paired_comparison.fan_in.under.aimd:a=2.0:m=1.8.blocked_delta_vs_watermark,10308.733333333334
paired_comparison.fan_in.under.aimd:a=2.0:m=1.8.no_progress_runs,0.0
paired_comparison.fan_in.under.aimd:a=2.0:m=1.8.unfinished_runs,0
paired_comparison.fan_in.under.aimd:a=2.0:m=2.5.p95_delta_vs_watermark,6052.983333333334
paired_comparison.fan_in.under.aimd:a=2.0:m=2.5.throughput_delta_vs_watermark,-0.007936507936506132
paired_comparison.fan_in.under.aimd:a=2.0:m=2.5.blocked_delta_vs_watermark,10593.433333333332
paired_comparison.fan_in.under.aimd:a=2.0:m=2.5.no_progress_runs,0.0
paired_comparison.fan_in.under.aimd:a=2.0:m=2.5.unfinished_runs,0
paired_comparison.fan_in.capacity.reactive.p95_delta_vs_watermark,0.0
paired_comparison.fan_in.capacity.reactive.throughput_delta_vs_watermark,0.0
paired_comparison.fan_in.capacity.reactive.blocked_delta_vs_watermark,0.0
paired_comparison.fan_in.capacity.reactive.no_progress_runs,0.0
paired_comparison.fan_in.capacity.reactive.unfinished_runs,0
paired_comparison.fan_in.capacity.watermark.p95_delta_vs_watermark,0.0
paired_comparison.fan_in.capacity.watermark.throughput_delta_vs_watermark,0.0
paired_comparison.fan_in.capacity.watermark.blocked_delta_vs_watermark,0.0
paired_comparison.fan_in.capacity.watermark.no_progress_runs,0.0
paired_comparison.fan_in.capacity.watermark.unfinished_runs,0
paired_comparison.fan_in.capacity.credit.p95_delta_vs_watermark,0.0
paired_comparison.fan_in.capacity.credit.throughput_delta_vs_watermark,0.0
paired_comparison.fan_in.capacity.credit.blocked_delta_vs_watermark,0.0
paired_comparison.fan_in.capacity.credit.no_progress_runs,0.0
paired_comparison.fan_in.capacity.credit.unfinished_runs,0
paired_comparison.fan_in.capacity.pi.p95_delta_vs_watermark,0.0
paired_comparison.fan_in.capacity.pi.throughput_delta_vs_watermark,0.0
paired_comparison.fan_in.capacity.pi.blocked_delta_vs_watermark,0.0
paired_comparison.fan_in.capacity.pi.no_progress_runs,0.0
paired_comparison.fan_in.capacity.pi.unfinished_runs,0
paired_comparison.fan_in.capacity.aimd:a=0.5:m=1.35.p95_delta_vs_watermark,14344.753333333332
paired_comparison.fan_in.capacity.aimd:a=0.5:m=1.35.throughput_delta_vs_watermark,-0.2619047619047658
paired_comparison.fan_in.capacity.aimd:a=0.5:m=1.35.blocked_delta_vs_watermark,16964.266666666666
paired_comparison.fan_in.capacity.aimd:a=0.5:m=1.35.no_progress_runs,0.0
paired_comparison.fan_in.capacity.aimd:a=0.5:m=1.35.unfinished_runs,0
paired_comparison.fan_in.capacity.aimd:a=0.5:m=1.8.p95_delta_vs_watermark,14725.965
paired_comparison.fan_in.capacity.aimd:a=0.5:m=1.8.throughput_delta_vs_watermark,-0.07142857142857319
paired_comparison.fan_in.capacity.aimd:a=0.5:m=1.8.blocked_delta_vs_watermark,20000.066666666666
paired_comparison.fan_in.capacity.aimd:a=0.5:m=1.8.no_progress_runs,0.0
paired_comparison.fan_in.capacity.aimd:a=0.5:m=1.8.unfinished_runs,0
paired_comparison.fan_in.capacity.aimd:a=0.5:m=2.5.p95_delta_vs_watermark,14844.55
paired_comparison.fan_in.capacity.aimd:a=0.5:m=2.5.throughput_delta_vs_watermark,-0.1904761904761936
paired_comparison.fan_in.capacity.aimd:a=0.5:m=2.5.blocked_delta_vs_watermark,20507.5
paired_comparison.fan_in.capacity.aimd:a=0.5:m=2.5.no_progress_runs,0.0
paired_comparison.fan_in.capacity.aimd:a=0.5:m=2.5.unfinished_runs,0
paired_comparison.fan_in.capacity.aimd:a=1.0:m=1.35.p95_delta_vs_watermark,14344.753333333332
paired_comparison.fan_in.capacity.aimd:a=1.0:m=1.35.throughput_delta_vs_watermark,-0.2619047619047658
paired_comparison.fan_in.capacity.aimd:a=1.0:m=1.35.blocked_delta_vs_watermark,16964.266666666666
paired_comparison.fan_in.capacity.aimd:a=1.0:m=1.35.no_progress_runs,0.0
paired_comparison.fan_in.capacity.aimd:a=1.0:m=1.35.unfinished_runs,0
paired_comparison.fan_in.capacity.aimd:a=1.0:m=1.8.p95_delta_vs_watermark,14725.965
paired_comparison.fan_in.capacity.aimd:a=1.0:m=1.8.throughput_delta_vs_watermark,-0.07142857142857319
paired_comparison.fan_in.capacity.aimd:a=1.0:m=1.8.blocked_delta_vs_watermark,20000.066666666666
paired_comparison.fan_in.capacity.aimd:a=1.0:m=1.8.no_progress_runs,0.0
paired_comparison.fan_in.capacity.aimd:a=1.0:m=1.8.unfinished_runs,0
paired_comparison.fan_in.capacity.aimd:a=1.0:m=2.5.p95_delta_vs_watermark,14844.55
paired_comparison.fan_in.capacity.aimd:a=1.0:m=2.5.throughput_delta_vs_watermark,-0.1904761904761936
paired_comparison.fan_in.capacity.aimd:a=1.0:m=2.5.blocked_delta_vs_watermark,20507.5
paired_comparison.fan_in.capacity.aimd:a=1.0:m=2.5.no_progress_runs,0.0
paired_comparison.fan_in.capacity.aimd:a=1.0:m=2.5.unfinished_runs,0
paired_comparison.fan_in.capacity.aimd:a=2.0:m=1.35.p95_delta_vs_watermark,14344.753333333332
paired_comparison.fan_in.capacity.aimd:a=2.0:m=1.35.throughput_delta_vs_watermark,-0.2619047619047658
paired_comparison.fan_in.capacity.aimd:a=2.0:m=1.35.blocked_delta_vs_watermark,16964.266666666666
paired_comparison.fan_in.capacity.aimd:a=2.0:m=1.35.no_progress_runs,0.0
paired_comparison.fan_in.capacity.aimd:a=2.0:m=1.35.unfinished_runs,0
paired_comparison.fan_in.capacity.aimd:a=2.0:m=1.8.p95_delta_vs_watermark,14725.965
paired_comparison.fan_in.capacity.aimd:a=2.0:m=1.8.throughput_delta_vs_watermark,-0.07142857142857319
paired_comparison.fan_in.capacity.aimd:a=2.0:m=1.8.blocked_delta_vs_watermark,20000.066666666666
paired_comparison.fan_in.capacity.aimd:a=2.0:m=1.8.no_progress_runs,0.0
paired_comparison.fan_in.capacity.aimd:a=2.0:m=1.8.unfinished_runs,0
paired_comparison.fan_in.capacity.aimd:a=2.0:m=2.5.p95_delta_vs_watermark,14844.55
paired_comparison.fan_in.capacity.aimd:a=2.0:m=2.5.throughput_delta_vs_watermark,-0.1904761904761936
paired_comparison.fan_in.capacity.aimd:a=2.0:m=2.5.blocked_delta_vs_watermark,20507.5
paired_comparison.fan_in.capacity.aimd:a=2.0:m=2.5.no_progress_runs,0.0
paired_comparison.fan_in.capacity.aimd:a=2.0:m=2.5.unfinished_runs,0
paired_comparison.fan_in.over.reactive.p95_delta_vs_watermark,446.04
paired_comparison.fan_in.over.reactive.throughput_delta_vs_watermark,-0.6587301587301605
paired_comparison.fan_in.over.reactive.blocked_delta_vs_watermark,4174.566666666667
paired_comparison.fan_in.over.reactive.no_progress_runs,0.0
paired_comparison.fan_in.over.reactive.unfinished_runs,0
paired_comparison.fan_in.over.watermark.p95_delta_vs_watermark,0.0
paired_comparison.fan_in.over.watermark.throughput_delta_vs_watermark,0.0
paired_comparison.fan_in.over.watermark.blocked_delta_vs_watermark,0.0
paired_comparison.fan_in.over.watermark.no_progress_runs,0.0
paired_comparison.fan_in.over.watermark.unfinished_runs,0
paired_comparison.fan_in.over.credit.p95_delta_vs_watermark,-161.72333333333336
paired_comparison.fan_in.over.credit.throughput_delta_vs_watermark,-0.5634920634920662
paired_comparison.fan_in.over.credit.blocked_delta_vs_watermark,176.5
paired_comparison.fan_in.over.credit.no_progress_runs,0.0
paired_comparison.fan_in.over.credit.unfinished_runs,0
paired_comparison.fan_in.over.pi.p95_delta_vs_watermark,-154.32333333333335
paired_comparison.fan_in.over.pi.throughput_delta_vs_watermark,-0.468253968253966
paired_comparison.fan_in.over.pi.blocked_delta_vs_watermark,13.9
paired_comparison.fan_in.over.pi.no_progress_runs,0.0
paired_comparison.fan_in.over.pi.unfinished_runs,0
paired_comparison.fan_in.over.aimd:a=0.5:m=1.35.p95_delta_vs_watermark,12629.785
paired_comparison.fan_in.over.aimd:a=0.5:m=1.35.throughput_delta_vs_watermark,-232.28571428571428
paired_comparison.fan_in.over.aimd:a=0.5:m=1.35.blocked_delta_vs_watermark,31392.5
paired_comparison.fan_in.over.aimd:a=0.5:m=1.35.no_progress_runs,0.0
paired_comparison.fan_in.over.aimd:a=0.5:m=1.35.unfinished_runs,30
paired_comparison.fan_in.over.aimd:a=0.5:m=1.8.p95_delta_vs_watermark,12779.649999999996
paired_comparison.fan_in.over.aimd:a=0.5:m=1.8.throughput_delta_vs_watermark,-236.23015873015873
paired_comparison.fan_in.over.aimd:a=0.5:m=1.8.blocked_delta_vs_watermark,33109.96666666667
paired_comparison.fan_in.over.aimd:a=0.5:m=1.8.no_progress_runs,0.0
paired_comparison.fan_in.over.aimd:a=0.5:m=1.8.unfinished_runs,30
paired_comparison.fan_in.over.aimd:a=0.5:m=2.5.p95_delta_vs_watermark,12830.038333333332
paired_comparison.fan_in.over.aimd:a=0.5:m=2.5.throughput_delta_vs_watermark,-238.06349206349205
paired_comparison.fan_in.over.aimd:a=0.5:m=2.5.blocked_delta_vs_watermark,33215.6
paired_comparison.fan_in.over.aimd:a=0.5:m=2.5.no_progress_runs,0.0
paired_comparison.fan_in.over.aimd:a=0.5:m=2.5.unfinished_runs,30
paired_comparison.fan_in.over.aimd:a=1.0:m=1.35.p95_delta_vs_watermark,12629.785
paired_comparison.fan_in.over.aimd:a=1.0:m=1.35.throughput_delta_vs_watermark,-232.28571428571428
paired_comparison.fan_in.over.aimd:a=1.0:m=1.35.blocked_delta_vs_watermark,31392.5
paired_comparison.fan_in.over.aimd:a=1.0:m=1.35.no_progress_runs,0.0
paired_comparison.fan_in.over.aimd:a=1.0:m=1.35.unfinished_runs,30
paired_comparison.fan_in.over.aimd:a=1.0:m=1.8.p95_delta_vs_watermark,12779.649999999996
paired_comparison.fan_in.over.aimd:a=1.0:m=1.8.throughput_delta_vs_watermark,-236.23015873015873
paired_comparison.fan_in.over.aimd:a=1.0:m=1.8.blocked_delta_vs_watermark,33109.96666666667
paired_comparison.fan_in.over.aimd:a=1.0:m=1.8.no_progress_runs,0.0
paired_comparison.fan_in.over.aimd:a=1.0:m=1.8.unfinished_runs,30
paired_comparison.fan_in.over.aimd:a=1.0:m=2.5.p95_delta_vs_watermark,12830.038333333332
paired_comparison.fan_in.over.aimd:a=1.0:m=2.5.throughput_delta_vs_watermark,-238.06349206349205
paired_comparison.fan_in.over.aimd:a=1.0:m=2.5.blocked_delta_vs_watermark,33215.6
paired_comparison.fan_in.over.aimd:a=1.0:m=2.5.no_progress_runs,0.0
paired_comparison.fan_in.over.aimd:a=1.0:m=2.5.unfinished_runs,30
paired_comparison.fan_in.over.aimd:a=2.0:m=1.35.p95_delta_vs_watermark,12629.785
paired_comparison.fan_in.over.aimd:a=2.0:m=1.35.throughput_delta_vs_watermark,-232.28571428571428
paired_comparison.fan_in.over.aimd:a=2.0:m=1.35.blocked_delta_vs_watermark,31392.5
paired_comparison.fan_in.over.aimd:a=2.0:m=1.35.no_progress_runs,0.0
paired_comparison.fan_in.over.aimd:a=2.0:m=1.35.unfinished_runs,30
paired_comparison.fan_in.over.aimd:a=2.0:m=1.8.p95_delta_vs_watermark,12779.649999999996
paired_comparison.fan_in.over.aimd:a=2.0:m=1.8.throughput_delta_vs_watermark,-236.23015873015873
paired_comparison.fan_in.over.aimd:a=2.0:m=1.8.blocked_delta_vs_watermark,33109.96666666667
paired_comparison.fan_in.over.aimd:a=2.0:m=1.8.no_progress_runs,0.0
paired_comparison.fan_in.over.aimd:a=2.0:m=1.8.unfinished_runs,30
paired_comparison.fan_in.over.aimd:a=2.0:m=2.5.p95_delta_vs_watermark,12830.038333333332
paired_comparison.fan_in.over.aimd:a=2.0:m=2.5.throughput_delta_vs_watermark,-238.06349206349205
paired_comparison.fan_in.over.aimd:a=2.0:m=2.5.blocked_delta_vs_watermark,33215.6
paired_comparison.fan_in.over.aimd:a=2.0:m=2.5.no_progress_runs,0.0
paired_comparison.fan_in.over.aimd:a=2.0:m=2.5.unfinished_runs,30
paired_comparison.fan_out.under.reactive.p95_delta_vs_watermark,0.0
paired_comparison.fan_out.under.reactive.throughput_delta_vs_watermark,0.0
paired_comparison.fan_out.under.reactive.blocked_delta_vs_watermark,0.0
paired_comparison.fan_out.under.reactive.no_progress_runs,0.0
paired_comparison.fan_out.under.reactive.unfinished_runs,0
paired_comparison.fan_out.under.watermark.p95_delta_vs_watermark,0.0
paired_comparison.fan_out.under.watermark.throughput_delta_vs_watermark,0.0
paired_comparison.fan_out.under.watermark.blocked_delta_vs_watermark,0.0
paired_comparison.fan_out.under.watermark.no_progress_runs,0.0
paired_comparison.fan_out.under.watermark.unfinished_runs,0
paired_comparison.fan_out.under.credit.p95_delta_vs_watermark,0.0
paired_comparison.fan_out.under.credit.throughput_delta_vs_watermark,0.0
paired_comparison.fan_out.under.credit.blocked_delta_vs_watermark,0.0
paired_comparison.fan_out.under.credit.no_progress_runs,0.0
paired_comparison.fan_out.under.credit.unfinished_runs,0
paired_comparison.fan_out.under.pi.p95_delta_vs_watermark,0.0
paired_comparison.fan_out.under.pi.throughput_delta_vs_watermark,0.0
paired_comparison.fan_out.under.pi.blocked_delta_vs_watermark,0.0
paired_comparison.fan_out.under.pi.no_progress_runs,0.0
paired_comparison.fan_out.under.pi.unfinished_runs,0
paired_comparison.fan_out.under.aimd:a=0.5:m=1.35.p95_delta_vs_watermark,1528.368333333333
paired_comparison.fan_out.under.aimd:a=0.5:m=1.35.throughput_delta_vs_watermark,0.0
paired_comparison.fan_out.under.aimd:a=0.5:m=1.35.blocked_delta_vs_watermark,-470.2
paired_comparison.fan_out.under.aimd:a=0.5:m=1.35.no_progress_runs,0.0
paired_comparison.fan_out.under.aimd:a=0.5:m=1.35.unfinished_runs,0
paired_comparison.fan_out.under.aimd:a=0.5:m=1.8.p95_delta_vs_watermark,1651.2566666666667
paired_comparison.fan_out.under.aimd:a=0.5:m=1.8.throughput_delta_vs_watermark,-0.07936507936507979
paired_comparison.fan_out.under.aimd:a=0.5:m=1.8.blocked_delta_vs_watermark,-482.46666666666664
paired_comparison.fan_out.under.aimd:a=0.5:m=1.8.no_progress_runs,0.0
paired_comparison.fan_out.under.aimd:a=0.5:m=1.8.unfinished_runs,0
paired_comparison.fan_out.under.aimd:a=0.5:m=2.5.p95_delta_vs_watermark,1666.3816666666667
paired_comparison.fan_out.under.aimd:a=0.5:m=2.5.throughput_delta_vs_watermark,-0.17460317460317518
paired_comparison.fan_out.under.aimd:a=0.5:m=2.5.blocked_delta_vs_watermark,-487.6666666666667
paired_comparison.fan_out.under.aimd:a=0.5:m=2.5.no_progress_runs,0.0
paired_comparison.fan_out.under.aimd:a=0.5:m=2.5.unfinished_runs,0
paired_comparison.fan_out.under.aimd:a=1.0:m=1.35.p95_delta_vs_watermark,1528.368333333333
paired_comparison.fan_out.under.aimd:a=1.0:m=1.35.throughput_delta_vs_watermark,0.0
paired_comparison.fan_out.under.aimd:a=1.0:m=1.35.blocked_delta_vs_watermark,-470.2
paired_comparison.fan_out.under.aimd:a=1.0:m=1.35.no_progress_runs,0.0
paired_comparison.fan_out.under.aimd:a=1.0:m=1.35.unfinished_runs,0
paired_comparison.fan_out.under.aimd:a=1.0:m=1.8.p95_delta_vs_watermark,1651.2566666666667
paired_comparison.fan_out.under.aimd:a=1.0:m=1.8.throughput_delta_vs_watermark,-0.07936507936507979
paired_comparison.fan_out.under.aimd:a=1.0:m=1.8.blocked_delta_vs_watermark,-482.46666666666664
paired_comparison.fan_out.under.aimd:a=1.0:m=1.8.no_progress_runs,0.0
paired_comparison.fan_out.under.aimd:a=1.0:m=1.8.unfinished_runs,0
paired_comparison.fan_out.under.aimd:a=1.0:m=2.5.p95_delta_vs_watermark,1666.3816666666667
paired_comparison.fan_out.under.aimd:a=1.0:m=2.5.throughput_delta_vs_watermark,-0.17460317460317518
paired_comparison.fan_out.under.aimd:a=1.0:m=2.5.blocked_delta_vs_watermark,-487.6666666666667
paired_comparison.fan_out.under.aimd:a=1.0:m=2.5.no_progress_runs,0.0
paired_comparison.fan_out.under.aimd:a=1.0:m=2.5.unfinished_runs,0
paired_comparison.fan_out.under.aimd:a=2.0:m=1.35.p95_delta_vs_watermark,1528.368333333333
paired_comparison.fan_out.under.aimd:a=2.0:m=1.35.throughput_delta_vs_watermark,0.0
paired_comparison.fan_out.under.aimd:a=2.0:m=1.35.blocked_delta_vs_watermark,-470.2
paired_comparison.fan_out.under.aimd:a=2.0:m=1.35.no_progress_runs,0.0
paired_comparison.fan_out.under.aimd:a=2.0:m=1.35.unfinished_runs,0
paired_comparison.fan_out.under.aimd:a=2.0:m=1.8.p95_delta_vs_watermark,1651.2566666666667
paired_comparison.fan_out.under.aimd:a=2.0:m=1.8.throughput_delta_vs_watermark,-0.07936507936507979
paired_comparison.fan_out.under.aimd:a=2.0:m=1.8.blocked_delta_vs_watermark,-482.46666666666664
paired_comparison.fan_out.under.aimd:a=2.0:m=1.8.no_progress_runs,0.0
paired_comparison.fan_out.under.aimd:a=2.0:m=1.8.unfinished_runs,0
paired_comparison.fan_out.under.aimd:a=2.0:m=2.5.p95_delta_vs_watermark,1666.3816666666667
paired_comparison.fan_out.under.aimd:a=2.0:m=2.5.throughput_delta_vs_watermark,-0.17460317460317518
paired_comparison.fan_out.under.aimd:a=2.0:m=2.5.blocked_delta_vs_watermark,-487.6666666666667
paired_comparison.fan_out.under.aimd:a=2.0:m=2.5.no_progress_runs,0.0
paired_comparison.fan_out.under.aimd:a=2.0:m=2.5.unfinished_runs,0
paired_comparison.fan_out.capacity.reactive.p95_delta_vs_watermark,0.0
paired_comparison.fan_out.capacity.reactive.throughput_delta_vs_watermark,0.0
paired_comparison.fan_out.capacity.reactive.blocked_delta_vs_watermark,0.0
paired_comparison.fan_out.capacity.reactive.no_progress_runs,0.0
paired_comparison.fan_out.capacity.reactive.unfinished_runs,0
paired_comparison.fan_out.capacity.watermark.p95_delta_vs_watermark,0.0
paired_comparison.fan_out.capacity.watermark.throughput_delta_vs_watermark,0.0
paired_comparison.fan_out.capacity.watermark.blocked_delta_vs_watermark,0.0
paired_comparison.fan_out.capacity.watermark.no_progress_runs,0.0
paired_comparison.fan_out.capacity.watermark.unfinished_runs,0
paired_comparison.fan_out.capacity.credit.p95_delta_vs_watermark,0.0
paired_comparison.fan_out.capacity.credit.throughput_delta_vs_watermark,0.0
paired_comparison.fan_out.capacity.credit.blocked_delta_vs_watermark,0.0
paired_comparison.fan_out.capacity.credit.no_progress_runs,0.0
paired_comparison.fan_out.capacity.credit.unfinished_runs,0
paired_comparison.fan_out.capacity.pi.p95_delta_vs_watermark,0.0
paired_comparison.fan_out.capacity.pi.throughput_delta_vs_watermark,0.0
paired_comparison.fan_out.capacity.pi.blocked_delta_vs_watermark,0.0
paired_comparison.fan_out.capacity.pi.no_progress_runs,0.0
paired_comparison.fan_out.capacity.pi.unfinished_runs,0
paired_comparison.fan_out.capacity.aimd:a=0.5:m=1.35.p95_delta_vs_watermark,6029.453333333333
paired_comparison.fan_out.capacity.aimd:a=0.5:m=1.35.throughput_delta_vs_watermark,0.11111111111111427
paired_comparison.fan_out.capacity.aimd:a=0.5:m=1.35.blocked_delta_vs_watermark,1846.7
paired_comparison.fan_out.capacity.aimd:a=0.5:m=1.35.no_progress_runs,0.0
paired_comparison.fan_out.capacity.aimd:a=0.5:m=1.35.unfinished_runs,0
paired_comparison.fan_out.capacity.aimd:a=0.5:m=1.8.p95_delta_vs_watermark,6273.169999999999
paired_comparison.fan_out.capacity.aimd:a=0.5:m=1.8.throughput_delta_vs_watermark,-0.28571428571428326
paired_comparison.fan_out.capacity.aimd:a=0.5:m=1.8.blocked_delta_vs_watermark,2342.866666666667
paired_comparison.fan_out.capacity.aimd:a=0.5:m=1.8.no_progress_runs,0.0
paired_comparison.fan_out.capacity.aimd:a=0.5:m=1.8.unfinished_runs,0
paired_comparison.fan_out.capacity.aimd:a=0.5:m=2.5.p95_delta_vs_watermark,6422.251666666666
paired_comparison.fan_out.capacity.aimd:a=0.5:m=2.5.throughput_delta_vs_watermark,-0.07936507936507932
paired_comparison.fan_out.capacity.aimd:a=0.5:m=2.5.blocked_delta_vs_watermark,2841.233333333333
paired_comparison.fan_out.capacity.aimd:a=0.5:m=2.5.no_progress_runs,0.0
paired_comparison.fan_out.capacity.aimd:a=0.5:m=2.5.unfinished_runs,0
paired_comparison.fan_out.capacity.aimd:a=1.0:m=1.35.p95_delta_vs_watermark,6029.453333333333
paired_comparison.fan_out.capacity.aimd:a=1.0:m=1.35.throughput_delta_vs_watermark,0.11111111111111427
paired_comparison.fan_out.capacity.aimd:a=1.0:m=1.35.blocked_delta_vs_watermark,1846.7
paired_comparison.fan_out.capacity.aimd:a=1.0:m=1.35.no_progress_runs,0.0
paired_comparison.fan_out.capacity.aimd:a=1.0:m=1.35.unfinished_runs,0
paired_comparison.fan_out.capacity.aimd:a=1.0:m=1.8.p95_delta_vs_watermark,6273.169999999999
paired_comparison.fan_out.capacity.aimd:a=1.0:m=1.8.throughput_delta_vs_watermark,-0.28571428571428326
paired_comparison.fan_out.capacity.aimd:a=1.0:m=1.8.blocked_delta_vs_watermark,2342.866666666667
paired_comparison.fan_out.capacity.aimd:a=1.0:m=1.8.no_progress_runs,0.0
paired_comparison.fan_out.capacity.aimd:a=1.0:m=1.8.unfinished_runs,0
paired_comparison.fan_out.capacity.aimd:a=1.0:m=2.5.p95_delta_vs_watermark,6422.251666666666
paired_comparison.fan_out.capacity.aimd:a=1.0:m=2.5.throughput_delta_vs_watermark,-0.07936507936507932
paired_comparison.fan_out.capacity.aimd:a=1.0:m=2.5.blocked_delta_vs_watermark,2841.233333333333
paired_comparison.fan_out.capacity.aimd:a=1.0:m=2.5.no_progress_runs,0.0
paired_comparison.fan_out.capacity.aimd:a=1.0:m=2.5.unfinished_runs,0
paired_comparison.fan_out.capacity.aimd:a=2.0:m=1.35.p95_delta_vs_watermark,6029.453333333333
paired_comparison.fan_out.capacity.aimd:a=2.0:m=1.35.throughput_delta_vs_watermark,0.11111111111111427
paired_comparison.fan_out.capacity.aimd:a=2.0:m=1.35.blocked_delta_vs_watermark,1846.7
paired_comparison.fan_out.capacity.aimd:a=2.0:m=1.35.no_progress_runs,0.0
paired_comparison.fan_out.capacity.aimd:a=2.0:m=1.35.unfinished_runs,0
paired_comparison.fan_out.capacity.aimd:a=2.0:m=1.8.p95_delta_vs_watermark,6273.169999999999
paired_comparison.fan_out.capacity.aimd:a=2.0:m=1.8.throughput_delta_vs_watermark,-0.28571428571428326
paired_comparison.fan_out.capacity.aimd:a=2.0:m=1.8.blocked_delta_vs_watermark,2342.866666666667
paired_comparison.fan_out.capacity.aimd:a=2.0:m=1.8.no_progress_runs,0.0
paired_comparison.fan_out.capacity.aimd:a=2.0:m=1.8.unfinished_runs,0
paired_comparison.fan_out.capacity.aimd:a=2.0:m=2.5.p95_delta_vs_watermark,6422.251666666666
paired_comparison.fan_out.capacity.aimd:a=2.0:m=2.5.throughput_delta_vs_watermark,-0.07936507936507932
paired_comparison.fan_out.capacity.aimd:a=2.0:m=2.5.blocked_delta_vs_watermark,2841.233333333333
paired_comparison.fan_out.capacity.aimd:a=2.0:m=2.5.no_progress_runs,0.0
paired_comparison.fan_out.capacity.aimd:a=2.0:m=2.5.unfinished_runs,0
paired_comparison.fan_out.over.reactive.p95_delta_vs_watermark,-60.993333333333325
paired_comparison.fan_out.over.reactive.throughput_delta_vs_watermark,-0.5238095238095165
paired_comparison.fan_out.over.reactive.blocked_delta_vs_watermark,3570.9333333333334
paired_comparison.fan_out.over.reactive.no_progress_runs,0.0
paired_comparison.fan_out.over.reactive.unfinished_runs,0
paired_comparison.fan_out.over.watermark.p95_delta_vs_watermark,0.0
paired_comparison.fan_out.over.watermark.throughput_delta_vs_watermark,0.0
paired_comparison.fan_out.over.watermark.blocked_delta_vs_watermark,0.0
paired_comparison.fan_out.over.watermark.no_progress_runs,0.0
paired_comparison.fan_out.over.watermark.unfinished_runs,0
paired_comparison.fan_out.over.credit.p95_delta_vs_watermark,-57.02833333333318
paired_comparison.fan_out.over.credit.throughput_delta_vs_watermark,-0.7301587301587366
paired_comparison.fan_out.over.credit.blocked_delta_vs_watermark,3.0
paired_comparison.fan_out.over.credit.no_progress_runs,0.0
paired_comparison.fan_out.over.credit.unfinished_runs,0
paired_comparison.fan_out.over.pi.p95_delta_vs_watermark,11.161666666666754
paired_comparison.fan_out.over.pi.throughput_delta_vs_watermark,-0.12698412698413034
paired_comparison.fan_out.over.pi.blocked_delta_vs_watermark,7.666666666666667
paired_comparison.fan_out.over.pi.no_progress_runs,0.0
paired_comparison.fan_out.over.pi.unfinished_runs,0
paired_comparison.fan_out.over.aimd:a=0.5:m=1.35.p95_delta_vs_watermark,13126.225
paired_comparison.fan_out.over.aimd:a=0.5:m=1.35.throughput_delta_vs_watermark,-70.3015873015873
paired_comparison.fan_out.over.aimd:a=0.5:m=1.35.blocked_delta_vs_watermark,12366.433333333332
paired_comparison.fan_out.over.aimd:a=0.5:m=1.35.no_progress_runs,0.0
paired_comparison.fan_out.over.aimd:a=0.5:m=1.35.unfinished_runs,30
paired_comparison.fan_out.over.aimd:a=0.5:m=1.8.p95_delta_vs_watermark,13242.35
paired_comparison.fan_out.over.aimd:a=0.5:m=1.8.throughput_delta_vs_watermark,-77.5238095238095
paired_comparison.fan_out.over.aimd:a=0.5:m=1.8.blocked_delta_vs_watermark,12121.166666666666
paired_comparison.fan_out.over.aimd:a=0.5:m=1.8.no_progress_runs,0.0
paired_comparison.fan_out.over.aimd:a=0.5:m=1.8.unfinished_runs,30
paired_comparison.fan_out.over.aimd:a=0.5:m=2.5.p95_delta_vs_watermark,13268.486666666666
paired_comparison.fan_out.over.aimd:a=0.5:m=2.5.throughput_delta_vs_watermark,-80.28571428571429
paired_comparison.fan_out.over.aimd:a=0.5:m=2.5.blocked_delta_vs_watermark,11972.033333333333
paired_comparison.fan_out.over.aimd:a=0.5:m=2.5.no_progress_runs,0.0
paired_comparison.fan_out.over.aimd:a=0.5:m=2.5.unfinished_runs,30
paired_comparison.fan_out.over.aimd:a=1.0:m=1.35.p95_delta_vs_watermark,13126.225
paired_comparison.fan_out.over.aimd:a=1.0:m=1.35.throughput_delta_vs_watermark,-70.3015873015873
paired_comparison.fan_out.over.aimd:a=1.0:m=1.35.blocked_delta_vs_watermark,12366.433333333332
paired_comparison.fan_out.over.aimd:a=1.0:m=1.35.no_progress_runs,0.0
paired_comparison.fan_out.over.aimd:a=1.0:m=1.35.unfinished_runs,30
paired_comparison.fan_out.over.aimd:a=1.0:m=1.8.p95_delta_vs_watermark,13242.35
paired_comparison.fan_out.over.aimd:a=1.0:m=1.8.throughput_delta_vs_watermark,-77.5238095238095
paired_comparison.fan_out.over.aimd:a=1.0:m=1.8.blocked_delta_vs_watermark,12121.166666666666
paired_comparison.fan_out.over.aimd:a=1.0:m=1.8.no_progress_runs,0.0
paired_comparison.fan_out.over.aimd:a=1.0:m=1.8.unfinished_runs,30
paired_comparison.fan_out.over.aimd:a=1.0:m=2.5.p95_delta_vs_watermark,13268.486666666666
paired_comparison.fan_out.over.aimd:a=1.0:m=2.5.throughput_delta_vs_watermark,-80.28571428571429
paired_comparison.fan_out.over.aimd:a=1.0:m=2.5.blocked_delta_vs_watermark,11972.033333333333
paired_comparison.fan_out.over.aimd:a=1.0:m=2.5.no_progress_runs,0.0
paired_comparison.fan_out.over.aimd:a=1.0:m=2.5.unfinished_runs,30
paired_comparison.fan_out.over.aimd:a=2.0:m=1.35.p95_delta_vs_watermark,13126.225
paired_comparison.fan_out.over.aimd:a=2.0:m=1.35.throughput_delta_vs_watermark,-70.3015873015873
paired_comparison.fan_out.over.aimd:a=2.0:m=1.35.blocked_delta_vs_watermark,12366.433333333332
paired_comparison.fan_out.over.aimd:a=2.0:m=1.35.no_progress_runs,0.0
paired_comparison.fan_out.over.aimd:a=2.0:m=1.35.unfinished_runs,30
paired_comparison.fan_out.over.aimd:a=2.0:m=1.8.p95_delta_vs_watermark,13242.35
paired_comparison.fan_out.over.aimd:a=2.0:m=1.8.throughput_delta_vs_watermark,-77.5238095238095
paired_comparison.fan_out.over.aimd:a=2.0:m=1.8.blocked_delta_vs_watermark,12121.166666666666
paired_comparison.fan_out.over.aimd:a=2.0:m=1.8.no_progress_runs,0.0
paired_comparison.fan_out.over.aimd:a=2.0:m=1.8.unfinished_runs,30
paired_comparison.fan_out.over.aimd:a=2.0:m=2.5.p95_delta_vs_watermark,13268.486666666666
paired_comparison.fan_out.over.aimd:a=2.0:m=2.5.throughput_delta_vs_watermark,-80.28571428571429
paired_comparison.fan_out.over.aimd:a=2.0:m=2.5.blocked_delta_vs_watermark,11972.033333333333
paired_comparison.fan_out.over.aimd:a=2.0:m=2.5.no_progress_runs,0.0
paired_comparison.fan_out.over.aimd:a=2.0:m=2.5.unfinished_runs,30
paired_comparison.diamond.under.reactive.p95_delta_vs_watermark,0.0
paired_comparison.diamond.under.reactive.throughput_delta_vs_watermark,0.0
paired_comparison.diamond.under.reactive.blocked_delta_vs_watermark,0.0
paired_comparison.diamond.under.reactive.no_progress_runs,0.0
paired_comparison.diamond.under.reactive.unfinished_runs,0
paired_comparison.diamond.under.watermark.p95_delta_vs_watermark,0.0
paired_comparison.diamond.under.watermark.throughput_delta_vs_watermark,0.0
paired_comparison.diamond.under.watermark.blocked_delta_vs_watermark,0.0
paired_comparison.diamond.under.watermark.no_progress_runs,0.0
paired_comparison.diamond.under.watermark.unfinished_runs,0
paired_comparison.diamond.under.credit.p95_delta_vs_watermark,0.0
paired_comparison.diamond.under.credit.throughput_delta_vs_watermark,0.0
paired_comparison.diamond.under.credit.blocked_delta_vs_watermark,0.0
paired_comparison.diamond.under.credit.no_progress_runs,0.0
paired_comparison.diamond.under.credit.unfinished_runs,0
paired_comparison.diamond.under.pi.p95_delta_vs_watermark,0.0
paired_comparison.diamond.under.pi.throughput_delta_vs_watermark,0.0
paired_comparison.diamond.under.pi.blocked_delta_vs_watermark,0.0
paired_comparison.diamond.under.pi.no_progress_runs,0.0
paired_comparison.diamond.under.pi.unfinished_runs,0
paired_comparison.diamond.under.aimd:a=0.5:m=1.35.p95_delta_vs_watermark,4678.676666666666
paired_comparison.diamond.under.aimd:a=0.5:m=1.35.throughput_delta_vs_watermark,-0.01587301587301534
paired_comparison.diamond.under.aimd:a=0.5:m=1.35.blocked_delta_vs_watermark,14523.766666666666
paired_comparison.diamond.under.aimd:a=0.5:m=1.35.no_progress_runs,30.0
paired_comparison.diamond.under.aimd:a=0.5:m=1.35.unfinished_runs,0
paired_comparison.diamond.under.aimd:a=0.5:m=1.8.p95_delta_vs_watermark,4905.696666666667
paired_comparison.diamond.under.aimd:a=0.5:m=1.8.throughput_delta_vs_watermark,0.08730158730158782
paired_comparison.diamond.under.aimd:a=0.5:m=1.8.blocked_delta_vs_watermark,15263.4
paired_comparison.diamond.under.aimd:a=0.5:m=1.8.no_progress_runs,30.0
paired_comparison.diamond.under.aimd:a=0.5:m=1.8.unfinished_runs,0
paired_comparison.diamond.under.aimd:a=0.5:m=2.5.p95_delta_vs_watermark,4960.985
paired_comparison.diamond.under.aimd:a=0.5:m=2.5.throughput_delta_vs_watermark,0.07936507936508073
paired_comparison.diamond.under.aimd:a=0.5:m=2.5.blocked_delta_vs_watermark,15329.833333333334
paired_comparison.diamond.under.aimd:a=0.5:m=2.5.no_progress_runs,30.0
paired_comparison.diamond.under.aimd:a=0.5:m=2.5.unfinished_runs,0
paired_comparison.diamond.under.aimd:a=1.0:m=1.35.p95_delta_vs_watermark,4678.676666666666
paired_comparison.diamond.under.aimd:a=1.0:m=1.35.throughput_delta_vs_watermark,-0.01587301587301534
paired_comparison.diamond.under.aimd:a=1.0:m=1.35.blocked_delta_vs_watermark,14523.766666666666
paired_comparison.diamond.under.aimd:a=1.0:m=1.35.no_progress_runs,30.0
paired_comparison.diamond.under.aimd:a=1.0:m=1.35.unfinished_runs,0
paired_comparison.diamond.under.aimd:a=1.0:m=1.8.p95_delta_vs_watermark,4905.696666666667
paired_comparison.diamond.under.aimd:a=1.0:m=1.8.throughput_delta_vs_watermark,0.08730158730158782
paired_comparison.diamond.under.aimd:a=1.0:m=1.8.blocked_delta_vs_watermark,15263.4
paired_comparison.diamond.under.aimd:a=1.0:m=1.8.no_progress_runs,30.0
paired_comparison.diamond.under.aimd:a=1.0:m=1.8.unfinished_runs,0
paired_comparison.diamond.under.aimd:a=1.0:m=2.5.p95_delta_vs_watermark,4960.985
paired_comparison.diamond.under.aimd:a=1.0:m=2.5.throughput_delta_vs_watermark,0.07936507936508073
paired_comparison.diamond.under.aimd:a=1.0:m=2.5.blocked_delta_vs_watermark,15329.833333333334
paired_comparison.diamond.under.aimd:a=1.0:m=2.5.no_progress_runs,30.0
paired_comparison.diamond.under.aimd:a=1.0:m=2.5.unfinished_runs,0
paired_comparison.diamond.under.aimd:a=2.0:m=1.35.p95_delta_vs_watermark,4678.676666666666
paired_comparison.diamond.under.aimd:a=2.0:m=1.35.throughput_delta_vs_watermark,-0.01587301587301534
paired_comparison.diamond.under.aimd:a=2.0:m=1.35.blocked_delta_vs_watermark,14523.766666666666
paired_comparison.diamond.under.aimd:a=2.0:m=1.35.no_progress_runs,30.0
paired_comparison.diamond.under.aimd:a=2.0:m=1.35.unfinished_runs,0
paired_comparison.diamond.under.aimd:a=2.0:m=1.8.p95_delta_vs_watermark,4905.696666666667
paired_comparison.diamond.under.aimd:a=2.0:m=1.8.throughput_delta_vs_watermark,0.08730158730158782
paired_comparison.diamond.under.aimd:a=2.0:m=1.8.blocked_delta_vs_watermark,15263.4
paired_comparison.diamond.under.aimd:a=2.0:m=1.8.no_progress_runs,30.0
paired_comparison.diamond.under.aimd:a=2.0:m=1.8.unfinished_runs,0
paired_comparison.diamond.under.aimd:a=2.0:m=2.5.p95_delta_vs_watermark,4960.985
paired_comparison.diamond.under.aimd:a=2.0:m=2.5.throughput_delta_vs_watermark,0.07936507936508073
paired_comparison.diamond.under.aimd:a=2.0:m=2.5.blocked_delta_vs_watermark,15329.833333333334
paired_comparison.diamond.under.aimd:a=2.0:m=2.5.no_progress_runs,30.0
paired_comparison.diamond.under.aimd:a=2.0:m=2.5.unfinished_runs,0
paired_comparison.diamond.capacity.reactive.p95_delta_vs_watermark,0.0
paired_comparison.diamond.capacity.reactive.throughput_delta_vs_watermark,0.0
paired_comparison.diamond.capacity.reactive.blocked_delta_vs_watermark,0.0
paired_comparison.diamond.capacity.reactive.no_progress_runs,0.0
paired_comparison.diamond.capacity.reactive.unfinished_runs,0
paired_comparison.diamond.capacity.watermark.p95_delta_vs_watermark,0.0
paired_comparison.diamond.capacity.watermark.throughput_delta_vs_watermark,0.0
paired_comparison.diamond.capacity.watermark.blocked_delta_vs_watermark,0.0
paired_comparison.diamond.capacity.watermark.no_progress_runs,0.0
paired_comparison.diamond.capacity.watermark.unfinished_runs,0
paired_comparison.diamond.capacity.credit.p95_delta_vs_watermark,0.0
paired_comparison.diamond.capacity.credit.throughput_delta_vs_watermark,0.0
paired_comparison.diamond.capacity.credit.blocked_delta_vs_watermark,0.0
paired_comparison.diamond.capacity.credit.no_progress_runs,0.0
paired_comparison.diamond.capacity.credit.unfinished_runs,0
paired_comparison.diamond.capacity.pi.p95_delta_vs_watermark,0.0
paired_comparison.diamond.capacity.pi.throughput_delta_vs_watermark,0.0
paired_comparison.diamond.capacity.pi.blocked_delta_vs_watermark,0.0
paired_comparison.diamond.capacity.pi.no_progress_runs,0.0
paired_comparison.diamond.capacity.pi.unfinished_runs,0
paired_comparison.diamond.capacity.aimd:a=0.5:m=1.35.p95_delta_vs_watermark,13321.238333333333
paired_comparison.diamond.capacity.aimd:a=0.5:m=1.35.throughput_delta_vs_watermark,0.04761904761904579
paired_comparison.diamond.capacity.aimd:a=0.5:m=1.35.blocked_delta_vs_watermark,34896.4
paired_comparison.diamond.capacity.aimd:a=0.5:m=1.35.no_progress_runs,30.0
paired_comparison.diamond.capacity.aimd:a=0.5:m=1.35.unfinished_runs,0
paired_comparison.diamond.capacity.aimd:a=0.5:m=1.8.p95_delta_vs_watermark,13646.106666666665
paired_comparison.diamond.capacity.aimd:a=0.5:m=1.8.throughput_delta_vs_watermark,0.1111111111111119
paired_comparison.diamond.capacity.aimd:a=0.5:m=1.8.blocked_delta_vs_watermark,35872.833333333336
paired_comparison.diamond.capacity.aimd:a=0.5:m=1.8.no_progress_runs,30.0
paired_comparison.diamond.capacity.aimd:a=0.5:m=1.8.unfinished_runs,0
paired_comparison.diamond.capacity.aimd:a=0.5:m=2.5.p95_delta_vs_watermark,13796.056666666665
paired_comparison.diamond.capacity.aimd:a=0.5:m=2.5.throughput_delta_vs_watermark,0.0793650793650779
paired_comparison.diamond.capacity.aimd:a=0.5:m=2.5.blocked_delta_vs_watermark,36135.03333333333
paired_comparison.diamond.capacity.aimd:a=0.5:m=2.5.no_progress_runs,30.0
paired_comparison.diamond.capacity.aimd:a=0.5:m=2.5.unfinished_runs,0
paired_comparison.diamond.capacity.aimd:a=1.0:m=1.35.p95_delta_vs_watermark,13321.238333333333
paired_comparison.diamond.capacity.aimd:a=1.0:m=1.35.throughput_delta_vs_watermark,0.04761904761904579
paired_comparison.diamond.capacity.aimd:a=1.0:m=1.35.blocked_delta_vs_watermark,34896.4
paired_comparison.diamond.capacity.aimd:a=1.0:m=1.35.no_progress_runs,30.0
paired_comparison.diamond.capacity.aimd:a=1.0:m=1.35.unfinished_runs,0
paired_comparison.diamond.capacity.aimd:a=1.0:m=1.8.p95_delta_vs_watermark,13646.106666666665
paired_comparison.diamond.capacity.aimd:a=1.0:m=1.8.throughput_delta_vs_watermark,0.1111111111111119
paired_comparison.diamond.capacity.aimd:a=1.0:m=1.8.blocked_delta_vs_watermark,35872.833333333336
paired_comparison.diamond.capacity.aimd:a=1.0:m=1.8.no_progress_runs,30.0
paired_comparison.diamond.capacity.aimd:a=1.0:m=1.8.unfinished_runs,0
paired_comparison.diamond.capacity.aimd:a=1.0:m=2.5.p95_delta_vs_watermark,13796.056666666665
paired_comparison.diamond.capacity.aimd:a=1.0:m=2.5.throughput_delta_vs_watermark,0.0793650793650779
paired_comparison.diamond.capacity.aimd:a=1.0:m=2.5.blocked_delta_vs_watermark,36135.03333333333
paired_comparison.diamond.capacity.aimd:a=1.0:m=2.5.no_progress_runs,30.0
paired_comparison.diamond.capacity.aimd:a=1.0:m=2.5.unfinished_runs,0
paired_comparison.diamond.capacity.aimd:a=2.0:m=1.35.p95_delta_vs_watermark,13321.238333333333
paired_comparison.diamond.capacity.aimd:a=2.0:m=1.35.throughput_delta_vs_watermark,0.04761904761904579
paired_comparison.diamond.capacity.aimd:a=2.0:m=1.35.blocked_delta_vs_watermark,34896.4
paired_comparison.diamond.capacity.aimd:a=2.0:m=1.35.no_progress_runs,30.0
paired_comparison.diamond.capacity.aimd:a=2.0:m=1.35.unfinished_runs,0
paired_comparison.diamond.capacity.aimd:a=2.0:m=1.8.p95_delta_vs_watermark,13646.106666666665
paired_comparison.diamond.capacity.aimd:a=2.0:m=1.8.throughput_delta_vs_watermark,0.1111111111111119
paired_comparison.diamond.capacity.aimd:a=2.0:m=1.8.blocked_delta_vs_watermark,35872.833333333336
paired_comparison.diamond.capacity.aimd:a=2.0:m=1.8.no_progress_runs,30.0
paired_comparison.diamond.capacity.aimd:a=2.0:m=1.8.unfinished_runs,0
paired_comparison.diamond.capacity.aimd:a=2.0:m=2.5.p95_delta_vs_watermark,13796.056666666665
paired_comparison.diamond.capacity.aimd:a=2.0:m=2.5.throughput_delta_vs_watermark,0.0793650793650779
paired_comparison.diamond.capacity.aimd:a=2.0:m=2.5.blocked_delta_vs_watermark,36135.03333333333
paired_comparison.diamond.capacity.aimd:a=2.0:m=2.5.no_progress_runs,30.0
paired_comparison.diamond.capacity.aimd:a=2.0:m=2.5.unfinished_runs,0
paired_comparison.diamond.over.reactive.p95_delta_vs_watermark,-83.54166666666674
paired_comparison.diamond.over.reactive.throughput_delta_vs_watermark,0.48412698412698113
paired_comparison.diamond.over.reactive.blocked_delta_vs_watermark,3731.4666666666667
paired_comparison.diamond.over.reactive.no_progress_runs,0.0
paired_comparison.diamond.over.reactive.unfinished_runs,0
paired_comparison.diamond.over.watermark.p95_delta_vs_watermark,0.0
paired_comparison.diamond.over.watermark.throughput_delta_vs_watermark,0.0
paired_comparison.diamond.over.watermark.blocked_delta_vs_watermark,0.0
paired_comparison.diamond.over.watermark.no_progress_runs,0.0
paired_comparison.diamond.over.watermark.unfinished_runs,0
paired_comparison.diamond.over.credit.p95_delta_vs_watermark,-89.43666666666672
paired_comparison.diamond.over.credit.throughput_delta_vs_watermark,0.03174603174602737
paired_comparison.diamond.over.credit.blocked_delta_vs_watermark,3.566666666666667
paired_comparison.diamond.over.credit.no_progress_runs,0.0
paired_comparison.diamond.over.credit.unfinished_runs,0
paired_comparison.diamond.over.pi.p95_delta_vs_watermark,-2.014999999999994
paired_comparison.diamond.over.pi.throughput_delta_vs_watermark,0.3174603174603116
paired_comparison.diamond.over.pi.blocked_delta_vs_watermark,127.66666666666667
paired_comparison.diamond.over.pi.no_progress_runs,0.0
paired_comparison.diamond.over.pi.unfinished_runs,0
paired_comparison.diamond.over.aimd:a=0.5:m=1.35.p95_delta_vs_watermark,14452.478333333333
paired_comparison.diamond.over.aimd:a=0.5:m=1.35.throughput_delta_vs_watermark,-112.12698412698413
paired_comparison.diamond.over.aimd:a=0.5:m=1.35.blocked_delta_vs_watermark,46345.7
paired_comparison.diamond.over.aimd:a=0.5:m=1.35.no_progress_runs,0.0
paired_comparison.diamond.over.aimd:a=0.5:m=1.35.unfinished_runs,30
paired_comparison.diamond.over.aimd:a=0.5:m=1.8.p95_delta_vs_watermark,14542.105000000001
paired_comparison.diamond.over.aimd:a=0.5:m=1.8.throughput_delta_vs_watermark,-113.97619047619047
paired_comparison.diamond.over.aimd:a=0.5:m=1.8.blocked_delta_vs_watermark,42364.833333333336
paired_comparison.diamond.over.aimd:a=0.5:m=1.8.no_progress_runs,0.0
paired_comparison.diamond.over.aimd:a=0.5:m=1.8.unfinished_runs,30
paired_comparison.diamond.over.aimd:a=0.5:m=2.5.p95_delta_vs_watermark,14540.508333333333
paired_comparison.diamond.over.aimd:a=0.5:m=2.5.throughput_delta_vs_watermark,-114.8015873015873
paired_comparison.diamond.over.aimd:a=0.5:m=2.5.blocked_delta_vs_watermark,41465.8
paired_comparison.diamond.over.aimd:a=0.5:m=2.5.no_progress_runs,0.0
paired_comparison.diamond.over.aimd:a=0.5:m=2.5.unfinished_runs,30
paired_comparison.diamond.over.aimd:a=1.0:m=1.35.p95_delta_vs_watermark,14452.478333333333
paired_comparison.diamond.over.aimd:a=1.0:m=1.35.throughput_delta_vs_watermark,-112.12698412698413
paired_comparison.diamond.over.aimd:a=1.0:m=1.35.blocked_delta_vs_watermark,46345.7
paired_comparison.diamond.over.aimd:a=1.0:m=1.35.no_progress_runs,0.0
paired_comparison.diamond.over.aimd:a=1.0:m=1.35.unfinished_runs,30
paired_comparison.diamond.over.aimd:a=1.0:m=1.8.p95_delta_vs_watermark,14542.105000000001
paired_comparison.diamond.over.aimd:a=1.0:m=1.8.throughput_delta_vs_watermark,-113.97619047619047
paired_comparison.diamond.over.aimd:a=1.0:m=1.8.blocked_delta_vs_watermark,42364.833333333336
paired_comparison.diamond.over.aimd:a=1.0:m=1.8.no_progress_runs,0.0
paired_comparison.diamond.over.aimd:a=1.0:m=1.8.unfinished_runs,30
paired_comparison.diamond.over.aimd:a=1.0:m=2.5.p95_delta_vs_watermark,14540.508333333333
paired_comparison.diamond.over.aimd:a=1.0:m=2.5.throughput_delta_vs_watermark,-114.8015873015873
paired_comparison.diamond.over.aimd:a=1.0:m=2.5.blocked_delta_vs_watermark,41465.8
paired_comparison.diamond.over.aimd:a=1.0:m=2.5.no_progress_runs,0.0
paired_comparison.diamond.over.aimd:a=1.0:m=2.5.unfinished_runs,30
paired_comparison.diamond.over.aimd:a=2.0:m=1.35.p95_delta_vs_watermark,14452.478333333333
paired_comparison.diamond.over.aimd:a=2.0:m=1.35.throughput_delta_vs_watermark,-112.12698412698413
paired_comparison.diamond.over.aimd:a=2.0:m=1.35.blocked_delta_vs_watermark,46345.7
paired_comparison.diamond.over.aimd:a=2.0:m=1.35.no_progress_runs,0.0
paired_comparison.diamond.over.aimd:a=2.0:m=1.35.unfinished_runs,30
paired_comparison.diamond.over.aimd:a=2.0:m=1.8.p95_delta_vs_watermark,14542.105000000001
paired_comparison.diamond.over.aimd:a=2.0:m=1.8.throughput_delta_vs_watermark,-113.97619047619047
paired_comparison.diamond.over.aimd:a=2.0:m=1.8.blocked_delta_vs_watermark,42364.833333333336
paired_comparison.diamond.over.aimd:a=2.0:m=1.8.no_progress_runs,0.0
paired_comparison.diamond.over.aimd:a=2.0:m=1.8.unfinished_runs,30
paired_comparison.diamond.over.aimd:a=2.0:m=2.5.p95_delta_vs_watermark,14540.508333333333
paired_comparison.diamond.over.aimd:a=2.0:m=2.5.throughput_delta_vs_watermark,-114.8015873015873
paired_comparison.diamond.over.aimd:a=2.0:m=2.5.blocked_delta_vs_watermark,41465.8
paired_comparison.diamond.over.aimd:a=2.0:m=2.5.no_progress_runs,0.0
paired_comparison.diamond.over.aimd:a=2.0:m=2.5.unfinished_runs,30
paired_comparison.self_loop.under.reactive.p95_delta_vs_watermark,0.0
paired_comparison.self_loop.under.reactive.throughput_delta_vs_watermark,0.0
paired_comparison.self_loop.under.reactive.blocked_delta_vs_watermark,0.0
paired_comparison.self_loop.under.reactive.no_progress_runs,0.0
paired_comparison.self_loop.under.reactive.unfinished_runs,0
paired_comparison.self_loop.under.watermark.p95_delta_vs_watermark,0.0
paired_comparison.self_loop.under.watermark.throughput_delta_vs_watermark,0.0
paired_comparison.self_loop.under.watermark.blocked_delta_vs_watermark,0.0
paired_comparison.self_loop.under.watermark.no_progress_runs,0.0
paired_comparison.self_loop.under.watermark.unfinished_runs,0
paired_comparison.self_loop.under.credit.p95_delta_vs_watermark,0.0
paired_comparison.self_loop.under.credit.throughput_delta_vs_watermark,0.0
paired_comparison.self_loop.under.credit.blocked_delta_vs_watermark,0.0
paired_comparison.self_loop.under.credit.no_progress_runs,0.0
paired_comparison.self_loop.under.credit.unfinished_runs,0
paired_comparison.self_loop.under.pi.p95_delta_vs_watermark,0.0
paired_comparison.self_loop.under.pi.throughput_delta_vs_watermark,0.0
paired_comparison.self_loop.under.pi.blocked_delta_vs_watermark,0.0
paired_comparison.self_loop.under.pi.no_progress_runs,0.0
paired_comparison.self_loop.under.pi.unfinished_runs,0
paired_comparison.self_loop.under.aimd:a=0.5:m=1.35.p95_delta_vs_watermark,405.055
paired_comparison.self_loop.under.aimd:a=0.5:m=1.35.throughput_delta_vs_watermark,-43.54761904761905
paired_comparison.self_loop.under.aimd:a=0.5:m=1.35.blocked_delta_vs_watermark,18540.4
paired_comparison.self_loop.under.aimd:a=0.5:m=1.35.no_progress_runs,30.0
paired_comparison.self_loop.under.aimd:a=0.5:m=1.35.unfinished_runs,30
paired_comparison.self_loop.under.aimd:a=0.5:m=1.8.p95_delta_vs_watermark,419.9116666666667
paired_comparison.self_loop.under.aimd:a=0.5:m=1.8.throughput_delta_vs_watermark,-45.15873015873016
paired_comparison.self_loop.under.aimd:a=0.5:m=1.8.blocked_delta_vs_watermark,18675.433333333334
paired_comparison.self_loop.under.aimd:a=0.5:m=1.8.no_progress_runs,30.0
paired_comparison.self_loop.under.aimd:a=0.5:m=1.8.unfinished_runs,30
paired_comparison.self_loop.under.aimd:a=0.5:m=2.5.p95_delta_vs_watermark,432.73499999999996
paired_comparison.self_loop.under.aimd:a=0.5:m=2.5.throughput_delta_vs_watermark,-45.746031746031754
paired_comparison.self_loop.under.aimd:a=0.5:m=2.5.blocked_delta_vs_watermark,18719.5
paired_comparison.self_loop.under.aimd:a=0.5:m=2.5.no_progress_runs,30.0
paired_comparison.self_loop.under.aimd:a=0.5:m=2.5.unfinished_runs,30
paired_comparison.self_loop.under.aimd:a=1.0:m=1.35.p95_delta_vs_watermark,405.055
paired_comparison.self_loop.under.aimd:a=1.0:m=1.35.throughput_delta_vs_watermark,-43.54761904761905
paired_comparison.self_loop.under.aimd:a=1.0:m=1.35.blocked_delta_vs_watermark,18540.4
paired_comparison.self_loop.under.aimd:a=1.0:m=1.35.no_progress_runs,30.0
paired_comparison.self_loop.under.aimd:a=1.0:m=1.35.unfinished_runs,30
paired_comparison.self_loop.under.aimd:a=1.0:m=1.8.p95_delta_vs_watermark,419.9116666666667
paired_comparison.self_loop.under.aimd:a=1.0:m=1.8.throughput_delta_vs_watermark,-45.15873015873016
paired_comparison.self_loop.under.aimd:a=1.0:m=1.8.blocked_delta_vs_watermark,18675.433333333334
paired_comparison.self_loop.under.aimd:a=1.0:m=1.8.no_progress_runs,30.0
paired_comparison.self_loop.under.aimd:a=1.0:m=1.8.unfinished_runs,30
paired_comparison.self_loop.under.aimd:a=1.0:m=2.5.p95_delta_vs_watermark,432.73499999999996
paired_comparison.self_loop.under.aimd:a=1.0:m=2.5.throughput_delta_vs_watermark,-45.746031746031754
paired_comparison.self_loop.under.aimd:a=1.0:m=2.5.blocked_delta_vs_watermark,18719.5
paired_comparison.self_loop.under.aimd:a=1.0:m=2.5.no_progress_runs,30.0
paired_comparison.self_loop.under.aimd:a=1.0:m=2.5.unfinished_runs,30
paired_comparison.self_loop.under.aimd:a=2.0:m=1.35.p95_delta_vs_watermark,405.055
paired_comparison.self_loop.under.aimd:a=2.0:m=1.35.throughput_delta_vs_watermark,-43.54761904761905
paired_comparison.self_loop.under.aimd:a=2.0:m=1.35.blocked_delta_vs_watermark,18540.4
paired_comparison.self_loop.under.aimd:a=2.0:m=1.35.no_progress_runs,30.0
paired_comparison.self_loop.under.aimd:a=2.0:m=1.35.unfinished_runs,30
paired_comparison.self_loop.under.aimd:a=2.0:m=1.8.p95_delta_vs_watermark,419.9116666666667
paired_comparison.self_loop.under.aimd:a=2.0:m=1.8.throughput_delta_vs_watermark,-45.15873015873016
paired_comparison.self_loop.under.aimd:a=2.0:m=1.8.blocked_delta_vs_watermark,18675.433333333334
paired_comparison.self_loop.under.aimd:a=2.0:m=1.8.no_progress_runs,30.0
paired_comparison.self_loop.under.aimd:a=2.0:m=1.8.unfinished_runs,30
paired_comparison.self_loop.under.aimd:a=2.0:m=2.5.p95_delta_vs_watermark,432.73499999999996
paired_comparison.self_loop.under.aimd:a=2.0:m=2.5.throughput_delta_vs_watermark,-45.746031746031754
paired_comparison.self_loop.under.aimd:a=2.0:m=2.5.blocked_delta_vs_watermark,18719.5
paired_comparison.self_loop.under.aimd:a=2.0:m=2.5.no_progress_runs,30.0
paired_comparison.self_loop.under.aimd:a=2.0:m=2.5.unfinished_runs,30
paired_comparison.self_loop.capacity.reactive.p95_delta_vs_watermark,0.0
paired_comparison.self_loop.capacity.reactive.throughput_delta_vs_watermark,0.0
paired_comparison.self_loop.capacity.reactive.blocked_delta_vs_watermark,0.0
paired_comparison.self_loop.capacity.reactive.no_progress_runs,0.0
paired_comparison.self_loop.capacity.reactive.unfinished_runs,0
paired_comparison.self_loop.capacity.watermark.p95_delta_vs_watermark,0.0
paired_comparison.self_loop.capacity.watermark.throughput_delta_vs_watermark,0.0
paired_comparison.self_loop.capacity.watermark.blocked_delta_vs_watermark,0.0
paired_comparison.self_loop.capacity.watermark.no_progress_runs,0.0
paired_comparison.self_loop.capacity.watermark.unfinished_runs,0
paired_comparison.self_loop.capacity.credit.p95_delta_vs_watermark,0.0
paired_comparison.self_loop.capacity.credit.throughput_delta_vs_watermark,0.0
paired_comparison.self_loop.capacity.credit.blocked_delta_vs_watermark,0.0
paired_comparison.self_loop.capacity.credit.no_progress_runs,0.0
paired_comparison.self_loop.capacity.credit.unfinished_runs,0
paired_comparison.self_loop.capacity.pi.p95_delta_vs_watermark,0.0
paired_comparison.self_loop.capacity.pi.throughput_delta_vs_watermark,0.0
paired_comparison.self_loop.capacity.pi.blocked_delta_vs_watermark,0.0
paired_comparison.self_loop.capacity.pi.no_progress_runs,0.0
paired_comparison.self_loop.capacity.pi.unfinished_runs,0
paired_comparison.self_loop.capacity.aimd:a=0.5:m=1.35.p95_delta_vs_watermark,229.13999999999996
paired_comparison.self_loop.capacity.aimd:a=0.5:m=1.35.throughput_delta_vs_watermark,-92.69047619047619
paired_comparison.self_loop.capacity.aimd:a=0.5:m=1.35.blocked_delta_vs_watermark,19220.266666666666
paired_comparison.self_loop.capacity.aimd:a=0.5:m=1.35.no_progress_runs,30.0
paired_comparison.self_loop.capacity.aimd:a=0.5:m=1.35.unfinished_runs,30
paired_comparison.self_loop.capacity.aimd:a=0.5:m=1.8.p95_delta_vs_watermark,224.55499999999998
paired_comparison.self_loop.capacity.aimd:a=0.5:m=1.8.throughput_delta_vs_watermark,-95.25396825396825
paired_comparison.self_loop.capacity.aimd:a=0.5:m=1.8.blocked_delta_vs_watermark,19331.133333333335
paired_comparison.self_loop.capacity.aimd:a=0.5:m=1.8.no_progress_runs,30.0
paired_comparison.self_loop.capacity.aimd:a=0.5:m=1.8.unfinished_runs,30
paired_comparison.self_loop.capacity.aimd:a=0.5:m=2.5.p95_delta_vs_watermark,236.08166666666665
paired_comparison.self_loop.capacity.aimd:a=0.5:m=2.5.throughput_delta_vs_watermark,-95.80952380952381
paired_comparison.self_loop.capacity.aimd:a=0.5:m=2.5.blocked_delta_vs_watermark,19346.566666666666
paired_comparison.self_loop.capacity.aimd:a=0.5:m=2.5.no_progress_runs,30.0
paired_comparison.self_loop.capacity.aimd:a=0.5:m=2.5.unfinished_runs,30
paired_comparison.self_loop.capacity.aimd:a=1.0:m=1.35.p95_delta_vs_watermark,229.13999999999996
paired_comparison.self_loop.capacity.aimd:a=1.0:m=1.35.throughput_delta_vs_watermark,-92.69047619047619
paired_comparison.self_loop.capacity.aimd:a=1.0:m=1.35.blocked_delta_vs_watermark,19220.266666666666
paired_comparison.self_loop.capacity.aimd:a=1.0:m=1.35.no_progress_runs,30.0
paired_comparison.self_loop.capacity.aimd:a=1.0:m=1.35.unfinished_runs,30
paired_comparison.self_loop.capacity.aimd:a=1.0:m=1.8.p95_delta_vs_watermark,224.55499999999998
paired_comparison.self_loop.capacity.aimd:a=1.0:m=1.8.throughput_delta_vs_watermark,-95.25396825396825
paired_comparison.self_loop.capacity.aimd:a=1.0:m=1.8.blocked_delta_vs_watermark,19331.133333333335
paired_comparison.self_loop.capacity.aimd:a=1.0:m=1.8.no_progress_runs,30.0
paired_comparison.self_loop.capacity.aimd:a=1.0:m=1.8.unfinished_runs,30
paired_comparison.self_loop.capacity.aimd:a=1.0:m=2.5.p95_delta_vs_watermark,236.08166666666665
paired_comparison.self_loop.capacity.aimd:a=1.0:m=2.5.throughput_delta_vs_watermark,-95.80952380952381
paired_comparison.self_loop.capacity.aimd:a=1.0:m=2.5.blocked_delta_vs_watermark,19346.566666666666
paired_comparison.self_loop.capacity.aimd:a=1.0:m=2.5.no_progress_runs,30.0
paired_comparison.self_loop.capacity.aimd:a=1.0:m=2.5.unfinished_runs,30
paired_comparison.self_loop.capacity.aimd:a=2.0:m=1.35.p95_delta_vs_watermark,229.13999999999996
paired_comparison.self_loop.capacity.aimd:a=2.0:m=1.35.throughput_delta_vs_watermark,-92.69047619047619
paired_comparison.self_loop.capacity.aimd:a=2.0:m=1.35.blocked_delta_vs_watermark,19220.266666666666
paired_comparison.self_loop.capacity.aimd:a=2.0:m=1.35.no_progress_runs,30.0
paired_comparison.self_loop.capacity.aimd:a=2.0:m=1.35.unfinished_runs,30
paired_comparison.self_loop.capacity.aimd:a=2.0:m=1.8.p95_delta_vs_watermark,224.55499999999998
paired_comparison.self_loop.capacity.aimd:a=2.0:m=1.8.throughput_delta_vs_watermark,-95.25396825396825
paired_comparison.self_loop.capacity.aimd:a=2.0:m=1.8.blocked_delta_vs_watermark,19331.133333333335
paired_comparison.self_loop.capacity.aimd:a=2.0:m=1.8.no_progress_runs,30.0
paired_comparison.self_loop.capacity.aimd:a=2.0:m=1.8.unfinished_runs,30
paired_comparison.self_loop.capacity.aimd:a=2.0:m=2.5.p95_delta_vs_watermark,236.08166666666665
paired_comparison.self_loop.capacity.aimd:a=2.0:m=2.5.throughput_delta_vs_watermark,-95.80952380952381
paired_comparison.self_loop.capacity.aimd:a=2.0:m=2.5.blocked_delta_vs_watermark,19346.566666666666
paired_comparison.self_loop.capacity.aimd:a=2.0:m=2.5.no_progress_runs,30.0
paired_comparison.self_loop.capacity.aimd:a=2.0:m=2.5.unfinished_runs,30
paired_comparison.self_loop.over.reactive.p95_delta_vs_watermark,23.946666666666665
paired_comparison.self_loop.over.reactive.throughput_delta_vs_watermark,3.0952380952380953
paired_comparison.self_loop.over.reactive.blocked_delta_vs_watermark,19886.033333333333
paired_comparison.self_loop.over.reactive.no_progress_runs,30.0
paired_comparison.self_loop.over.reactive.unfinished_runs,30
paired_comparison.self_loop.over.watermark.p95_delta_vs_watermark,0.0
paired_comparison.self_loop.over.watermark.throughput_delta_vs_watermark,0.0
paired_comparison.self_loop.over.watermark.blocked_delta_vs_watermark,0.0
paired_comparison.self_loop.over.watermark.no_progress_runs,30.0
paired_comparison.self_loop.over.watermark.unfinished_runs,30
paired_comparison.self_loop.over.credit.p95_delta_vs_watermark,15.095000000000002
paired_comparison.self_loop.over.credit.throughput_delta_vs_watermark,2.007936507936508
paired_comparison.self_loop.over.credit.blocked_delta_vs_watermark,3.566666666666667
paired_comparison.self_loop.over.credit.no_progress_runs,30.0
paired_comparison.self_loop.over.credit.unfinished_runs,30
paired_comparison.self_loop.over.pi.p95_delta_vs_watermark,28.841666666666665
paired_comparison.self_loop.over.pi.throughput_delta_vs_watermark,1.047619047619048
paired_comparison.self_loop.over.pi.blocked_delta_vs_watermark,19902.666666666668
paired_comparison.self_loop.over.pi.no_progress_runs,30.0
paired_comparison.self_loop.over.pi.unfinished_runs,30
paired_comparison.self_loop.over.aimd:a=0.5:m=1.35.p95_delta_vs_watermark,30.946666666666655
paired_comparison.self_loop.over.aimd:a=0.5:m=1.35.throughput_delta_vs_watermark,-2.53968253968254
paired_comparison.self_loop.over.aimd:a=0.5:m=1.35.blocked_delta_vs_watermark,19945.266666666666
paired_comparison.self_loop.over.aimd:a=0.5:m=1.35.no_progress_runs,30.0
paired_comparison.self_loop.over.aimd:a=0.5:m=1.35.unfinished_runs,30
paired_comparison.self_loop.over.aimd:a=0.5:m=1.8.p95_delta_vs_watermark,21.421666666666656
paired_comparison.self_loop.over.aimd:a=0.5:m=1.8.throughput_delta_vs_watermark,-4.761904761904762
paired_comparison.self_loop.over.aimd:a=0.5:m=1.8.blocked_delta_vs_watermark,19948.333333333332
paired_comparison.self_loop.over.aimd:a=0.5:m=1.8.no_progress_runs,30.0
paired_comparison.self_loop.over.aimd:a=0.5:m=1.8.unfinished_runs,30
paired_comparison.self_loop.over.aimd:a=0.5:m=2.5.p95_delta_vs_watermark,12.141666666666664
paired_comparison.self_loop.over.aimd:a=0.5:m=2.5.throughput_delta_vs_watermark,-5.746031746031746
paired_comparison.self_loop.over.aimd:a=0.5:m=2.5.blocked_delta_vs_watermark,19960.133333333335
paired_comparison.self_loop.over.aimd:a=0.5:m=2.5.no_progress_runs,30.0
paired_comparison.self_loop.over.aimd:a=0.5:m=2.5.unfinished_runs,30
paired_comparison.self_loop.over.aimd:a=1.0:m=1.35.p95_delta_vs_watermark,30.946666666666655
paired_comparison.self_loop.over.aimd:a=1.0:m=1.35.throughput_delta_vs_watermark,-2.53968253968254
paired_comparison.self_loop.over.aimd:a=1.0:m=1.35.blocked_delta_vs_watermark,19945.266666666666
paired_comparison.self_loop.over.aimd:a=1.0:m=1.35.no_progress_runs,30.0
paired_comparison.self_loop.over.aimd:a=1.0:m=1.35.unfinished_runs,30
paired_comparison.self_loop.over.aimd:a=1.0:m=1.8.p95_delta_vs_watermark,21.421666666666656
paired_comparison.self_loop.over.aimd:a=1.0:m=1.8.throughput_delta_vs_watermark,-4.761904761904762
paired_comparison.self_loop.over.aimd:a=1.0:m=1.8.blocked_delta_vs_watermark,19948.333333333332
paired_comparison.self_loop.over.aimd:a=1.0:m=1.8.no_progress_runs,30.0
paired_comparison.self_loop.over.aimd:a=1.0:m=1.8.unfinished_runs,30
paired_comparison.self_loop.over.aimd:a=1.0:m=2.5.p95_delta_vs_watermark,12.141666666666664
paired_comparison.self_loop.over.aimd:a=1.0:m=2.5.throughput_delta_vs_watermark,-5.746031746031746
paired_comparison.self_loop.over.aimd:a=1.0:m=2.5.blocked_delta_vs_watermark,19960.133333333335
paired_comparison.self_loop.over.aimd:a=1.0:m=2.5.no_progress_runs,30.0
paired_comparison.self_loop.over.aimd:a=1.0:m=2.5.unfinished_runs,30
paired_comparison.self_loop.over.aimd:a=2.0:m=1.35.p95_delta_vs_watermark,30.946666666666655
paired_comparison.self_loop.over.aimd:a=2.0:m=1.35.throughput_delta_vs_watermark,-2.53968253968254
paired_comparison.self_loop.over.aimd:a=2.0:m=1.35.blocked_delta_vs_watermark,19945.266666666666
paired_comparison.self_loop.over.aimd:a=2.0:m=1.35.no_progress_runs,30.0
paired_comparison.self_loop.over.aimd:a=2.0:m=1.35.unfinished_runs,30
paired_comparison.self_loop.over.aimd:a=2.0:m=1.8.p95_delta_vs_watermark,21.421666666666656
paired_comparison.self_loop.over.aimd:a=2.0:m=1.8.throughput_delta_vs_watermark,-4.761904761904762
paired_comparison.self_loop.over.aimd:a=2.0:m=1.8.blocked_delta_vs_watermark,19948.333333333332
paired_comparison.self_loop.over.aimd:a=2.0:m=1.8.no_progress_runs,30.0
paired_comparison.self_loop.over.aimd:a=2.0:m=1.8.unfinished_runs,30
paired_comparison.self_loop.over.aimd:a=2.0:m=2.5.p95_delta_vs_watermark,12.141666666666664
paired_comparison.self_loop.over.aimd:a=2.0:m=2.5.throughput_delta_vs_watermark,-5.746031746031746
paired_comparison.self_loop.over.aimd:a=2.0:m=2.5.blocked_delta_vs_watermark,19960.133333333335
paired_comparison.self_loop.over.aimd:a=2.0:m=2.5.no_progress_runs,30.0
paired_comparison.self_loop.over.aimd:a=2.0:m=2.5.unfinished_runs,30
paired_comparison.two_cycle.under.reactive.p95_delta_vs_watermark,0.0
paired_comparison.two_cycle.under.reactive.throughput_delta_vs_watermark,0.0
paired_comparison.two_cycle.under.reactive.blocked_delta_vs_watermark,0.0
paired_comparison.two_cycle.under.reactive.no_progress_runs,0.0
paired_comparison.two_cycle.under.reactive.unfinished_runs,0
paired_comparison.two_cycle.under.watermark.p95_delta_vs_watermark,0.0
paired_comparison.two_cycle.under.watermark.throughput_delta_vs_watermark,0.0
paired_comparison.two_cycle.under.watermark.blocked_delta_vs_watermark,0.0
paired_comparison.two_cycle.under.watermark.no_progress_runs,0.0
paired_comparison.two_cycle.under.watermark.unfinished_runs,0
paired_comparison.two_cycle.under.credit.p95_delta_vs_watermark,0.0
paired_comparison.two_cycle.under.credit.throughput_delta_vs_watermark,0.0
paired_comparison.two_cycle.under.credit.blocked_delta_vs_watermark,0.0
paired_comparison.two_cycle.under.credit.no_progress_runs,0.0
paired_comparison.two_cycle.under.credit.unfinished_runs,0
paired_comparison.two_cycle.under.pi.p95_delta_vs_watermark,0.0
paired_comparison.two_cycle.under.pi.throughput_delta_vs_watermark,0.0
paired_comparison.two_cycle.under.pi.blocked_delta_vs_watermark,0.0
paired_comparison.two_cycle.under.pi.no_progress_runs,0.0
paired_comparison.two_cycle.under.pi.unfinished_runs,0
paired_comparison.two_cycle.under.aimd:a=0.5:m=1.35.p95_delta_vs_watermark,1519.5433333333333
paired_comparison.two_cycle.under.aimd:a=0.5:m=1.35.throughput_delta_vs_watermark,-0.0952380952380968
paired_comparison.two_cycle.under.aimd:a=0.5:m=1.35.blocked_delta_vs_watermark,-313.7
paired_comparison.two_cycle.under.aimd:a=0.5:m=1.35.no_progress_runs,0.0
paired_comparison.two_cycle.under.aimd:a=0.5:m=1.35.unfinished_runs,0
paired_comparison.two_cycle.under.aimd:a=0.5:m=1.8.p95_delta_vs_watermark,1644.7233333333331
paired_comparison.two_cycle.under.aimd:a=0.5:m=1.8.throughput_delta_vs_watermark,0.015873015873016528
paired_comparison.two_cycle.under.aimd:a=0.5:m=1.8.blocked_delta_vs_watermark,-321.06666666666666
paired_comparison.two_cycle.under.aimd:a=0.5:m=1.8.no_progress_runs,0.0
paired_comparison.two_cycle.under.aimd:a=0.5:m=1.8.unfinished_runs,0
paired_comparison.two_cycle.under.aimd:a=0.5:m=2.5.p95_delta_vs_watermark,1673.8916666666664
paired_comparison.two_cycle.under.aimd:a=0.5:m=2.5.throughput_delta_vs_watermark,0.07936507936507932
paired_comparison.two_cycle.under.aimd:a=0.5:m=2.5.blocked_delta_vs_watermark,-324.4
paired_comparison.two_cycle.under.aimd:a=0.5:m=2.5.no_progress_runs,0.0
paired_comparison.two_cycle.under.aimd:a=0.5:m=2.5.unfinished_runs,0
paired_comparison.two_cycle.under.aimd:a=1.0:m=1.35.p95_delta_vs_watermark,1519.5433333333333
paired_comparison.two_cycle.under.aimd:a=1.0:m=1.35.throughput_delta_vs_watermark,-0.0952380952380968
paired_comparison.two_cycle.under.aimd:a=1.0:m=1.35.blocked_delta_vs_watermark,-313.7
paired_comparison.two_cycle.under.aimd:a=1.0:m=1.35.no_progress_runs,0.0
paired_comparison.two_cycle.under.aimd:a=1.0:m=1.35.unfinished_runs,0
paired_comparison.two_cycle.under.aimd:a=1.0:m=1.8.p95_delta_vs_watermark,1644.7233333333331
paired_comparison.two_cycle.under.aimd:a=1.0:m=1.8.throughput_delta_vs_watermark,0.015873015873016528
paired_comparison.two_cycle.under.aimd:a=1.0:m=1.8.blocked_delta_vs_watermark,-321.06666666666666
paired_comparison.two_cycle.under.aimd:a=1.0:m=1.8.no_progress_runs,0.0
paired_comparison.two_cycle.under.aimd:a=1.0:m=1.8.unfinished_runs,0
paired_comparison.two_cycle.under.aimd:a=1.0:m=2.5.p95_delta_vs_watermark,1673.8916666666664
paired_comparison.two_cycle.under.aimd:a=1.0:m=2.5.throughput_delta_vs_watermark,0.07936507936507932
paired_comparison.two_cycle.under.aimd:a=1.0:m=2.5.blocked_delta_vs_watermark,-324.4
paired_comparison.two_cycle.under.aimd:a=1.0:m=2.5.no_progress_runs,0.0
paired_comparison.two_cycle.under.aimd:a=1.0:m=2.5.unfinished_runs,0
paired_comparison.two_cycle.under.aimd:a=2.0:m=1.35.p95_delta_vs_watermark,1519.5433333333333
paired_comparison.two_cycle.under.aimd:a=2.0:m=1.35.throughput_delta_vs_watermark,-0.0952380952380968
paired_comparison.two_cycle.under.aimd:a=2.0:m=1.35.blocked_delta_vs_watermark,-313.7
paired_comparison.two_cycle.under.aimd:a=2.0:m=1.35.no_progress_runs,0.0
paired_comparison.two_cycle.under.aimd:a=2.0:m=1.35.unfinished_runs,0
paired_comparison.two_cycle.under.aimd:a=2.0:m=1.8.p95_delta_vs_watermark,1644.7233333333331
paired_comparison.two_cycle.under.aimd:a=2.0:m=1.8.throughput_delta_vs_watermark,0.015873015873016528
paired_comparison.two_cycle.under.aimd:a=2.0:m=1.8.blocked_delta_vs_watermark,-321.06666666666666
paired_comparison.two_cycle.under.aimd:a=2.0:m=1.8.no_progress_runs,0.0
paired_comparison.two_cycle.under.aimd:a=2.0:m=1.8.unfinished_runs,0
paired_comparison.two_cycle.under.aimd:a=2.0:m=2.5.p95_delta_vs_watermark,1673.8916666666664
paired_comparison.two_cycle.under.aimd:a=2.0:m=2.5.throughput_delta_vs_watermark,0.07936507936507932
paired_comparison.two_cycle.under.aimd:a=2.0:m=2.5.blocked_delta_vs_watermark,-324.4
paired_comparison.two_cycle.under.aimd:a=2.0:m=2.5.no_progress_runs,0.0
paired_comparison.two_cycle.under.aimd:a=2.0:m=2.5.unfinished_runs,0
paired_comparison.two_cycle.capacity.reactive.p95_delta_vs_watermark,0.0
paired_comparison.two_cycle.capacity.reactive.throughput_delta_vs_watermark,0.0
paired_comparison.two_cycle.capacity.reactive.blocked_delta_vs_watermark,0.0
paired_comparison.two_cycle.capacity.reactive.no_progress_runs,0.0
paired_comparison.two_cycle.capacity.reactive.unfinished_runs,0
paired_comparison.two_cycle.capacity.watermark.p95_delta_vs_watermark,0.0
paired_comparison.two_cycle.capacity.watermark.throughput_delta_vs_watermark,0.0
paired_comparison.two_cycle.capacity.watermark.blocked_delta_vs_watermark,0.0
paired_comparison.two_cycle.capacity.watermark.no_progress_runs,0.0
paired_comparison.two_cycle.capacity.watermark.unfinished_runs,0
paired_comparison.two_cycle.capacity.credit.p95_delta_vs_watermark,0.0
paired_comparison.two_cycle.capacity.credit.throughput_delta_vs_watermark,0.0
paired_comparison.two_cycle.capacity.credit.blocked_delta_vs_watermark,0.0
paired_comparison.two_cycle.capacity.credit.no_progress_runs,0.0
paired_comparison.two_cycle.capacity.credit.unfinished_runs,0
paired_comparison.two_cycle.capacity.pi.p95_delta_vs_watermark,0.0
paired_comparison.two_cycle.capacity.pi.throughput_delta_vs_watermark,0.0
paired_comparison.two_cycle.capacity.pi.blocked_delta_vs_watermark,0.0
paired_comparison.two_cycle.capacity.pi.no_progress_runs,0.0
paired_comparison.two_cycle.capacity.pi.unfinished_runs,0
paired_comparison.two_cycle.capacity.aimd:a=0.5:m=1.35.p95_delta_vs_watermark,6023.451666666666
paired_comparison.two_cycle.capacity.aimd:a=0.5:m=1.35.throughput_delta_vs_watermark,-0.03174603174602642
paired_comparison.two_cycle.capacity.aimd:a=0.5:m=1.35.blocked_delta_vs_watermark,2179.4
paired_comparison.two_cycle.capacity.aimd:a=0.5:m=1.35.no_progress_runs,0.0
paired_comparison.two_cycle.capacity.aimd:a=0.5:m=1.35.unfinished_runs,0
paired_comparison.two_cycle.capacity.aimd:a=0.5:m=1.8.p95_delta_vs_watermark,6282.955
paired_comparison.two_cycle.capacity.aimd:a=0.5:m=1.8.throughput_delta_vs_watermark,-0.12698412698412273
paired_comparison.two_cycle.capacity.aimd:a=0.5:m=1.8.blocked_delta_vs_watermark,2683.1
paired_comparison.two_cycle.capacity.aimd:a=0.5:m=1.8.no_progress_runs,0.0
paired_comparison.two_cycle.capacity.aimd:a=0.5:m=1.8.unfinished_runs,0
paired_comparison.two_cycle.capacity.aimd:a=0.5:m=2.5.p95_delta_vs_watermark,6423.589999999999
paired_comparison.two_cycle.capacity.aimd:a=0.5:m=2.5.throughput_delta_vs_watermark,-0.09523809523809158
paired_comparison.two_cycle.capacity.aimd:a=0.5:m=2.5.blocked_delta_vs_watermark,3136.3
paired_comparison.two_cycle.capacity.aimd:a=0.5:m=2.5.no_progress_runs,0.0
paired_comparison.two_cycle.capacity.aimd:a=0.5:m=2.5.unfinished_runs,0
paired_comparison.two_cycle.capacity.aimd:a=1.0:m=1.35.p95_delta_vs_watermark,6023.451666666666
paired_comparison.two_cycle.capacity.aimd:a=1.0:m=1.35.throughput_delta_vs_watermark,-0.03174603174602642
paired_comparison.two_cycle.capacity.aimd:a=1.0:m=1.35.blocked_delta_vs_watermark,2179.4
paired_comparison.two_cycle.capacity.aimd:a=1.0:m=1.35.no_progress_runs,0.0
paired_comparison.two_cycle.capacity.aimd:a=1.0:m=1.35.unfinished_runs,0
paired_comparison.two_cycle.capacity.aimd:a=1.0:m=1.8.p95_delta_vs_watermark,6282.955
paired_comparison.two_cycle.capacity.aimd:a=1.0:m=1.8.throughput_delta_vs_watermark,-0.12698412698412273
paired_comparison.two_cycle.capacity.aimd:a=1.0:m=1.8.blocked_delta_vs_watermark,2683.1
paired_comparison.two_cycle.capacity.aimd:a=1.0:m=1.8.no_progress_runs,0.0
paired_comparison.two_cycle.capacity.aimd:a=1.0:m=1.8.unfinished_runs,0
paired_comparison.two_cycle.capacity.aimd:a=1.0:m=2.5.p95_delta_vs_watermark,6423.589999999999
paired_comparison.two_cycle.capacity.aimd:a=1.0:m=2.5.throughput_delta_vs_watermark,-0.09523809523809158
paired_comparison.two_cycle.capacity.aimd:a=1.0:m=2.5.blocked_delta_vs_watermark,3136.3
paired_comparison.two_cycle.capacity.aimd:a=1.0:m=2.5.no_progress_runs,0.0
paired_comparison.two_cycle.capacity.aimd:a=1.0:m=2.5.unfinished_runs,0
paired_comparison.two_cycle.capacity.aimd:a=2.0:m=1.35.p95_delta_vs_watermark,6023.451666666666
paired_comparison.two_cycle.capacity.aimd:a=2.0:m=1.35.throughput_delta_vs_watermark,-0.03174603174602642
paired_comparison.two_cycle.capacity.aimd:a=2.0:m=1.35.blocked_delta_vs_watermark,2179.4
paired_comparison.two_cycle.capacity.aimd:a=2.0:m=1.35.no_progress_runs,0.0
paired_comparison.two_cycle.capacity.aimd:a=2.0:m=1.35.unfinished_runs,0
paired_comparison.two_cycle.capacity.aimd:a=2.0:m=1.8.p95_delta_vs_watermark,6282.955
paired_comparison.two_cycle.capacity.aimd:a=2.0:m=1.8.throughput_delta_vs_watermark,-0.12698412698412273
paired_comparison.two_cycle.capacity.aimd:a=2.0:m=1.8.blocked_delta_vs_watermark,2683.1
paired_comparison.two_cycle.capacity.aimd:a=2.0:m=1.8.no_progress_runs,0.0
paired_comparison.two_cycle.capacity.aimd:a=2.0:m=1.8.unfinished_runs,0
paired_comparison.two_cycle.capacity.aimd:a=2.0:m=2.5.p95_delta_vs_watermark,6423.589999999999
paired_comparison.two_cycle.capacity.aimd:a=2.0:m=2.5.throughput_delta_vs_watermark,-0.09523809523809158
paired_comparison.two_cycle.capacity.aimd:a=2.0:m=2.5.blocked_delta_vs_watermark,3136.3
paired_comparison.two_cycle.capacity.aimd:a=2.0:m=2.5.no_progress_runs,0.0
paired_comparison.two_cycle.capacity.aimd:a=2.0:m=2.5.unfinished_runs,0
paired_comparison.two_cycle.over.reactive.p95_delta_vs_watermark,2354.338333333333
paired_comparison.two_cycle.over.reactive.throughput_delta_vs_watermark,408.72222222222223
paired_comparison.two_cycle.over.reactive.blocked_delta_vs_watermark,3811.0
paired_comparison.two_cycle.over.reactive.no_progress_runs,0.0
paired_comparison.two_cycle.over.reactive.unfinished_runs,0
paired_comparison.two_cycle.over.watermark.p95_delta_vs_watermark,0.0
paired_comparison.two_cycle.over.watermark.throughput_delta_vs_watermark,0.0
paired_comparison.two_cycle.over.watermark.blocked_delta_vs_watermark,0.0
paired_comparison.two_cycle.over.watermark.no_progress_runs,30.0
paired_comparison.two_cycle.over.watermark.unfinished_runs,30
paired_comparison.two_cycle.over.credit.p95_delta_vs_watermark,70.25499999999998
paired_comparison.two_cycle.over.credit.throughput_delta_vs_watermark,16.317460317460316
paired_comparison.two_cycle.over.credit.blocked_delta_vs_watermark,19.1
paired_comparison.two_cycle.over.credit.no_progress_runs,30.0
paired_comparison.two_cycle.over.credit.unfinished_runs,30
paired_comparison.two_cycle.over.pi.p95_delta_vs_watermark,12382.555
paired_comparison.two_cycle.over.pi.throughput_delta_vs_watermark,408.7857142857143
paired_comparison.two_cycle.over.pi.blocked_delta_vs_watermark,13570.4
paired_comparison.two_cycle.over.pi.no_progress_runs,0.0
paired_comparison.two_cycle.over.pi.unfinished_runs,0
paired_comparison.two_cycle.over.aimd:a=0.5:m=1.35.p95_delta_vs_watermark,15557.856666666667
paired_comparison.two_cycle.over.aimd:a=0.5:m=1.35.throughput_delta_vs_watermark,338.6825396825397
paired_comparison.two_cycle.over.aimd:a=0.5:m=1.35.blocked_delta_vs_watermark,12897.8
paired_comparison.two_cycle.over.aimd:a=0.5:m=1.35.no_progress_runs,0.0
paired_comparison.two_cycle.over.aimd:a=0.5:m=1.35.unfinished_runs,30
paired_comparison.two_cycle.over.aimd:a=0.5:m=1.8.p95_delta_vs_watermark,15627.773333333334
paired_comparison.two_cycle.over.aimd:a=0.5:m=1.8.throughput_delta_vs_watermark,330.76984126984127
paired_comparison.two_cycle.over.aimd:a=0.5:m=1.8.blocked_delta_vs_watermark,12601.133333333333
paired_comparison.two_cycle.over.aimd:a=0.5:m=1.8.no_progress_runs,0.0
paired_comparison.two_cycle.over.aimd:a=0.5:m=1.8.unfinished_runs,30
paired_comparison.two_cycle.over.aimd:a=0.5:m=2.5.p95_delta_vs_watermark,15658.225
paired_comparison.two_cycle.over.aimd:a=0.5:m=2.5.throughput_delta_vs_watermark,327.9603174603174
paired_comparison.two_cycle.over.aimd:a=0.5:m=2.5.blocked_delta_vs_watermark,12464.4
paired_comparison.two_cycle.over.aimd:a=0.5:m=2.5.no_progress_runs,0.0
paired_comparison.two_cycle.over.aimd:a=0.5:m=2.5.unfinished_runs,30
paired_comparison.two_cycle.over.aimd:a=1.0:m=1.35.p95_delta_vs_watermark,15557.856666666667
paired_comparison.two_cycle.over.aimd:a=1.0:m=1.35.throughput_delta_vs_watermark,338.6825396825397
paired_comparison.two_cycle.over.aimd:a=1.0:m=1.35.blocked_delta_vs_watermark,12897.8
paired_comparison.two_cycle.over.aimd:a=1.0:m=1.35.no_progress_runs,0.0
paired_comparison.two_cycle.over.aimd:a=1.0:m=1.35.unfinished_runs,30
paired_comparison.two_cycle.over.aimd:a=1.0:m=1.8.p95_delta_vs_watermark,15627.773333333334
paired_comparison.two_cycle.over.aimd:a=1.0:m=1.8.throughput_delta_vs_watermark,330.76984126984127
paired_comparison.two_cycle.over.aimd:a=1.0:m=1.8.blocked_delta_vs_watermark,12601.133333333333
paired_comparison.two_cycle.over.aimd:a=1.0:m=1.8.no_progress_runs,0.0
paired_comparison.two_cycle.over.aimd:a=1.0:m=1.8.unfinished_runs,30
paired_comparison.two_cycle.over.aimd:a=1.0:m=2.5.p95_delta_vs_watermark,15658.225
paired_comparison.two_cycle.over.aimd:a=1.0:m=2.5.throughput_delta_vs_watermark,327.9603174603174
paired_comparison.two_cycle.over.aimd:a=1.0:m=2.5.blocked_delta_vs_watermark,12464.4
paired_comparison.two_cycle.over.aimd:a=1.0:m=2.5.no_progress_runs,0.0
paired_comparison.two_cycle.over.aimd:a=1.0:m=2.5.unfinished_runs,30
paired_comparison.two_cycle.over.aimd:a=2.0:m=1.35.p95_delta_vs_watermark,15557.856666666667
paired_comparison.two_cycle.over.aimd:a=2.0:m=1.35.throughput_delta_vs_watermark,338.6825396825397
paired_comparison.two_cycle.over.aimd:a=2.0:m=1.35.blocked_delta_vs_watermark,12897.8
paired_comparison.two_cycle.over.aimd:a=2.0:m=1.35.no_progress_runs,0.0
paired_comparison.two_cycle.over.aimd:a=2.0:m=1.35.unfinished_runs,30
paired_comparison.two_cycle.over.aimd:a=2.0:m=1.8.p95_delta_vs_watermark,15627.773333333334
paired_comparison.two_cycle.over.aimd:a=2.0:m=1.8.throughput_delta_vs_watermark,330.76984126984127
paired_comparison.two_cycle.over.aimd:a=2.0:m=1.8.blocked_delta_vs_watermark,12601.133333333333
paired_comparison.two_cycle.over.aimd:a=2.0:m=1.8.no_progress_runs,0.0
paired_comparison.two_cycle.over.aimd:a=2.0:m=1.8.unfinished_runs,30
paired_comparison.two_cycle.over.aimd:a=2.0:m=2.5.p95_delta_vs_watermark,15658.225
paired_comparison.two_cycle.over.aimd:a=2.0:m=2.5.throughput_delta_vs_watermark,327.9603174603174
paired_comparison.two_cycle.over.aimd:a=2.0:m=2.5.blocked_delta_vs_watermark,12464.4
paired_comparison.two_cycle.over.aimd:a=2.0:m=2.5.no_progress_runs,0.0
paired_comparison.two_cycle.over.aimd:a=2.0:m=2.5.unfinished_runs,30
policy_summary.reactive.mean_p95_latency,643.802962962963
policy_summary.reactive.mean_throughput,175.75
policy_summary.reactive.worst_backlog,861.2666666666667
policy_summary.reactive.no_progress_cells,1
policy_summary.reactive.unfinished_cells,1
policy_summary.reactive.mean_queue_cv,1.2446694648661818
policy_summary.reactive.mean_fairness,0.9999952598822642
policy_summary.watermark.mean_p95_latency,494.92574074074065
policy_summary.watermark.mean_throughput,152.9100529100529
policy_summary.watermark.worst_backlog,872.9
policy_summary.watermark.no_progress_cells,2
policy_summary.watermark.unfinished_cells,2
policy_summary.watermark.mean_queue_cv,1.2366318129832388
policy_summary.watermark.mean_fairness,0.9999955045528027
policy_summary.credit.mean_p95_latency,482.5458333333333
policy_summary.credit.mean_throughput,153.85802469135803
policy_summary.credit.worst_backlog,867.2
policy_summary.credit.no_progress_cells,2
policy_summary.credit.unfinished_cells,2
policy_summary.credit.mean_queue_cv,1.2364830782433962
policy_summary.credit.mean_fairness,0.999995055004523
policy_summary.pi.mean_p95_latency,1176.3824074074075
policy_summary.pi.mean_throughput,175.663139329806
policy_summary.pi.worst_backlog,866.3
policy_summary.pi.no_progress_cells,1
policy_summary.pi.unfinished_cells,1
policy_summary.pi.mean_queue_cv,1.2396608567123328
policy_summary.pi.mean_fairness,0.9999946406774328
policy_summary.aimd:a=0.5:m=1.35.mean_p95_latency,7768.151759259259
policy_summary.aimd:a=0.5:m=1.35.mean_throughput,140.38536155202823
policy_summary.aimd:a=0.5:m=1.35.worst_backlog,1541.3666666666666
policy_summary.aimd:a=0.5:m=1.35.no_progress_cells,5
policy_summary.aimd:a=0.5:m=1.35.unfinished_cells,8
policy_summary.aimd:a=0.5:m=1.35.mean_queue_cv,0.3031897015349069
policy_summary.aimd:a=0.5:m=1.35.mean_fairness,0.9749393324333848
policy_summary.aimd:a=0.5:m=1.8.mean_p95_latency,7916.969444444443
policy_summary.aimd:a=0.5:m=1.8.mean_throughput,138.65123456790124
policy_summary.aimd:a=0.5:m=1.8.worst_backlog,1556.8666666666666
policy_summary.aimd:a=0.5:m=1.8.no_progress_cells,5
policy_summary.aimd:a=0.5:m=1.8.unfinished_cells,8
policy_summary.aimd:a=0.5:m=1.8.mean_queue_cv,0.2838099690165776
policy_summary.aimd:a=0.5:m=1.8.mean_fairness,0.9749096592232167
policy_summary.aimd:a=0.5:m=2.5.mean_p95_latency,7972.819166666666
policy_summary.aimd:a=0.5:m=2.5.mean_throughput,138.0030864197531
policy_summary.aimd:a=0.5:m=2.5.worst_backlog,1564.6333333333334
policy_summary.aimd:a=0.5:m=2.5.no_progress_cells,5
policy_summary.aimd:a=0.5:m=2.5.unfinished_cells,8
policy_summary.aimd:a=0.5:m=2.5.mean_queue_cv,0.276662427943602
policy_summary.aimd:a=0.5:m=2.5.mean_fairness,0.974881604048834
policy_summary.aimd:a=1.0:m=1.35.mean_p95_latency,7768.151759259259
policy_summary.aimd:a=1.0:m=1.35.mean_throughput,140.38536155202823
policy_summary.aimd:a=1.0:m=1.35.worst_backlog,1541.3666666666666
policy_summary.aimd:a=1.0:m=1.35.no_progress_cells,5
policy_summary.aimd:a=1.0:m=1.35.unfinished_cells,8
policy_summary.aimd:a=1.0:m=1.35.mean_queue_cv,0.3031897015349069
policy_summary.aimd:a=1.0:m=1.35.mean_fairness,0.9749393324333848
policy_summary.aimd:a=1.0:m=1.8.mean_p95_latency,7916.969444444443
policy_summary.aimd:a=1.0:m=1.8.mean_throughput,138.65123456790124
policy_summary.aimd:a=1.0:m=1.8.worst_backlog,1556.8666666666666
policy_summary.aimd:a=1.0:m=1.8.no_progress_cells,5
policy_summary.aimd:a=1.0:m=1.8.unfinished_cells,8
policy_summary.aimd:a=1.0:m=1.8.mean_queue_cv,0.2838099690165776
policy_summary.aimd:a=1.0:m=1.8.mean_fairness,0.9749096592232167
policy_summary.aimd:a=1.0:m=2.5.mean_p95_latency,7972.819166666666
policy_summary.aimd:a=1.0:m=2.5.mean_throughput,138.0030864197531
policy_summary.aimd:a=1.0:m=2.5.worst_backlog,1564.6333333333334
policy_summary.aimd:a=1.0:m=2.5.no_progress_cells,5
policy_summary.aimd:a=1.0:m=2.5.unfinished_cells,8
policy_summary.aimd:a=1.0:m=2.5.mean_queue_cv,0.276662427943602
policy_summary.aimd:a=1.0:m=2.5.mean_fairness,0.974881604048834
policy_summary.aimd:a=2.0:m=1.35.mean_p95_latency,7768.151759259259
policy_summary.aimd:a=2.0:m=1.35.mean_throughput,140.38536155202823
policy_summary.aimd:a=2.0:m=1.35.worst_backlog,1541.3666666666666
policy_summary.aimd:a=2.0:m=1.35.no_progress_cells,5
policy_summary.aimd:a=2.0:m=1.35.unfinished_cells,8
policy_summary.aimd:a=2.0:m=1.35.mean_queue_cv,0.3031897015349069
policy_summary.aimd:a=2.0:m=1.35.mean_fairness,0.9749393324333848
policy_summary.aimd:a=2.0:m=1.8.mean_p95_latency,7916.969444444443
policy_summary.aimd:a=2.0:m=1.8.mean_throughput,138.65123456790124
policy_summary.aimd:a=2.0:m=1.8.worst_backlog,1556.8666666666666
policy_summary.aimd:a=2.0:m=1.8.no_progress_cells,5
policy_summary.aimd:a=2.0:m=1.8.unfinished_cells,8
policy_summary.aimd:a=2.0:m=1.8.mean_queue_cv,0.2838099690165776
policy_summary.aimd:a=2.0:m=1.8.mean_fairness,0.9749096592232167
policy_summary.aimd:a=2.0:m=2.5.mean_p95_latency,7972.819166666666
policy_summary.aimd:a=2.0:m=2.5.mean_throughput,138.0030864197531
policy_summary.aimd:a=2.0:m=2.5.worst_backlog,1564.6333333333334
policy_summary.aimd:a=2.0:m=2.5.no_progress_cells,5
policy_summary.aimd:a=2.0:m=2.5.unfinished_cells,8
policy_summary.aimd:a=2.0:m=2.5.mean_queue_cv,0.276662427943602
policy_summary.aimd:a=2.0:m=2.5.mean_fairness,0.974881604048834
aimd_parameter_robustness.aimd:a=0.5:m=1.35.cells,18
aimd_parameter_robustness.aimd:a=0.5:m=1.35.minimum_effect_wins,0
aimd_parameter_robustness.aimd:a=0.5:m=1.35.safe_cells,8
aimd_parameter_robustness.aimd:a=0.5:m=1.35.win_fraction,0.0
aimd_parameter_robustness.aimd:a=0.5:m=1.35.safe_fraction,0.4444444444444444
aimd_parameter_robustness.aimd:a=0.5:m=1.8.cells,18
aimd_parameter_robustness.aimd:a=0.5:m=1.8.minimum_effect_wins,0
aimd_parameter_robustness.aimd:a=0.5:m=1.8.safe_cells,8
aimd_parameter_robustness.aimd:a=0.5:m=1.8.win_fraction,0.0
aimd_parameter_robustness.aimd:a=0.5:m=1.8.safe_fraction,0.4444444444444444
aimd_parameter_robustness.aimd:a=0.5:m=2.5.cells,18
aimd_parameter_robustness.aimd:a=0.5:m=2.5.minimum_effect_wins,0
aimd_parameter_robustness.aimd:a=0.5:m=2.5.safe_cells,8
aimd_parameter_robustness.aimd:a=0.5:m=2.5.win_fraction,0.0
aimd_parameter_robustness.aimd:a=0.5:m=2.5.safe_fraction,0.4444444444444444
aimd_parameter_robustness.aimd:a=1.0:m=1.35.cells,18
aimd_parameter_robustness.aimd:a=1.0:m=1.35.minimum_effect_wins,0
aimd_parameter_robustness.aimd:a=1.0:m=1.35.safe_cells,8
aimd_parameter_robustness.aimd:a=1.0:m=1.35.win_fraction,0.0
aimd_parameter_robustness.aimd:a=1.0:m=1.35.safe_fraction,0.4444444444444444
aimd_parameter_robustness.aimd:a=1.0:m=1.8.cells,18
aimd_parameter_robustness.aimd:a=1.0:m=1.8.minimum_effect_wins,0
aimd_parameter_robustness.aimd:a=1.0:m=1.8.safe_cells,8
aimd_parameter_robustness.aimd:a=1.0:m=1.8.win_fraction,0.0
aimd_parameter_robustness.aimd:a=1.0:m=1.8.safe_fraction,0.4444444444444444
aimd_parameter_robustness.aimd:a=1.0:m=2.5.cells,18
aimd_parameter_robustness.aimd:a=1.0:m=2.5.minimum_effect_wins,0
aimd_parameter_robustness.aimd:a=1.0:m=2.5.safe_cells,8
aimd_parameter_robustness.aimd:a=1.0:m=2.5.win_fraction,0.0
aimd_parameter_robustness.aimd:a=1.0:m=2.5.safe_fraction,0.4444444444444444
aimd_parameter_robustness.aimd:a=2.0:m=1.35.cells,18
aimd_parameter_robustness.aimd:a=2.0:m=1.35.minimum_effect_wins,0
aimd_parameter_robustness.aimd:a=2.0:m=1.35.safe_cells,8
aimd_parameter_robustness.aimd:a=2.0:m=1.35.win_fraction,0.0
aimd_parameter_robustness.aimd:a=2.0:m=1.35.safe_fraction,0.4444444444444444
aimd_parameter_robustness.aimd:a=2.0:m=1.8.cells,18
aimd_parameter_robustness.aimd:a=2.0:m=1.8.minimum_effect_wins,0
aimd_parameter_robustness.aimd:a=2.0:m=1.8.safe_cells,8
aimd_parameter_robustness.aimd:a=2.0:m=1.8.win_fraction,0.0
aimd_parameter_robustness.aimd:a=2.0:m=1.8.safe_fraction,0.4444444444444444
aimd_parameter_robustness.aimd:a=2.0:m=2.5.cells,18
aimd_parameter_robustness.aimd:a=2.0:m=2.5.minimum_effect_wins,0
aimd_parameter_robustness.aimd:a=2.0:m=2.5.safe_cells,8
aimd_parameter_robustness.aimd:a=2.0:m=2.5.win_fraction,0.0
aimd_parameter_robustness.aimd:a=2.0:m=2.5.safe_fraction,0.4444444444444444
decision.best_aimd_parameterization,aimd:a=0.5:m=1.35
decision.adopt_internal_aimd_default,False
decision.recommended_default,credit_or_watermark
decision.provider_concurrency_aimd,separate_unobservable-queue_experiment
elapsed_seconds,450.99972558021545
claim_boundary,Gate-0 graph simulation; must be validated against the real Runtime before product promotion.
