metric,value
version,2026.08.26-public-v1
python,"3.11.16 (main, Aug 13 2026, 02:46:14) [GCC 13.3.0]"
evidence_class,public_dataset_deterministic_retrieval
started_at_unix,1787731297.088105
datasets.longmemeval.path,.cache/datasets/longmemeval_s_cleaned.json
datasets.longmemeval.sha256,d6f21ea9d60a0d56f34a05b609c79c88a451d2ae03597821ea3d5a9678c3a442
longmemeval.dataset,LongMemEval-S-cleaned
longmemeval.instances,500
longmemeval.category_counts.single-session-user,64
longmemeval.category_counts.abstention,30
longmemeval.category_counts.multi-session,121
longmemeval.category_counts.single-session-preference,30
longmemeval.category_counts.temporal-reasoning,127
longmemeval.category_counts.knowledge-update,72
longmemeval.category_counts.single-session-assistant,56
longmemeval.session_retrieval.word_all.all_answerable.n,470
longmemeval.session_retrieval.word_all.all_answerable.mrr,0.9131651276457284
longmemeval.session_retrieval.word_all.all_answerable.hit_at_1,0.8723404255319149
longmemeval.session_retrieval.word_all.all_answerable.recall_at_1,0.5608156028368794
longmemeval.session_retrieval.word_all.all_answerable.complete_at_1,0.30425531914893617
longmemeval.session_retrieval.word_all.all_answerable.ndcg_at_1,0.8723404255319149
longmemeval.session_retrieval.word_all.all_answerable.hit_at_3,0.948936170212766
longmemeval.session_retrieval.word_all.all_answerable.recall_at_3,0.8662056737588653
longmemeval.session_retrieval.word_all.all_answerable.complete_at_3,0.7723404255319148
longmemeval.session_retrieval.word_all.all_answerable.ndcg_at_3,0.8702282754373292
longmemeval.session_retrieval.word_all.all_answerable.hit_at_5,0.9702127659574468
longmemeval.session_retrieval.word_all.all_answerable.recall_at_5,0.9158510638297872
longmemeval.session_retrieval.word_all.all_answerable.complete_at_5,0.8340425531914893
longmemeval.session_retrieval.word_all.all_answerable.ndcg_at_5,0.8853043749953735
longmemeval.session_retrieval.word_all.all_answerable.hit_at_10,0.9829787234042553
longmemeval.session_retrieval.word_all.all_answerable.recall_at_10,0.9497872340425532
longmemeval.session_retrieval.word_all.all_answerable.complete_at_10,0.9042553191489362
longmemeval.session_retrieval.word_all.all_answerable.ndcg_at_10,0.9004012415033639
longmemeval.session_retrieval.word_all.single-session-user.n,64
longmemeval.session_retrieval.word_all.single-session-user.mrr,0.9770833333333333
longmemeval.session_retrieval.word_all.single-session-user.hit_at_1,0.96875
longmemeval.session_retrieval.word_all.single-session-user.recall_at_1,0.96875
longmemeval.session_retrieval.word_all.single-session-user.complete_at_1,0.96875
longmemeval.session_retrieval.word_all.single-session-user.ndcg_at_1,0.96875
longmemeval.session_retrieval.word_all.single-session-user.hit_at_3,0.984375
longmemeval.session_retrieval.word_all.single-session-user.recall_at_3,0.984375
longmemeval.session_retrieval.word_all.single-session-user.complete_at_3,0.984375
longmemeval.session_retrieval.word_all.single-session-user.ndcg_at_3,0.9765625
longmemeval.session_retrieval.word_all.single-session-user.hit_at_5,1.0
longmemeval.session_retrieval.word_all.single-session-user.recall_at_5,1.0
longmemeval.session_retrieval.word_all.single-session-user.complete_at_5,1.0
longmemeval.session_retrieval.word_all.single-session-user.ndcg_at_5,0.9826070751130397
longmemeval.session_retrieval.word_all.single-session-user.hit_at_10,1.0
longmemeval.session_retrieval.word_all.single-session-user.recall_at_10,1.0
longmemeval.session_retrieval.word_all.single-session-user.complete_at_10,1.0
longmemeval.session_retrieval.word_all.single-session-user.ndcg_at_10,0.9826070751130397
longmemeval.session_retrieval.word_all.multi-session.n,121
longmemeval.session_retrieval.word_all.multi-session.mrr,0.9071989953005996
longmemeval.session_retrieval.word_all.multi-session.hit_at_1,0.859504132231405
longmemeval.session_retrieval.word_all.multi-session.recall_at_1,0.3618457300275482
longmemeval.session_retrieval.word_all.multi-session.complete_at_1,0.0
longmemeval.session_retrieval.word_all.multi-session.ndcg_at_1,0.859504132231405
longmemeval.session_retrieval.word_all.multi-session.hit_at_3,0.9421487603305785
longmemeval.session_retrieval.word_all.multi-session.recall_at_3,0.7573002754820936
longmemeval.session_retrieval.word_all.multi-session.complete_at_3,0.5371900826446281
longmemeval.session_retrieval.word_all.multi-session.ndcg_at_3,0.805326327668153
longmemeval.session_retrieval.word_all.multi-session.hit_at_5,0.9669421487603306
longmemeval.session_retrieval.word_all.multi-session.recall_at_5,0.8450413223140496
longmemeval.session_retrieval.word_all.multi-session.complete_at_5,0.6611570247933884
longmemeval.session_retrieval.word_all.multi-session.ndcg_at_5,0.8287773481176781
longmemeval.session_retrieval.word_all.multi-session.hit_at_10,0.9834710743801653
longmemeval.session_retrieval.word_all.multi-session.recall_at_10,0.9136363636363636
longmemeval.session_retrieval.word_all.multi-session.complete_at_10,0.8181818181818182
longmemeval.session_retrieval.word_all.multi-session.ndcg_at_10,0.8605629716228771
longmemeval.session_retrieval.word_all.single-session-preference.n,30
longmemeval.session_retrieval.word_all.single-session-preference.mrr,0.5690387063916476
longmemeval.session_retrieval.word_all.single-session-preference.hit_at_1,0.36666666666666664
longmemeval.session_retrieval.word_all.single-session-preference.recall_at_1,0.36666666666666664
longmemeval.session_retrieval.word_all.single-session-preference.complete_at_1,0.36666666666666664
longmemeval.session_retrieval.word_all.single-session-preference.ndcg_at_1,0.36666666666666664
longmemeval.session_retrieval.word_all.single-session-preference.hit_at_3,0.7666666666666667
longmemeval.session_retrieval.word_all.single-session-preference.recall_at_3,0.7666666666666667
longmemeval.session_retrieval.word_all.single-session-preference.complete_at_3,0.7666666666666667
longmemeval.session_retrieval.word_all.single-session-preference.ndcg_at_3,0.5972169425000068
longmemeval.session_retrieval.word_all.single-session-preference.hit_at_5,0.8666666666666667
longmemeval.session_retrieval.word_all.single-session-preference.recall_at_5,0.8666666666666667
longmemeval.session_retrieval.word_all.single-session-preference.complete_at_5,0.8666666666666667
longmemeval.session_retrieval.word_all.single-session-preference.ndcg_at_5,0.6359022232234609
longmemeval.session_retrieval.word_all.single-session-preference.hit_at_10,0.8666666666666667
longmemeval.session_retrieval.word_all.single-session-preference.recall_at_10,0.8666666666666667
longmemeval.session_retrieval.word_all.single-session-preference.complete_at_10,0.8666666666666667
longmemeval.session_retrieval.word_all.single-session-preference.ndcg_at_10,0.6359022232234609
longmemeval.session_retrieval.word_all.temporal-reasoning.n,127
longmemeval.session_retrieval.word_all.temporal-reasoning.mrr,0.8902522601341499
longmemeval.session_retrieval.word_all.temporal-reasoning.hit_at_1,0.84251968503937
longmemeval.session_retrieval.word_all.temporal-reasoning.recall_at_1,0.43937007874015743
longmemeval.session_retrieval.word_all.temporal-reasoning.complete_at_1,0.11023622047244094
longmemeval.session_retrieval.word_all.temporal-reasoning.ndcg_at_1,0.84251968503937
longmemeval.session_retrieval.word_all.temporal-reasoning.hit_at_3,0.937007874015748
longmemeval.session_retrieval.word_all.temporal-reasoning.recall_at_3,0.8227034120734908
longmemeval.session_retrieval.word_all.temporal-reasoning.complete_at_3,0.7007874015748031
longmemeval.session_retrieval.word_all.temporal-reasoning.ndcg_at_3,0.8359121163757679
longmemeval.session_retrieval.word_all.temporal-reasoning.hit_at_5,0.952755905511811
longmemeval.session_retrieval.word_all.temporal-reasoning.recall_at_5,0.8755905511811024
longmemeval.session_retrieval.word_all.temporal-reasoning.complete_at_5,0.7559055118110236
longmemeval.session_retrieval.word_all.temporal-reasoning.ndcg_at_5,0.8490725888833509
longmemeval.session_retrieval.word_all.temporal-reasoning.hit_at_10,0.984251968503937
longmemeval.session_retrieval.word_all.temporal-reasoning.recall_at_10,0.9318897637795275
longmemeval.session_retrieval.word_all.temporal-reasoning.complete_at_10,0.8582677165354331
longmemeval.session_retrieval.word_all.temporal-reasoning.ndcg_at_10,0.8731358992062576
longmemeval.session_retrieval.word_all.knowledge-update.n,72
longmemeval.session_retrieval.word_all.knowledge-update.mrr,0.9826388888888888
longmemeval.session_retrieval.word_all.knowledge-update.hit_at_1,0.9722222222222222
longmemeval.session_retrieval.word_all.knowledge-update.recall_at_1,0.4861111111111111
longmemeval.session_retrieval.word_all.knowledge-update.complete_at_1,0.0
longmemeval.session_retrieval.word_all.knowledge-update.ndcg_at_1,0.9722222222222222
longmemeval.session_retrieval.word_all.knowledge-update.hit_at_3,0.9861111111111112
longmemeval.session_retrieval.word_all.knowledge-update.recall_at_3,0.9583333333333334
longmemeval.session_retrieval.word_all.knowledge-update.complete_at_3,0.9305555555555556
longmemeval.session_retrieval.word_all.knowledge-update.ndcg_at_3,0.9581313437913261
longmemeval.session_retrieval.word_all.knowledge-update.hit_at_5,1.0
longmemeval.session_retrieval.word_all.knowledge-update.recall_at_5,0.9861111111111112
longmemeval.session_retrieval.word_all.knowledge-update.complete_at_5,0.9722222222222222
longmemeval.session_retrieval.word_all.knowledge-update.ndcg_at_5,0.9724285949092022
longmemeval.session_retrieval.word_all.knowledge-update.hit_at_10,1.0
longmemeval.session_retrieval.word_all.knowledge-update.recall_at_10,0.9930555555555556
longmemeval.session_retrieval.word_all.knowledge-update.complete_at_10,0.9861111111111112
longmemeval.session_retrieval.word_all.knowledge-update.ndcg_at_10,0.9751150727372198
longmemeval.session_retrieval.word_all.single-session-assistant.n,56
longmemeval.session_retrieval.word_all.single-session-assistant.mrr,1.0
longmemeval.session_retrieval.word_all.single-session-assistant.hit_at_1,1.0
longmemeval.session_retrieval.word_all.single-session-assistant.recall_at_1,1.0
longmemeval.session_retrieval.word_all.single-session-assistant.complete_at_1,1.0
longmemeval.session_retrieval.word_all.single-session-assistant.ndcg_at_1,1.0
longmemeval.session_retrieval.word_all.single-session-assistant.hit_at_3,1.0
longmemeval.session_retrieval.word_all.single-session-assistant.recall_at_3,1.0
longmemeval.session_retrieval.word_all.single-session-assistant.complete_at_3,1.0
longmemeval.session_retrieval.word_all.single-session-assistant.ndcg_at_3,1.0
longmemeval.session_retrieval.word_all.single-session-assistant.hit_at_5,1.0
longmemeval.session_retrieval.word_all.single-session-assistant.recall_at_5,1.0
longmemeval.session_retrieval.word_all.single-session-assistant.complete_at_5,1.0
longmemeval.session_retrieval.word_all.single-session-assistant.ndcg_at_5,1.0
longmemeval.session_retrieval.word_all.single-session-assistant.hit_at_10,1.0
longmemeval.session_retrieval.word_all.single-session-assistant.recall_at_10,1.0
longmemeval.session_retrieval.word_all.single-session-assistant.complete_at_10,1.0
longmemeval.session_retrieval.word_all.single-session-assistant.ndcg_at_10,1.0
longmemeval.session_retrieval.bigram_all.all_answerable.n,470
longmemeval.session_retrieval.bigram_all.all_answerable.mrr,0.9114157186622769
longmemeval.session_retrieval.bigram_all.all_answerable.hit_at_1,0.874468085106383
longmemeval.session_retrieval.bigram_all.all_answerable.recall_at_1,0.5624113475177305
longmemeval.session_retrieval.bigram_all.all_answerable.complete_at_1,0.30425531914893617
longmemeval.session_retrieval.bigram_all.all_answerable.ndcg_at_1,0.874468085106383
longmemeval.session_retrieval.bigram_all.all_answerable.hit_at_3,0.9361702127659575
longmemeval.session_retrieval.bigram_all.all_answerable.recall_at_3,0.859290780141844
longmemeval.session_retrieval.bigram_all.all_answerable.complete_at_3,0.7702127659574468
longmemeval.session_retrieval.bigram_all.all_answerable.ndcg_at_3,0.8671102386791184
longmemeval.session_retrieval.bigram_all.all_answerable.hit_at_5,0.9680851063829787
longmemeval.session_retrieval.bigram_all.all_answerable.recall_at_5,0.9145390070921985
longmemeval.session_retrieval.bigram_all.all_answerable.complete_at_5,0.8361702127659575
longmemeval.session_retrieval.bigram_all.all_answerable.ndcg_at_5,0.8848280498281368
longmemeval.session_retrieval.bigram_all.all_answerable.hit_at_10,0.9851063829787234
longmemeval.session_retrieval.bigram_all.all_answerable.recall_at_10,0.9510283687943263
longmemeval.session_retrieval.bigram_all.all_answerable.complete_at_10,0.902127659574468
longmemeval.session_retrieval.bigram_all.all_answerable.ndcg_at_10,0.900316918602827
longmemeval.session_retrieval.bigram_all.single-session-user.n,64
longmemeval.session_retrieval.bigram_all.single-session-user.mrr,0.9770833333333333
longmemeval.session_retrieval.bigram_all.single-session-user.hit_at_1,0.96875
longmemeval.session_retrieval.bigram_all.single-session-user.recall_at_1,0.96875
longmemeval.session_retrieval.bigram_all.single-session-user.complete_at_1,0.96875
longmemeval.session_retrieval.bigram_all.single-session-user.ndcg_at_1,0.96875
longmemeval.session_retrieval.bigram_all.single-session-user.hit_at_3,0.984375
longmemeval.session_retrieval.bigram_all.single-session-user.recall_at_3,0.984375
longmemeval.session_retrieval.bigram_all.single-session-user.complete_at_3,0.984375
longmemeval.session_retrieval.bigram_all.single-session-user.ndcg_at_3,0.9765625
longmemeval.session_retrieval.bigram_all.single-session-user.hit_at_5,1.0
longmemeval.session_retrieval.bigram_all.single-session-user.recall_at_5,1.0
longmemeval.session_retrieval.bigram_all.single-session-user.complete_at_5,1.0
longmemeval.session_retrieval.bigram_all.single-session-user.ndcg_at_5,0.9826070751130397
longmemeval.session_retrieval.bigram_all.single-session-user.hit_at_10,1.0
longmemeval.session_retrieval.bigram_all.single-session-user.recall_at_10,1.0
longmemeval.session_retrieval.bigram_all.single-session-user.complete_at_10,1.0
longmemeval.session_retrieval.bigram_all.single-session-user.ndcg_at_10,0.9826070751130397
longmemeval.session_retrieval.bigram_all.multi-session.n,121
longmemeval.session_retrieval.bigram_all.multi-session.mrr,0.9063955058607466
longmemeval.session_retrieval.bigram_all.multi-session.hit_at_1,0.859504132231405
longmemeval.session_retrieval.bigram_all.multi-session.recall_at_1,0.36391184573002755
longmemeval.session_retrieval.bigram_all.multi-session.complete_at_1,0.0
longmemeval.session_retrieval.bigram_all.multi-session.ndcg_at_1,0.859504132231405
longmemeval.session_retrieval.bigram_all.multi-session.hit_at_3,0.9338842975206612
longmemeval.session_retrieval.bigram_all.multi-session.recall_at_3,0.7566115702479339
longmemeval.session_retrieval.bigram_all.multi-session.complete_at_3,0.5371900826446281
longmemeval.session_retrieval.bigram_all.multi-session.ndcg_at_3,0.8069186633817391
longmemeval.session_retrieval.bigram_all.multi-session.hit_at_5,0.9669421487603306
longmemeval.session_retrieval.bigram_all.multi-session.recall_at_5,0.8539944903581267
longmemeval.session_retrieval.bigram_all.multi-session.complete_at_5,0.6859504132231405
longmemeval.session_retrieval.bigram_all.multi-session.ndcg_at_5,0.8364889744546297
longmemeval.session_retrieval.bigram_all.multi-session.hit_at_10,0.9834710743801653
longmemeval.session_retrieval.bigram_all.multi-session.recall_at_10,0.9088154269972452
longmemeval.session_retrieval.bigram_all.multi-session.complete_at_10,0.8016528925619835
longmemeval.session_retrieval.bigram_all.multi-session.ndcg_at_10,0.8617038095034466
longmemeval.session_retrieval.bigram_all.single-session-preference.n,30
longmemeval.session_retrieval.bigram_all.single-session-preference.mrr,0.5262861811391223
longmemeval.session_retrieval.bigram_all.single-session-preference.hit_at_1,0.3333333333333333
longmemeval.session_retrieval.bigram_all.single-session-preference.recall_at_1,0.3333333333333333
longmemeval.session_retrieval.bigram_all.single-session-preference.complete_at_1,0.3333333333333333
longmemeval.session_retrieval.bigram_all.single-session-preference.ndcg_at_1,0.3333333333333333
longmemeval.session_retrieval.bigram_all.single-session-preference.hit_at_3,0.6666666666666666
longmemeval.session_retrieval.bigram_all.single-session-preference.recall_at_3,0.6666666666666666
longmemeval.session_retrieval.bigram_all.single-session-preference.complete_at_3,0.6666666666666666
longmemeval.session_retrieval.bigram_all.single-session-preference.ndcg_at_3,0.5218216255952429
longmemeval.session_retrieval.bigram_all.single-session-preference.hit_at_5,0.8333333333333334
longmemeval.session_retrieval.bigram_all.single-session-preference.recall_at_5,0.8333333333333334
longmemeval.session_retrieval.bigram_all.single-session-preference.complete_at_5,0.8333333333333334
longmemeval.session_retrieval.bigram_all.single-session-preference.ndcg_at_5,0.5892186768569233
longmemeval.session_retrieval.bigram_all.single-session-preference.hit_at_10,0.9333333333333333
longmemeval.session_retrieval.bigram_all.single-session-preference.recall_at_10,0.9333333333333333
longmemeval.session_retrieval.bigram_all.single-session-preference.complete_at_10,0.9333333333333333
longmemeval.session_retrieval.bigram_all.single-session-preference.ndcg_at_10,0.6212432398639779
longmemeval.session_retrieval.bigram_all.temporal-reasoning.n,127
longmemeval.session_retrieval.bigram_all.temporal-reasoning.mrr,0.8910993133434078
longmemeval.session_retrieval.bigram_all.temporal-reasoning.hit_at_1,0.8503937007874016
longmemeval.session_retrieval.bigram_all.temporal-reasoning.recall_at_1,0.44724409448818897
longmemeval.session_retrieval.bigram_all.temporal-reasoning.complete_at_1,0.11811023622047244
longmemeval.session_retrieval.bigram_all.temporal-reasoning.ndcg_at_1,0.8503937007874016
longmemeval.session_retrieval.bigram_all.temporal-reasoning.hit_at_3,0.9212598425196851
longmemeval.session_retrieval.bigram_all.temporal-reasoning.recall_at_3,0.8213910761154856
longmemeval.session_retrieval.bigram_all.temporal-reasoning.complete_at_3,0.7165354330708661
longmemeval.session_retrieval.bigram_all.temporal-reasoning.ndcg_at_3,0.8388838897923742
longmemeval.session_retrieval.bigram_all.temporal-reasoning.hit_at_5,0.952755905511811
longmemeval.session_retrieval.bigram_all.temporal-reasoning.recall_at_5,0.8740157480314961
longmemeval.session_retrieval.bigram_all.temporal-reasoning.complete_at_5,0.7559055118110236
longmemeval.session_retrieval.bigram_all.temporal-reasoning.ndcg_at_5,0.8512875535500077
longmemeval.session_retrieval.bigram_all.temporal-reasoning.hit_at_10,0.9763779527559056
longmemeval.session_retrieval.bigram_all.temporal-reasoning.recall_at_10,0.9253280839895013
longmemeval.session_retrieval.bigram_all.temporal-reasoning.complete_at_10,0.8503937007874016
longmemeval.session_retrieval.bigram_all.temporal-reasoning.ndcg_at_10,0.8737773374283583
longmemeval.session_retrieval.bigram_all.knowledge-update.n,72
longmemeval.session_retrieval.bigram_all.knowledge-update.mrr,0.9888888888888889
longmemeval.session_retrieval.bigram_all.knowledge-update.hit_at_1,0.9861111111111112
longmemeval.session_retrieval.bigram_all.knowledge-update.recall_at_1,0.4930555555555556
longmemeval.session_retrieval.bigram_all.knowledge-update.complete_at_1,0.0
longmemeval.session_retrieval.bigram_all.knowledge-update.ndcg_at_1,0.9861111111111112
longmemeval.session_retrieval.bigram_all.knowledge-update.hit_at_3,0.9861111111111112
longmemeval.session_retrieval.bigram_all.knowledge-update.recall_at_3,0.9583333333333334
longmemeval.session_retrieval.bigram_all.knowledge-update.complete_at_3,0.9305555555555556
longmemeval.session_retrieval.bigram_all.knowledge-update.ndcg_at_3,0.9612743213681445
longmemeval.session_retrieval.bigram_all.knowledge-update.hit_at_5,1.0
longmemeval.session_retrieval.bigram_all.knowledge-update.recall_at_5,0.9791666666666666
longmemeval.session_retrieval.bigram_all.knowledge-update.complete_at_5,0.9583333333333334
longmemeval.session_retrieval.bigram_all.knowledge-update.ndcg_at_5,0.9719039596725122
longmemeval.session_retrieval.bigram_all.knowledge-update.hit_at_10,1.0
longmemeval.session_retrieval.bigram_all.knowledge-update.recall_at_10,0.9930555555555556
longmemeval.session_retrieval.bigram_all.knowledge-update.complete_at_10,0.9861111111111112
longmemeval.session_retrieval.bigram_all.knowledge-update.ndcg_at_10,0.9776238741230043
longmemeval.session_retrieval.bigram_all.single-session-assistant.n,56
longmemeval.session_retrieval.bigram_all.single-session-assistant.mrr,1.0
longmemeval.session_retrieval.bigram_all.single-session-assistant.hit_at_1,1.0
longmemeval.session_retrieval.bigram_all.single-session-assistant.recall_at_1,1.0
longmemeval.session_retrieval.bigram_all.single-session-assistant.complete_at_1,1.0
longmemeval.session_retrieval.bigram_all.single-session-assistant.ndcg_at_1,1.0
longmemeval.session_retrieval.bigram_all.single-session-assistant.hit_at_3,1.0
longmemeval.session_retrieval.bigram_all.single-session-assistant.recall_at_3,1.0
longmemeval.session_retrieval.bigram_all.single-session-assistant.complete_at_3,1.0
longmemeval.session_retrieval.bigram_all.single-session-assistant.ndcg_at_3,1.0
longmemeval.session_retrieval.bigram_all.single-session-assistant.hit_at_5,1.0
longmemeval.session_retrieval.bigram_all.single-session-assistant.recall_at_5,1.0
longmemeval.session_retrieval.bigram_all.single-session-assistant.complete_at_5,1.0
longmemeval.session_retrieval.bigram_all.single-session-assistant.ndcg_at_5,1.0
longmemeval.session_retrieval.bigram_all.single-session-assistant.hit_at_10,1.0
longmemeval.session_retrieval.bigram_all.single-session-assistant.recall_at_10,1.0
longmemeval.session_retrieval.bigram_all.single-session-assistant.complete_at_10,1.0
longmemeval.session_retrieval.bigram_all.single-session-assistant.ndcg_at_10,1.0
longmemeval.session_retrieval.rrf_word_bigram.all_answerable.n,470
longmemeval.session_retrieval.rrf_word_bigram.all_answerable.mrr,0.9100707338598453
longmemeval.session_retrieval.rrf_word_bigram.all_answerable.hit_at_1,0.8702127659574468
longmemeval.session_retrieval.rrf_word_bigram.all_answerable.recall_at_1,0.5586879432624113
longmemeval.session_retrieval.rrf_word_bigram.all_answerable.complete_at_1,0.3021276595744681
longmemeval.session_retrieval.rrf_word_bigram.all_answerable.ndcg_at_1,0.8702127659574468
longmemeval.session_retrieval.rrf_word_bigram.all_answerable.hit_at_3,0.9382978723404255
longmemeval.session_retrieval.rrf_word_bigram.all_answerable.recall_at_3,0.8584042553191489
longmemeval.session_retrieval.rrf_word_bigram.all_answerable.complete_at_3,0.7659574468085106
longmemeval.session_retrieval.rrf_word_bigram.all_answerable.ndcg_at_3,0.8656214867965885
longmemeval.session_retrieval.rrf_word_bigram.all_answerable.hit_at_5,0.9702127659574468
longmemeval.session_retrieval.rrf_word_bigram.all_answerable.recall_at_5,0.9185106382978723
longmemeval.session_retrieval.rrf_word_bigram.all_answerable.complete_at_5,0.8404255319148937
longmemeval.session_retrieval.rrf_word_bigram.all_answerable.ndcg_at_5,0.8848211218001143
longmemeval.session_retrieval.rrf_word_bigram.all_answerable.hit_at_10,0.9851063829787234
longmemeval.session_retrieval.rrf_word_bigram.all_answerable.recall_at_10,0.9515602836879433
longmemeval.session_retrieval.rrf_word_bigram.all_answerable.complete_at_10,0.9042553191489362
longmemeval.session_retrieval.rrf_word_bigram.all_answerable.ndcg_at_10,0.8991807288815538
longmemeval.session_retrieval.rrf_word_bigram.single-session-user.n,64
longmemeval.session_retrieval.rrf_word_bigram.single-session-user.mrr,0.9770833333333333
longmemeval.session_retrieval.rrf_word_bigram.single-session-user.hit_at_1,0.96875
longmemeval.session_retrieval.rrf_word_bigram.single-session-user.recall_at_1,0.96875
longmemeval.session_retrieval.rrf_word_bigram.single-session-user.complete_at_1,0.96875
longmemeval.session_retrieval.rrf_word_bigram.single-session-user.ndcg_at_1,0.96875
longmemeval.session_retrieval.rrf_word_bigram.single-session-user.hit_at_3,0.984375
longmemeval.session_retrieval.rrf_word_bigram.single-session-user.recall_at_3,0.984375
longmemeval.session_retrieval.rrf_word_bigram.single-session-user.complete_at_3,0.984375
longmemeval.session_retrieval.rrf_word_bigram.single-session-user.ndcg_at_3,0.9765625
longmemeval.session_retrieval.rrf_word_bigram.single-session-user.hit_at_5,1.0
longmemeval.session_retrieval.rrf_word_bigram.single-session-user.recall_at_5,1.0
longmemeval.session_retrieval.rrf_word_bigram.single-session-user.complete_at_5,1.0
longmemeval.session_retrieval.rrf_word_bigram.single-session-user.ndcg_at_5,0.9826070751130397
longmemeval.session_retrieval.rrf_word_bigram.single-session-user.hit_at_10,1.0
longmemeval.session_retrieval.rrf_word_bigram.single-session-user.recall_at_10,1.0
longmemeval.session_retrieval.rrf_word_bigram.single-session-user.complete_at_10,1.0
longmemeval.session_retrieval.rrf_word_bigram.single-session-user.ndcg_at_10,0.9826070751130397
longmemeval.session_retrieval.rrf_word_bigram.multi-session.n,121
longmemeval.session_retrieval.rrf_word_bigram.multi-session.mrr,0.9057068006265867
longmemeval.session_retrieval.rrf_word_bigram.multi-session.hit_at_1,0.859504132231405
longmemeval.session_retrieval.rrf_word_bigram.multi-session.recall_at_1,0.3618457300275482
longmemeval.session_retrieval.rrf_word_bigram.multi-session.complete_at_1,0.0
longmemeval.session_retrieval.rrf_word_bigram.multi-session.ndcg_at_1,0.859504132231405
longmemeval.session_retrieval.rrf_word_bigram.multi-session.hit_at_3,0.9421487603305785
longmemeval.session_retrieval.rrf_word_bigram.multi-session.recall_at_3,0.765564738292011
longmemeval.session_retrieval.rrf_word_bigram.multi-session.complete_at_3,0.5454545454545454
longmemeval.session_retrieval.rrf_word_bigram.multi-session.ndcg_at_3,0.8107050096397243
longmemeval.session_retrieval.rrf_word_bigram.multi-session.hit_at_5,0.9669421487603306
longmemeval.session_retrieval.rrf_word_bigram.multi-session.recall_at_5,0.8512396694214877
longmemeval.session_retrieval.rrf_word_bigram.multi-session.complete_at_5,0.6776859504132231
longmemeval.session_retrieval.rrf_word_bigram.multi-session.ndcg_at_5,0.8330329426034775
longmemeval.session_retrieval.rrf_word_bigram.multi-session.hit_at_10,0.9834710743801653
longmemeval.session_retrieval.rrf_word_bigram.multi-session.recall_at_10,0.9108815426997245
longmemeval.session_retrieval.rrf_word_bigram.multi-session.complete_at_10,0.8099173553719008
longmemeval.session_retrieval.rrf_word_bigram.multi-session.ndcg_at_10,0.8606470474815223
longmemeval.session_retrieval.rrf_word_bigram.single-session-preference.n,30
longmemeval.session_retrieval.rrf_word_bigram.single-session-preference.mrr,0.5285480859010271
longmemeval.session_retrieval.rrf_word_bigram.single-session-preference.hit_at_1,0.3333333333333333
longmemeval.session_retrieval.rrf_word_bigram.single-session-preference.recall_at_1,0.3333333333333333
longmemeval.session_retrieval.rrf_word_bigram.single-session-preference.complete_at_1,0.3333333333333333
longmemeval.session_retrieval.rrf_word_bigram.single-session-preference.ndcg_at_1,0.3333333333333333
longmemeval.session_retrieval.rrf_word_bigram.single-session-preference.hit_at_3,0.6
longmemeval.session_retrieval.rrf_word_bigram.single-session-preference.recall_at_3,0.6
longmemeval.session_retrieval.rrf_word_bigram.single-session-preference.complete_at_3,0.6
longmemeval.session_retrieval.rrf_word_bigram.single-session-preference.ndcg_at_3,0.49285261738095815
longmemeval.session_retrieval.rrf_word_bigram.single-session-preference.hit_at_5,0.8666666666666667
longmemeval.session_retrieval.rrf_word_bigram.single-session-preference.recall_at_5,0.8666666666666667
longmemeval.session_retrieval.rrf_word_bigram.single-session-preference.complete_at_5,0.8666666666666667
longmemeval.session_retrieval.rrf_word_bigram.single-session-preference.ndcg_at_5,0.6003957410607211
longmemeval.session_retrieval.rrf_word_bigram.single-session-preference.hit_at_10,0.9333333333333333
longmemeval.session_retrieval.rrf_word_bigram.single-session-preference.recall_at_10,0.9333333333333333
longmemeval.session_retrieval.rrf_word_bigram.single-session-preference.complete_at_10,0.9333333333333333
longmemeval.session_retrieval.rrf_word_bigram.single-session-preference.ndcg_at_10,0.623380425075433
longmemeval.session_retrieval.rrf_word_bigram.temporal-reasoning.n,127
longmemeval.session_retrieval.rrf_word_bigram.temporal-reasoning.mrr,0.8901806781728042
longmemeval.session_retrieval.rrf_word_bigram.temporal-reasoning.hit_at_1,0.84251968503937
longmemeval.session_retrieval.rrf_word_bigram.temporal-reasoning.recall_at_1,0.43937007874015743
longmemeval.session_retrieval.rrf_word_bigram.temporal-reasoning.complete_at_1,0.11023622047244094
longmemeval.session_retrieval.rrf_word_bigram.temporal-reasoning.ndcg_at_1,0.84251968503937
longmemeval.session_retrieval.rrf_word_bigram.temporal-reasoning.hit_at_3,0.937007874015748
longmemeval.session_retrieval.rrf_word_bigram.temporal-reasoning.recall_at_3,0.8253280839895013
longmemeval.session_retrieval.rrf_word_bigram.temporal-reasoning.complete_at_3,0.7086614173228346
longmemeval.session_retrieval.rrf_word_bigram.temporal-reasoning.ndcg_at_3,0.8383917901857142
longmemeval.session_retrieval.rrf_word_bigram.temporal-reasoning.hit_at_5,0.952755905511811
longmemeval.session_retrieval.rrf_word_bigram.temporal-reasoning.recall_at_5,0.8795275590551181
longmemeval.session_retrieval.rrf_word_bigram.temporal-reasoning.complete_at_5,0.7637795275590551
longmemeval.session_retrieval.rrf_word_bigram.temporal-reasoning.ndcg_at_5,0.8518285647899017
longmemeval.session_retrieval.rrf_word_bigram.temporal-reasoning.hit_at_10,0.9763779527559056
longmemeval.session_retrieval.rrf_word_bigram.temporal-reasoning.recall_at_10,0.9253280839895013
longmemeval.session_retrieval.rrf_word_bigram.temporal-reasoning.complete_at_10,0.8503937007874016
longmemeval.session_retrieval.rrf_word_bigram.temporal-reasoning.ndcg_at_10,0.8717084208054487
longmemeval.session_retrieval.rrf_word_bigram.knowledge-update.n,72
longmemeval.session_retrieval.rrf_word_bigram.knowledge-update.mrr,0.9819444444444445
longmemeval.session_retrieval.rrf_word_bigram.knowledge-update.hit_at_1,0.9722222222222222
longmemeval.session_retrieval.rrf_word_bigram.knowledge-update.recall_at_1,0.4861111111111111
longmemeval.session_retrieval.rrf_word_bigram.knowledge-update.complete_at_1,0.0
longmemeval.session_retrieval.rrf_word_bigram.knowledge-update.ndcg_at_1,0.9722222222222222
longmemeval.session_retrieval.rrf_word_bigram.knowledge-update.hit_at_3,0.9861111111111112
longmemeval.session_retrieval.rrf_word_bigram.knowledge-update.recall_at_3,0.9583333333333334
longmemeval.session_retrieval.rrf_word_bigram.knowledge-update.complete_at_3,0.9305555555555556
longmemeval.session_retrieval.rrf_word_bigram.knowledge-update.ndcg_at_3,0.9581313437913261
longmemeval.session_retrieval.rrf_word_bigram.knowledge-update.hit_at_5,1.0
longmemeval.session_retrieval.rrf_word_bigram.knowledge-update.recall_at_5,0.9861111111111112
longmemeval.session_retrieval.rrf_word_bigram.knowledge-update.complete_at_5,0.9722222222222222
longmemeval.session_retrieval.rrf_word_bigram.knowledge-update.ndcg_at_5,0.9720553947730453
longmemeval.session_retrieval.rrf_word_bigram.knowledge-update.hit_at_10,1.0
longmemeval.session_retrieval.rrf_word_bigram.knowledge-update.recall_at_10,0.9930555555555556
longmemeval.session_retrieval.rrf_word_bigram.knowledge-update.complete_at_10,0.9861111111111112
longmemeval.session_retrieval.rrf_word_bigram.knowledge-update.ndcg_at_10,0.9747418726010628
longmemeval.session_retrieval.rrf_word_bigram.single-session-assistant.n,56
longmemeval.session_retrieval.rrf_word_bigram.single-session-assistant.mrr,1.0
longmemeval.session_retrieval.rrf_word_bigram.single-session-assistant.hit_at_1,1.0
longmemeval.session_retrieval.rrf_word_bigram.single-session-assistant.recall_at_1,1.0
longmemeval.session_retrieval.rrf_word_bigram.single-session-assistant.complete_at_1,1.0
longmemeval.session_retrieval.rrf_word_bigram.single-session-assistant.ndcg_at_1,1.0
longmemeval.session_retrieval.rrf_word_bigram.single-session-assistant.hit_at_3,1.0
longmemeval.session_retrieval.rrf_word_bigram.single-session-assistant.recall_at_3,1.0
longmemeval.session_retrieval.rrf_word_bigram.single-session-assistant.complete_at_3,1.0
longmemeval.session_retrieval.rrf_word_bigram.single-session-assistant.ndcg_at_3,1.0
longmemeval.session_retrieval.rrf_word_bigram.single-session-assistant.hit_at_5,1.0
longmemeval.session_retrieval.rrf_word_bigram.single-session-assistant.recall_at_5,1.0
longmemeval.session_retrieval.rrf_word_bigram.single-session-assistant.complete_at_5,1.0
longmemeval.session_retrieval.rrf_word_bigram.single-session-assistant.ndcg_at_5,1.0
longmemeval.session_retrieval.rrf_word_bigram.single-session-assistant.hit_at_10,1.0
longmemeval.session_retrieval.rrf_word_bigram.single-session-assistant.recall_at_10,1.0
longmemeval.session_retrieval.rrf_word_bigram.single-session-assistant.complete_at_10,1.0
longmemeval.session_retrieval.rrf_word_bigram.single-session-assistant.ndcg_at_10,1.0
longmemeval.session_retrieval.rrf_plus_recency.all_answerable.n,470
longmemeval.session_retrieval.rrf_plus_recency.all_answerable.mrr,0.7869863611565739
longmemeval.session_retrieval.rrf_plus_recency.all_answerable.hit_at_1,0.6468085106382979
longmemeval.session_retrieval.rrf_plus_recency.all_answerable.recall_at_1,0.38840425531914896
longmemeval.session_retrieval.rrf_plus_recency.all_answerable.complete_at_1,0.17872340425531916
longmemeval.session_retrieval.rrf_plus_recency.all_answerable.ndcg_at_1,0.6468085106382979
longmemeval.session_retrieval.rrf_plus_recency.all_answerable.hit_at_3,0.9297872340425531
longmemeval.session_retrieval.rrf_plus_recency.all_answerable.recall_at_3,0.783936170212766
longmemeval.session_retrieval.rrf_plus_recency.all_answerable.complete_at_3,0.6404255319148936
longmemeval.session_retrieval.rrf_plus_recency.all_answerable.ndcg_at_3,0.7200800237345548
longmemeval.session_retrieval.rrf_plus_recency.all_answerable.hit_at_5,0.9680851063829787
longmemeval.session_retrieval.rrf_plus_recency.all_answerable.recall_at_5,0.899290780141844
longmemeval.session_retrieval.rrf_plus_recency.all_answerable.complete_at_5,0.8063829787234043
longmemeval.session_retrieval.rrf_plus_recency.all_answerable.ndcg_at_5,0.7708544649342716
longmemeval.session_retrieval.rrf_plus_recency.all_answerable.hit_at_10,0.9893617021276596
longmemeval.session_retrieval.rrf_plus_recency.all_answerable.recall_at_10,0.950709219858156
longmemeval.session_retrieval.rrf_plus_recency.all_answerable.complete_at_10,0.8978723404255319
longmemeval.session_retrieval.rrf_plus_recency.all_answerable.ndcg_at_10,0.7922970999907143
longmemeval.session_retrieval.rrf_plus_recency.single-session-user.n,64
longmemeval.session_retrieval.rrf_plus_recency.single-session-user.mrr,0.70703125
longmemeval.session_retrieval.rrf_plus_recency.single-session-user.hit_at_1,0.515625
longmemeval.session_retrieval.rrf_plus_recency.single-session-user.recall_at_1,0.515625
longmemeval.session_retrieval.rrf_plus_recency.single-session-user.complete_at_1,0.515625
longmemeval.session_retrieval.rrf_plus_recency.single-session-user.ndcg_at_1,0.515625
longmemeval.session_retrieval.rrf_plus_recency.single-session-user.hit_at_3,0.9375
longmemeval.session_retrieval.rrf_plus_recency.single-session-user.recall_at_3,0.9375
longmemeval.session_retrieval.rrf_plus_recency.single-session-user.complete_at_3,0.9375
longmemeval.session_retrieval.rrf_plus_recency.single-session-user.ndcg_at_3,0.7552033835937564
longmemeval.session_retrieval.rrf_plus_recency.single-session-user.hit_at_5,0.984375
longmemeval.session_retrieval.rrf_plus_recency.single-session-user.recall_at_5,0.984375
longmemeval.session_retrieval.rrf_plus_recency.single-session-user.complete_at_5,0.984375
longmemeval.session_retrieval.rrf_plus_recency.single-session-user.ndcg_at_5,0.7753913472534466
longmemeval.session_retrieval.rrf_plus_recency.single-session-user.hit_at_10,1.0
longmemeval.session_retrieval.rrf_plus_recency.single-session-user.recall_at_10,1.0
longmemeval.session_retrieval.rrf_plus_recency.single-session-user.complete_at_10,1.0
longmemeval.session_retrieval.rrf_plus_recency.single-session-user.ndcg_at_10,0.7809570845520095
longmemeval.session_retrieval.rrf_plus_recency.multi-session.n,121
longmemeval.session_retrieval.rrf_plus_recency.multi-session.mrr,0.8385904499540864
longmemeval.session_retrieval.rrf_plus_recency.multi-session.hit_at_1,0.7272727272727273
longmemeval.session_retrieval.rrf_plus_recency.multi-session.recall_at_1,0.30509641873278237
longmemeval.session_retrieval.rrf_plus_recency.multi-session.complete_at_1,0.0
longmemeval.session_retrieval.rrf_plus_recency.multi-session.ndcg_at_1,0.7272727272727273
longmemeval.session_retrieval.rrf_plus_recency.multi-session.hit_at_3,0.9504132231404959
longmemeval.session_retrieval.rrf_plus_recency.multi-session.recall_at_3,0.6710743801652893
longmemeval.session_retrieval.rrf_plus_recency.multi-session.complete_at_3,0.39669421487603307
longmemeval.session_retrieval.rrf_plus_recency.multi-session.ndcg_at_3,0.6881787258957315
longmemeval.session_retrieval.rrf_plus_recency.multi-session.hit_at_5,0.9752066115702479
longmemeval.session_retrieval.rrf_plus_recency.multi-session.recall_at_5,0.8275482093663913
longmemeval.session_retrieval.rrf_plus_recency.multi-session.complete_at_5,0.628099173553719
longmemeval.session_retrieval.rrf_plus_recency.multi-session.ndcg_at_5,0.7548852802095887
longmemeval.session_retrieval.rrf_plus_recency.multi-session.hit_at_10,0.9834710743801653
longmemeval.session_retrieval.rrf_plus_recency.multi-session.recall_at_10,0.9050964187327823
longmemeval.session_retrieval.rrf_plus_recency.multi-session.complete_at_10,0.8016528925619835
longmemeval.session_retrieval.rrf_plus_recency.multi-session.ndcg_at_10,0.7912499279146409
longmemeval.session_retrieval.rrf_plus_recency.single-session-preference.n,30
longmemeval.session_retrieval.rrf_plus_recency.single-session-preference.mrr,0.5884900284900285
longmemeval.session_retrieval.rrf_plus_recency.single-session-preference.hit_at_1,0.4
longmemeval.session_retrieval.rrf_plus_recency.single-session-preference.recall_at_1,0.4
longmemeval.session_retrieval.rrf_plus_recency.single-session-preference.complete_at_1,0.4
longmemeval.session_retrieval.rrf_plus_recency.single-session-preference.ndcg_at_1,0.4
longmemeval.session_retrieval.rrf_plus_recency.single-session-preference.hit_at_3,0.7333333333333333
longmemeval.session_retrieval.rrf_plus_recency.single-session-preference.recall_at_3,0.7333333333333333
longmemeval.session_retrieval.rrf_plus_recency.single-session-preference.complete_at_3,0.7333333333333333
longmemeval.session_retrieval.rrf_plus_recency.single-session-preference.ndcg_at_3,0.5972169425000068
longmemeval.session_retrieval.rrf_plus_recency.single-session-preference.hit_at_5,0.8333333333333334
longmemeval.session_retrieval.rrf_plus_recency.single-session-preference.recall_at_5,0.8333333333333334
longmemeval.session_retrieval.rrf_plus_recency.single-session-preference.complete_at_5,0.8333333333333334
longmemeval.session_retrieval.rrf_plus_recency.single-session-preference.ndcg_at_5,0.6388238066127178
longmemeval.session_retrieval.rrf_plus_recency.single-session-preference.hit_at_10,0.9333333333333333
longmemeval.session_retrieval.rrf_plus_recency.single-session-preference.recall_at_10,0.9333333333333333
longmemeval.session_retrieval.rrf_plus_recency.single-session-preference.complete_at_10,0.9333333333333333
longmemeval.session_retrieval.rrf_plus_recency.single-session-preference.ndcg_at_10,0.6685279672009127
longmemeval.session_retrieval.rrf_plus_recency.temporal-reasoning.n,127
longmemeval.session_retrieval.rrf_plus_recency.temporal-reasoning.mrr,0.7917410323709536
longmemeval.session_retrieval.rrf_plus_recency.temporal-reasoning.hit_at_1,0.6614173228346457
longmemeval.session_retrieval.rrf_plus_recency.temporal-reasoning.recall_at_1,0.3278215223097113
longmemeval.session_retrieval.rrf_plus_recency.temporal-reasoning.complete_at_1,0.06299212598425197
longmemeval.session_retrieval.rrf_plus_recency.temporal-reasoning.ndcg_at_1,0.6614173228346457
longmemeval.session_retrieval.rrf_plus_recency.temporal-reasoning.hit_at_3,0.905511811023622
longmemeval.session_retrieval.rrf_plus_recency.temporal-reasoning.recall_at_3,0.7224409448818898
longmemeval.session_retrieval.rrf_plus_recency.temporal-reasoning.complete_at_3,0.5433070866141733
longmemeval.session_retrieval.rrf_plus_recency.temporal-reasoning.ndcg_at_3,0.697060537435624
longmemeval.session_retrieval.rrf_plus_recency.temporal-reasoning.hit_at_5,0.9606299212598425
longmemeval.session_retrieval.rrf_plus_recency.temporal-reasoning.recall_at_5,0.8703412073490814
longmemeval.session_retrieval.rrf_plus_recency.temporal-reasoning.complete_at_5,0.7401574803149606
longmemeval.session_retrieval.rrf_plus_recency.temporal-reasoning.ndcg_at_5,0.7607600678531898
longmemeval.session_retrieval.rrf_plus_recency.temporal-reasoning.hit_at_10,0.9921259842519685
longmemeval.session_retrieval.rrf_plus_recency.temporal-reasoning.recall_at_10,0.9316272965879265
longmemeval.session_retrieval.rrf_plus_recency.temporal-reasoning.complete_at_10,0.84251968503937
longmemeval.session_retrieval.rrf_plus_recency.temporal-reasoning.ndcg_at_10,0.7857456630517269
longmemeval.session_retrieval.rrf_plus_recency.knowledge-update.n,72
longmemeval.session_retrieval.rrf_plus_recency.knowledge-update.mrr,0.8813657407407408
longmemeval.session_retrieval.rrf_plus_recency.knowledge-update.hit_at_1,0.7777777777777778
longmemeval.session_retrieval.rrf_plus_recency.knowledge-update.recall_at_1,0.3888888888888889
longmemeval.session_retrieval.rrf_plus_recency.knowledge-update.complete_at_1,0.0
longmemeval.session_retrieval.rrf_plus_recency.knowledge-update.ndcg_at_1,0.7777777777777778
longmemeval.session_retrieval.rrf_plus_recency.knowledge-update.hit_at_3,0.9861111111111112
longmemeval.session_retrieval.rrf_plus_recency.knowledge-update.recall_at_3,0.8263888888888888
longmemeval.session_retrieval.rrf_plus_recency.knowledge-update.complete_at_3,0.6666666666666666
longmemeval.session_retrieval.rrf_plus_recency.knowledge-update.ndcg_at_3,0.7785938290629442
longmemeval.session_retrieval.rrf_plus_recency.knowledge-update.hit_at_5,0.9861111111111112
longmemeval.session_retrieval.rrf_plus_recency.knowledge-update.recall_at_5,0.9444444444444444
longmemeval.session_retrieval.rrf_plus_recency.knowledge-update.complete_at_5,0.9027777777777778
longmemeval.session_retrieval.rrf_plus_recency.knowledge-update.ndcg_at_5,0.8383308459394856
longmemeval.session_retrieval.rrf_plus_recency.knowledge-update.hit_at_10,1.0
longmemeval.session_retrieval.rrf_plus_recency.knowledge-update.recall_at_10,0.9861111111111112
longmemeval.session_retrieval.rrf_plus_recency.knowledge-update.complete_at_10,0.9722222222222222
longmemeval.session_retrieval.rrf_plus_recency.knowledge-update.ndcg_at_10,0.8557949224568291
longmemeval.session_retrieval.rrf_plus_recency.single-session-assistant.n,56
longmemeval.session_retrieval.rrf_plus_recency.single-session-assistant.mrr,0.7410714285714286
longmemeval.session_retrieval.rrf_plus_recency.single-session-assistant.hit_at_1,0.5535714285714286
longmemeval.session_retrieval.rrf_plus_recency.single-session-assistant.recall_at_1,0.5535714285714286
longmemeval.session_retrieval.rrf_plus_recency.single-session-assistant.complete_at_1,0.5535714285714286
longmemeval.session_retrieval.rrf_plus_recency.single-session-assistant.ndcg_at_1,0.5535714285714286
longmemeval.session_retrieval.rrf_plus_recency.single-session-assistant.hit_at_3,0.9642857142857143
longmemeval.session_retrieval.rrf_plus_recency.single-session-assistant.recall_at_3,0.9642857142857143
longmemeval.session_retrieval.rrf_plus_recency.single-session-assistant.complete_at_3,0.9642857142857143
longmemeval.session_retrieval.rrf_plus_recency.single-session-assistant.ndcg_at_3,0.7916610098214358
longmemeval.session_retrieval.rrf_plus_recency.single-session-assistant.hit_at_5,1.0
longmemeval.session_retrieval.rrf_plus_recency.single-session-assistant.recall_at_5,1.0
longmemeval.session_retrieval.rrf_plus_recency.single-session-assistant.complete_at_5,1.0
longmemeval.session_retrieval.rrf_plus_recency.single-session-assistant.ndcg_at_5,0.8070423154669141
longmemeval.session_retrieval.rrf_plus_recency.single-session-assistant.hit_at_10,1.0
longmemeval.session_retrieval.rrf_plus_recency.single-session-assistant.recall_at_10,1.0
longmemeval.session_retrieval.rrf_plus_recency.single-session-assistant.complete_at_10,1.0
longmemeval.session_retrieval.rrf_plus_recency.single-session-assistant.ndcg_at_10,0.8070423154669141
longmemeval.session_retrieval.rrf_neighbor.all_answerable.n,470
longmemeval.session_retrieval.rrf_neighbor.all_answerable.mrr,0.7494684731095705
longmemeval.session_retrieval.rrf_neighbor.all_answerable.hit_at_1,0.6191489361702127
longmemeval.session_retrieval.rrf_neighbor.all_answerable.recall_at_1,0.36648936170212765
longmemeval.session_retrieval.rrf_neighbor.all_answerable.complete_at_1,0.16382978723404254
longmemeval.session_retrieval.rrf_neighbor.all_answerable.ndcg_at_1,0.6191489361702127
longmemeval.session_retrieval.rrf_neighbor.all_answerable.hit_at_3,0.8617021276595744
longmemeval.session_retrieval.rrf_neighbor.all_answerable.recall_at_3,0.6871631205673758
longmemeval.session_retrieval.rrf_neighbor.all_answerable.complete_at_3,0.5085106382978724
longmemeval.session_retrieval.rrf_neighbor.all_answerable.ndcg_at_3,0.6514012121849527
longmemeval.session_retrieval.rrf_neighbor.all_answerable.hit_at_5,0.9319148936170213
longmemeval.session_retrieval.rrf_neighbor.all_answerable.recall_at_5,0.8189361702127659
longmemeval.session_retrieval.rrf_neighbor.all_answerable.complete_at_5,0.6829787234042554
longmemeval.session_retrieval.rrf_neighbor.all_answerable.ndcg_at_5,0.7063502514413943
longmemeval.session_retrieval.rrf_neighbor.all_answerable.hit_at_10,0.9638297872340426
longmemeval.session_retrieval.rrf_neighbor.all_answerable.recall_at_10,0.9076241134751772
longmemeval.session_retrieval.rrf_neighbor.all_answerable.complete_at_10,0.8319148936170213
longmemeval.session_retrieval.rrf_neighbor.all_answerable.ndcg_at_10,0.7428748336336338
longmemeval.session_retrieval.rrf_neighbor.single-session-user.n,64
longmemeval.session_retrieval.rrf_neighbor.single-session-user.mrr,0.6239397321428571
longmemeval.session_retrieval.rrf_neighbor.single-session-user.hit_at_1,0.4375
longmemeval.session_retrieval.rrf_neighbor.single-session-user.recall_at_1,0.4375
longmemeval.session_retrieval.rrf_neighbor.single-session-user.complete_at_1,0.4375
longmemeval.session_retrieval.rrf_neighbor.single-session-user.ndcg_at_1,0.4375
longmemeval.session_retrieval.rrf_neighbor.single-session-user.hit_at_3,0.796875
longmemeval.session_retrieval.rrf_neighbor.single-session-user.recall_at_3,0.796875
longmemeval.session_retrieval.rrf_neighbor.single-session-user.complete_at_3,0.796875
longmemeval.session_retrieval.rrf_neighbor.single-session-user.ndcg_at_3,0.6458283835937564
longmemeval.session_retrieval.rrf_neighbor.single-session-user.hit_at_5,0.859375
longmemeval.session_retrieval.rrf_neighbor.single-session-user.recall_at_5,0.859375
longmemeval.session_retrieval.rrf_neighbor.single-session-user.complete_at_5,0.859375
longmemeval.session_retrieval.rrf_neighbor.single-session-user.ndcg_at_5,0.6720609223664864
longmemeval.session_retrieval.rrf_neighbor.single-session-user.hit_at_10,0.9375
longmemeval.session_retrieval.rrf_neighbor.single-session-user.recall_at_10,0.9375
longmemeval.session_retrieval.rrf_neighbor.single-session-user.complete_at_10,0.9375
longmemeval.session_retrieval.rrf_neighbor.single-session-user.ndcg_at_10,0.6985382023300557
longmemeval.session_retrieval.rrf_neighbor.multi-session.n,121
longmemeval.session_retrieval.rrf_neighbor.multi-session.mrr,0.8074868519909842
longmemeval.session_retrieval.rrf_neighbor.multi-session.hit_at_1,0.6942148760330579
longmemeval.session_retrieval.rrf_neighbor.multi-session.recall_at_1,0.28264462809917357
longmemeval.session_retrieval.rrf_neighbor.multi-session.complete_at_1,0.0
longmemeval.session_retrieval.rrf_neighbor.multi-session.ndcg_at_1,0.6942148760330579
longmemeval.session_retrieval.rrf_neighbor.multi-session.hit_at_3,0.9173553719008265
longmemeval.session_retrieval.rrf_neighbor.multi-session.recall_at_3,0.6020661157024793
longmemeval.session_retrieval.rrf_neighbor.multi-session.complete_at_3,0.2727272727272727
longmemeval.session_retrieval.rrf_neighbor.multi-session.ndcg_at_3,0.6353238528463088
longmemeval.session_retrieval.rrf_neighbor.multi-session.hit_at_5,0.9669421487603306
longmemeval.session_retrieval.rrf_neighbor.multi-session.recall_at_5,0.75633608815427
longmemeval.session_retrieval.rrf_neighbor.multi-session.complete_at_5,0.49586776859504134
longmemeval.session_retrieval.rrf_neighbor.multi-session.ndcg_at_5,0.6939027321081092
longmemeval.session_retrieval.rrf_neighbor.multi-session.hit_at_10,0.9834710743801653
longmemeval.session_retrieval.rrf_neighbor.multi-session.recall_at_10,0.8895316804407714
longmemeval.session_retrieval.rrf_neighbor.multi-session.complete_at_10,0.7520661157024794
longmemeval.session_retrieval.rrf_neighbor.multi-session.ndcg_at_10,0.7539069268918545
longmemeval.session_retrieval.rrf_neighbor.single-session-preference.n,30
longmemeval.session_retrieval.rrf_neighbor.single-session-preference.mrr,0.4374867724867725
longmemeval.session_retrieval.rrf_neighbor.single-session-preference.hit_at_1,0.23333333333333334
longmemeval.session_retrieval.rrf_neighbor.single-session-preference.recall_at_1,0.23333333333333334
longmemeval.session_retrieval.rrf_neighbor.single-session-preference.complete_at_1,0.23333333333333334
longmemeval.session_retrieval.rrf_neighbor.single-session-preference.ndcg_at_1,0.23333333333333334
longmemeval.session_retrieval.rrf_neighbor.single-session-preference.hit_at_3,0.5666666666666667
longmemeval.session_retrieval.rrf_neighbor.single-session-preference.recall_at_3,0.5666666666666667
longmemeval.session_retrieval.rrf_neighbor.single-session-preference.complete_at_3,0.5666666666666667
longmemeval.session_retrieval.rrf_neighbor.single-session-preference.ndcg_at_3,0.4218216255952429
longmemeval.session_retrieval.rrf_neighbor.single-session-preference.hit_at_5,0.7333333333333333
longmemeval.session_retrieval.rrf_neighbor.single-session-preference.recall_at_5,0.7333333333333333
longmemeval.session_retrieval.rrf_neighbor.single-session-preference.complete_at_5,0.7333333333333333
longmemeval.session_retrieval.rrf_neighbor.single-session-preference.ndcg_at_5,0.4921402602461801
longmemeval.session_retrieval.rrf_neighbor.single-session-preference.hit_at_10,0.8333333333333334
longmemeval.session_retrieval.rrf_neighbor.single-session-preference.recall_at_10,0.8333333333333334
longmemeval.session_retrieval.rrf_neighbor.single-session-preference.complete_at_10,0.8333333333333334
longmemeval.session_retrieval.rrf_neighbor.single-session-preference.ndcg_at_10,0.5247604384714882
longmemeval.session_retrieval.rrf_neighbor.temporal-reasoning.n,127
longmemeval.session_retrieval.rrf_neighbor.temporal-reasoning.mrr,0.7882950164446227
longmemeval.session_retrieval.rrf_neighbor.temporal-reasoning.hit_at_1,0.6692913385826772
longmemeval.session_retrieval.rrf_neighbor.temporal-reasoning.recall_at_1,0.3429133858267716
longmemeval.session_retrieval.rrf_neighbor.temporal-reasoning.complete_at_1,0.07874015748031496
longmemeval.session_retrieval.rrf_neighbor.temporal-reasoning.ndcg_at_1,0.6692913385826772
longmemeval.session_retrieval.rrf_neighbor.temporal-reasoning.hit_at_3,0.905511811023622
longmemeval.session_retrieval.rrf_neighbor.temporal-reasoning.recall_at_3,0.713517060367454
longmemeval.session_retrieval.rrf_neighbor.temporal-reasoning.complete_at_3,0.5196850393700787
longmemeval.session_retrieval.rrf_neighbor.temporal-reasoning.ndcg_at_3,0.6947401517245783
longmemeval.session_retrieval.rrf_neighbor.temporal-reasoning.hit_at_5,0.937007874015748
longmemeval.session_retrieval.rrf_neighbor.temporal-reasoning.recall_at_5,0.8258530183727034
longmemeval.session_retrieval.rrf_neighbor.temporal-reasoning.complete_at_5,0.6771653543307087
longmemeval.session_retrieval.rrf_neighbor.temporal-reasoning.ndcg_at_5,0.7400290713187742
longmemeval.session_retrieval.rrf_neighbor.temporal-reasoning.hit_at_10,0.968503937007874
longmemeval.session_retrieval.rrf_neighbor.temporal-reasoning.recall_at_10,0.9011811023622047
longmemeval.session_retrieval.rrf_neighbor.temporal-reasoning.complete_at_10,0.8031496062992126
longmemeval.session_retrieval.rrf_neighbor.temporal-reasoning.ndcg_at_10,0.7716117610974652
longmemeval.session_retrieval.rrf_neighbor.knowledge-update.n,72
longmemeval.session_retrieval.rrf_neighbor.knowledge-update.mrr,0.8511574074074074
longmemeval.session_retrieval.rrf_neighbor.knowledge-update.hit_at_1,0.7638888888888888
longmemeval.session_retrieval.rrf_neighbor.knowledge-update.recall_at_1,0.3819444444444444
longmemeval.session_retrieval.rrf_neighbor.knowledge-update.complete_at_1,0.0
longmemeval.session_retrieval.rrf_neighbor.knowledge-update.ndcg_at_1,0.7638888888888888
longmemeval.session_retrieval.rrf_neighbor.knowledge-update.hit_at_3,0.9444444444444444
longmemeval.session_retrieval.rrf_neighbor.knowledge-update.recall_at_3,0.6736111111111112
longmemeval.session_retrieval.rrf_neighbor.knowledge-update.complete_at_3,0.4027777777777778
longmemeval.session_retrieval.rrf_neighbor.knowledge-update.ndcg_at_3,0.6683957174494344
longmemeval.session_retrieval.rrf_neighbor.knowledge-update.hit_at_5,1.0
longmemeval.session_retrieval.rrf_neighbor.knowledge-update.recall_at_5,0.8125
longmemeval.session_retrieval.rrf_neighbor.knowledge-update.complete_at_5,0.625
longmemeval.session_retrieval.rrf_neighbor.knowledge-update.ndcg_at_5,0.7387623726303435
longmemeval.session_retrieval.rrf_neighbor.knowledge-update.hit_at_10,1.0
longmemeval.session_retrieval.rrf_neighbor.knowledge-update.recall_at_10,0.9097222222222222
longmemeval.session_retrieval.rrf_neighbor.knowledge-update.complete_at_10,0.8194444444444444
longmemeval.session_retrieval.rrf_neighbor.knowledge-update.ndcg_at_10,0.7785635671871474
longmemeval.session_retrieval.rrf_neighbor.single-session-assistant.n,56
longmemeval.session_retrieval.rrf_neighbor.single-session-assistant.mrr,0.715905836018618
longmemeval.session_retrieval.rrf_neighbor.single-session-assistant.hit_at_1,0.5714285714285714
longmemeval.session_retrieval.rrf_neighbor.single-session-assistant.recall_at_1,0.5714285714285714
longmemeval.session_retrieval.rrf_neighbor.single-session-assistant.complete_at_1,0.5714285714285714
longmemeval.session_retrieval.rrf_neighbor.single-session-assistant.ndcg_at_1,0.5714285714285714
longmemeval.session_retrieval.rrf_neighbor.single-session-assistant.hit_at_3,0.7678571428571429
longmemeval.session_retrieval.rrf_neighbor.single-session-assistant.recall_at_3,0.7678571428571429
longmemeval.session_retrieval.rrf_neighbor.single-session-assistant.complete_at_3,0.7678571428571429
longmemeval.session_retrieval.rrf_neighbor.single-session-assistant.ndcg_at_3,0.6953612015943935
longmemeval.session_retrieval.rrf_neighbor.single-session-assistant.hit_at_5,0.9464285714285714
longmemeval.session_retrieval.rrf_neighbor.single-session-assistant.recall_at_5,0.9464285714285714
longmemeval.session_retrieval.rrf_neighbor.single-session-assistant.complete_at_5,0.9464285714285714
longmemeval.session_retrieval.rrf_neighbor.single-session-assistant.ndcg_at_5,0.7691374619047242
longmemeval.session_retrieval.rrf_neighbor.single-session-assistant.hit_at_10,0.9642857142857143
longmemeval.session_retrieval.rrf_neighbor.single-session-assistant.recall_at_10,0.9642857142857143
longmemeval.session_retrieval.rrf_neighbor.single-session-assistant.complete_at_10,0.9642857142857143
longmemeval.session_retrieval.rrf_neighbor.single-session-assistant.ndcg_at_10,0.7754983045316531
longmemeval.session_retrieval.word_alternate.all_answerable.n,470
longmemeval.session_retrieval.word_alternate.all_answerable.mrr,0.8995664763150887
longmemeval.session_retrieval.word_alternate.all_answerable.hit_at_1,0.8553191489361702
longmemeval.session_retrieval.word_alternate.all_answerable.recall_at_1,0.5486879432624113
longmemeval.session_retrieval.word_alternate.all_answerable.complete_at_1,0.2936170212765957
longmemeval.session_retrieval.word_alternate.all_answerable.ndcg_at_1,0.8553191489361702
longmemeval.session_retrieval.word_alternate.all_answerable.hit_at_3,0.9361702127659575
longmemeval.session_retrieval.word_alternate.all_answerable.recall_at_3,0.85177304964539
longmemeval.session_retrieval.word_alternate.all_answerable.complete_at_3,0.7702127659574468
longmemeval.session_retrieval.word_alternate.all_answerable.ndcg_at_3,0.8560482717657708
longmemeval.session_retrieval.word_alternate.all_answerable.hit_at_5,0.9531914893617022
longmemeval.session_retrieval.word_alternate.all_answerable.recall_at_5,0.8999645390070923
longmemeval.session_retrieval.word_alternate.all_answerable.complete_at_5,0.8276595744680851
longmemeval.session_retrieval.word_alternate.all_answerable.ndcg_at_5,0.8719278852393919
longmemeval.session_retrieval.word_alternate.all_answerable.hit_at_10,0.9638297872340426
longmemeval.session_retrieval.word_alternate.all_answerable.recall_at_10,0.929290780141844
longmemeval.session_retrieval.word_alternate.all_answerable.complete_at_10,0.8851063829787233
longmemeval.session_retrieval.word_alternate.all_answerable.ndcg_at_10,0.8845389228272912
longmemeval.session_retrieval.word_alternate.single-session-user.n,64
longmemeval.session_retrieval.word_alternate.single-session-user.mrr,0.984375
longmemeval.session_retrieval.word_alternate.single-session-user.hit_at_1,0.96875
longmemeval.session_retrieval.word_alternate.single-session-user.recall_at_1,0.96875
longmemeval.session_retrieval.word_alternate.single-session-user.complete_at_1,0.96875
longmemeval.session_retrieval.word_alternate.single-session-user.ndcg_at_1,0.96875
longmemeval.session_retrieval.word_alternate.single-session-user.hit_at_3,1.0
longmemeval.session_retrieval.word_alternate.single-session-user.recall_at_3,1.0
longmemeval.session_retrieval.word_alternate.single-session-user.complete_at_3,1.0
longmemeval.session_retrieval.word_alternate.single-session-user.ndcg_at_3,0.988466554799108
longmemeval.session_retrieval.word_alternate.single-session-user.hit_at_5,1.0
longmemeval.session_retrieval.word_alternate.single-session-user.recall_at_5,1.0
longmemeval.session_retrieval.word_alternate.single-session-user.complete_at_5,1.0
longmemeval.session_retrieval.word_alternate.single-session-user.ndcg_at_5,0.988466554799108
longmemeval.session_retrieval.word_alternate.single-session-user.hit_at_10,1.0
longmemeval.session_retrieval.word_alternate.single-session-user.recall_at_10,1.0
longmemeval.session_retrieval.word_alternate.single-session-user.complete_at_10,1.0
longmemeval.session_retrieval.word_alternate.single-session-user.ndcg_at_10,0.988466554799108
longmemeval.session_retrieval.word_alternate.multi-session.n,121
longmemeval.session_retrieval.word_alternate.multi-session.mrr,0.8950175627861578
longmemeval.session_retrieval.word_alternate.multi-session.hit_at_1,0.8347107438016529
longmemeval.session_retrieval.word_alternate.multi-session.recall_at_1,0.35853994490358126
longmemeval.session_retrieval.word_alternate.multi-session.complete_at_1,0.0
longmemeval.session_retrieval.word_alternate.multi-session.ndcg_at_1,0.8347107438016529
longmemeval.session_retrieval.word_alternate.multi-session.hit_at_3,0.9586776859504132
longmemeval.session_retrieval.word_alternate.multi-session.recall_at_3,0.759641873278237
longmemeval.session_retrieval.word_alternate.multi-session.complete_at_3,0.5702479338842975
longmemeval.session_retrieval.word_alternate.multi-session.ndcg_at_3,0.7987409087157629
longmemeval.session_retrieval.word_alternate.multi-session.hit_at_5,0.9669421487603306
longmemeval.session_retrieval.word_alternate.multi-session.recall_at_5,0.85
longmemeval.session_retrieval.word_alternate.multi-session.complete_at_5,0.6859504132231405
longmemeval.session_retrieval.word_alternate.multi-session.ndcg_at_5,0.82749934373895
longmemeval.session_retrieval.word_alternate.multi-session.hit_at_10,0.9752066115702479
longmemeval.session_retrieval.word_alternate.multi-session.recall_at_10,0.8964187327823692
longmemeval.session_retrieval.word_alternate.multi-session.complete_at_10,0.7851239669421488
longmemeval.session_retrieval.word_alternate.multi-session.ndcg_at_10,0.8507020561772253
longmemeval.session_retrieval.word_alternate.single-session-preference.n,30
longmemeval.session_retrieval.word_alternate.single-session-preference.mrr,0.5410874502253813
longmemeval.session_retrieval.word_alternate.single-session-preference.hit_at_1,0.4
longmemeval.session_retrieval.word_alternate.single-session-preference.recall_at_1,0.4
longmemeval.session_retrieval.word_alternate.single-session-preference.complete_at_1,0.4
longmemeval.session_retrieval.word_alternate.single-session-preference.ndcg_at_1,0.4
longmemeval.session_retrieval.word_alternate.single-session-preference.hit_at_3,0.6
longmemeval.session_retrieval.word_alternate.single-session-preference.recall_at_3,0.6
longmemeval.session_retrieval.word_alternate.single-session-preference.complete_at_3,0.6
longmemeval.session_retrieval.word_alternate.single-session-preference.ndcg_at_3,0.5174573004761943
longmemeval.session_retrieval.word_alternate.single-session-preference.hit_at_5,0.7333333333333333
longmemeval.session_retrieval.word_alternate.single-session-preference.recall_at_5,0.7333333333333333
longmemeval.session_retrieval.word_alternate.single-session-preference.complete_at_5,0.7333333333333333
longmemeval.session_retrieval.word_alternate.single-session-preference.ndcg_at_5,0.57195925816339
longmemeval.session_retrieval.word_alternate.single-session-preference.hit_at_10,0.8333333333333334
longmemeval.session_retrieval.word_alternate.single-session-preference.recall_at_10,0.8333333333333334
longmemeval.session_retrieval.word_alternate.single-session-preference.complete_at_10,0.8333333333333334
longmemeval.session_retrieval.word_alternate.single-session-preference.ndcg_at_10,0.6049782753669012
longmemeval.session_retrieval.word_alternate.temporal-reasoning.n,127
longmemeval.session_retrieval.word_alternate.temporal-reasoning.mrr,0.8949036477147674
longmemeval.session_retrieval.word_alternate.temporal-reasoning.hit_at_1,0.8582677165354331
longmemeval.session_retrieval.word_alternate.temporal-reasoning.recall_at_1,0.4448818897637795
longmemeval.session_retrieval.word_alternate.temporal-reasoning.complete_at_1,0.11023622047244094
longmemeval.session_retrieval.word_alternate.temporal-reasoning.ndcg_at_1,0.8582677165354331
longmemeval.session_retrieval.word_alternate.temporal-reasoning.hit_at_3,0.9212598425196851
longmemeval.session_retrieval.word_alternate.temporal-reasoning.recall_at_3,0.8103674540682415
longmemeval.session_retrieval.word_alternate.temporal-reasoning.complete_at_3,0.7007874015748031
longmemeval.session_retrieval.word_alternate.temporal-reasoning.ndcg_at_3,0.829948998428318
longmemeval.session_retrieval.word_alternate.temporal-reasoning.hit_at_5,0.9448818897637795
longmemeval.session_retrieval.word_alternate.temporal-reasoning.recall_at_5,0.8632545931758531
longmemeval.session_retrieval.word_alternate.temporal-reasoning.complete_at_5,0.7559055118110236
longmemeval.session_retrieval.word_alternate.temporal-reasoning.ndcg_at_5,0.8444948498364955
longmemeval.session_retrieval.word_alternate.temporal-reasoning.hit_at_10,0.952755905511811
longmemeval.session_retrieval.word_alternate.temporal-reasoning.recall_at_10,0.9
longmemeval.session_retrieval.word_alternate.temporal-reasoning.complete_at_10,0.84251968503937
longmemeval.session_retrieval.word_alternate.temporal-reasoning.ndcg_at_10,0.8598637447844637
longmemeval.session_retrieval.word_alternate.knowledge-update.n,72
longmemeval.session_retrieval.word_alternate.knowledge-update.mrr,0.9722222222222222
longmemeval.session_retrieval.word_alternate.knowledge-update.hit_at_1,0.9444444444444444
longmemeval.session_retrieval.word_alternate.knowledge-update.recall_at_1,0.4722222222222222
longmemeval.session_retrieval.word_alternate.knowledge-update.complete_at_1,0.0
longmemeval.session_retrieval.word_alternate.knowledge-update.ndcg_at_1,0.9444444444444444
longmemeval.session_retrieval.word_alternate.knowledge-update.hit_at_3,1.0
longmemeval.session_retrieval.word_alternate.knowledge-update.recall_at_3,0.9791666666666666
longmemeval.session_retrieval.word_alternate.knowledge-update.complete_at_3,0.9583333333333334
longmemeval.session_retrieval.word_alternate.knowledge-update.ndcg_at_3,0.9668492665661869
longmemeval.session_retrieval.word_alternate.knowledge-update.hit_at_5,1.0
longmemeval.session_retrieval.word_alternate.knowledge-update.recall_at_5,0.9930555555555556
longmemeval.session_retrieval.word_alternate.knowledge-update.complete_at_5,0.9861111111111112
longmemeval.session_retrieval.word_alternate.knowledge-update.ndcg_at_5,0.9738112920570465
longmemeval.session_retrieval.word_alternate.knowledge-update.hit_at_10,1.0
longmemeval.session_retrieval.word_alternate.knowledge-update.recall_at_10,1.0
longmemeval.session_retrieval.word_alternate.knowledge-update.complete_at_10,1.0
longmemeval.session_retrieval.word_alternate.knowledge-update.ndcg_at_10,0.976272948817936
longmemeval.session_retrieval.word_alternate.single-session-assistant.n,56
longmemeval.session_retrieval.word_alternate.single-session-assistant.mrr,0.9216737857933871
longmemeval.session_retrieval.word_alternate.single-session-assistant.hit_at_1,0.8928571428571429
longmemeval.session_retrieval.word_alternate.single-session-assistant.recall_at_1,0.8928571428571429
longmemeval.session_retrieval.word_alternate.single-session-assistant.complete_at_1,0.8928571428571429
longmemeval.session_retrieval.word_alternate.single-session-assistant.ndcg_at_1,0.8928571428571429
longmemeval.session_retrieval.word_alternate.single-session-assistant.hit_at_3,0.9464285714285714
longmemeval.session_retrieval.word_alternate.single-session-assistant.recall_at_3,0.9464285714285714
longmemeval.session_retrieval.word_alternate.single-session-assistant.complete_at_3,0.9464285714285714
longmemeval.session_retrieval.word_alternate.single-session-assistant.ndcg_at_3,0.9266569510841852
longmemeval.session_retrieval.word_alternate.single-session-assistant.hit_at_5,0.9464285714285714
longmemeval.session_retrieval.word_alternate.single-session-assistant.recall_at_5,0.9464285714285714
longmemeval.session_retrieval.word_alternate.single-session-assistant.complete_at_5,0.9464285714285714
longmemeval.session_retrieval.word_alternate.single-session-assistant.ndcg_at_5,0.9266569510841852
longmemeval.session_retrieval.word_alternate.single-session-assistant.hit_at_10,0.9464285714285714
longmemeval.session_retrieval.word_alternate.single-session-assistant.recall_at_10,0.9464285714285714
longmemeval.session_retrieval.word_alternate.single-session-assistant.complete_at_10,0.9464285714285714
longmemeval.session_retrieval.word_alternate.single-session-assistant.ndcg_at_10,0.9266569510841852
longmemeval.session_retrieval.rrf_word_alternate.all_answerable.n,470
longmemeval.session_retrieval.rrf_word_alternate.all_answerable.mrr,0.9109836506966966
longmemeval.session_retrieval.rrf_word_alternate.all_answerable.hit_at_1,0.8702127659574468
longmemeval.session_retrieval.rrf_word_alternate.all_answerable.recall_at_1,0.5579078014184397
longmemeval.session_retrieval.rrf_word_alternate.all_answerable.complete_at_1,0.3
longmemeval.session_retrieval.rrf_word_alternate.all_answerable.ndcg_at_1,0.8702127659574468
longmemeval.session_retrieval.rrf_word_alternate.all_answerable.hit_at_3,0.9468085106382979
longmemeval.session_retrieval.rrf_word_alternate.all_answerable.recall_at_3,0.871418439716312
longmemeval.session_retrieval.rrf_word_alternate.all_answerable.complete_at_3,0.7829787234042553
longmemeval.session_retrieval.rrf_word_alternate.all_answerable.ndcg_at_3,0.8761292621611673
longmemeval.session_retrieval.rrf_word_alternate.all_answerable.hit_at_5,0.9617021276595744
longmemeval.session_retrieval.rrf_word_alternate.all_answerable.recall_at_5,0.9102127659574468
longmemeval.session_retrieval.rrf_word_alternate.all_answerable.complete_at_5,0.8446808510638298
longmemeval.session_retrieval.rrf_word_alternate.all_answerable.ndcg_at_5,0.8859368359122312
longmemeval.session_retrieval.rrf_word_alternate.all_answerable.hit_at_10,0.9744680851063829
longmemeval.session_retrieval.rrf_word_alternate.all_answerable.recall_at_10,0.9452836879432625
longmemeval.session_retrieval.rrf_word_alternate.all_answerable.complete_at_10,0.9042553191489362
longmemeval.session_retrieval.rrf_word_alternate.all_answerable.ndcg_at_10,0.9005705459403975
longmemeval.session_retrieval.rrf_word_alternate.single-session-user.n,64
longmemeval.session_retrieval.rrf_word_alternate.single-session-user.mrr,0.984375
longmemeval.session_retrieval.rrf_word_alternate.single-session-user.hit_at_1,0.96875
longmemeval.session_retrieval.rrf_word_alternate.single-session-user.recall_at_1,0.96875
longmemeval.session_retrieval.rrf_word_alternate.single-session-user.complete_at_1,0.96875
longmemeval.session_retrieval.rrf_word_alternate.single-session-user.ndcg_at_1,0.96875
longmemeval.session_retrieval.rrf_word_alternate.single-session-user.hit_at_3,1.0
longmemeval.session_retrieval.rrf_word_alternate.single-session-user.recall_at_3,1.0
longmemeval.session_retrieval.rrf_word_alternate.single-session-user.complete_at_3,1.0
longmemeval.session_retrieval.rrf_word_alternate.single-session-user.ndcg_at_3,0.988466554799108
longmemeval.session_retrieval.rrf_word_alternate.single-session-user.hit_at_5,1.0
longmemeval.session_retrieval.rrf_word_alternate.single-session-user.recall_at_5,1.0
longmemeval.session_retrieval.rrf_word_alternate.single-session-user.complete_at_5,1.0
longmemeval.session_retrieval.rrf_word_alternate.single-session-user.ndcg_at_5,0.988466554799108
longmemeval.session_retrieval.rrf_word_alternate.single-session-user.hit_at_10,1.0
longmemeval.session_retrieval.rrf_word_alternate.single-session-user.recall_at_10,1.0
longmemeval.session_retrieval.rrf_word_alternate.single-session-user.complete_at_10,1.0
longmemeval.session_retrieval.rrf_word_alternate.single-session-user.ndcg_at_10,0.988466554799108
longmemeval.session_retrieval.rrf_word_alternate.multi-session.n,121
longmemeval.session_retrieval.rrf_word_alternate.multi-session.mrr,0.9131116358389085
longmemeval.session_retrieval.rrf_word_alternate.multi-session.hit_at_1,0.8677685950413223
longmemeval.session_retrieval.rrf_word_alternate.multi-session.recall_at_1,0.36955922865013774
longmemeval.session_retrieval.rrf_word_alternate.multi-session.complete_at_1,0.0
longmemeval.session_retrieval.rrf_word_alternate.multi-session.ndcg_at_1,0.8677685950413223
longmemeval.session_retrieval.rrf_word_alternate.multi-session.hit_at_3,0.9586776859504132
longmemeval.session_retrieval.rrf_word_alternate.multi-session.recall_at_3,0.7913223140495868
longmemeval.session_retrieval.rrf_word_alternate.multi-session.complete_at_3,0.5867768595041323
longmemeval.session_retrieval.rrf_word_alternate.multi-session.ndcg_at_3,0.8372694322477189
longmemeval.session_retrieval.rrf_word_alternate.multi-session.hit_at_5,0.9752066115702479
longmemeval.session_retrieval.rrf_word_alternate.multi-session.recall_at_5,0.8581267217630854
longmemeval.session_retrieval.rrf_word_alternate.multi-session.complete_at_5,0.7107438016528925
longmemeval.session_retrieval.rrf_word_alternate.multi-session.ndcg_at_5,0.8498727367261134
longmemeval.session_retrieval.rrf_word_alternate.multi-session.hit_at_10,0.9752066115702479
longmemeval.session_retrieval.rrf_word_alternate.multi-session.recall_at_10,0.9090909090909091
longmemeval.session_retrieval.rrf_word_alternate.multi-session.complete_at_10,0.8181818181818182
longmemeval.session_retrieval.rrf_word_alternate.multi-session.ndcg_at_10,0.8740397168723901
longmemeval.session_retrieval.rrf_word_alternate.single-session-preference.n,30
longmemeval.session_retrieval.rrf_word_alternate.single-session-preference.mrr,0.5681180223285486
longmemeval.session_retrieval.rrf_word_alternate.single-session-preference.hit_at_1,0.4
longmemeval.session_retrieval.rrf_word_alternate.single-session-preference.recall_at_1,0.4
longmemeval.session_retrieval.rrf_word_alternate.single-session-preference.complete_at_1,0.4
longmemeval.session_retrieval.rrf_word_alternate.single-session-preference.ndcg_at_1,0.4
longmemeval.session_retrieval.rrf_word_alternate.single-session-preference.hit_at_3,0.7
longmemeval.session_retrieval.rrf_word_alternate.single-session-preference.recall_at_3,0.7
longmemeval.session_retrieval.rrf_word_alternate.single-session-preference.complete_at_3,0.7
longmemeval.session_retrieval.rrf_word_alternate.single-session-preference.ndcg_at_3,0.5674573004761944
longmemeval.session_retrieval.rrf_word_alternate.single-session-preference.hit_at_5,0.8333333333333334
longmemeval.session_retrieval.rrf_word_alternate.single-session-preference.recall_at_5,0.8333333333333334
longmemeval.session_retrieval.rrf_word_alternate.single-session-preference.complete_at_5,0.8333333333333334
longmemeval.session_retrieval.rrf_word_alternate.single-session-preference.ndcg_at_5,0.6219592581633899
longmemeval.session_retrieval.rrf_word_alternate.single-session-preference.hit_at_10,0.9
longmemeval.session_retrieval.rrf_word_alternate.single-session-preference.recall_at_10,0.9
longmemeval.session_retrieval.rrf_word_alternate.single-session-preference.complete_at_10,0.9
longmemeval.session_retrieval.rrf_word_alternate.single-session-preference.ndcg_at_10,0.6443483269598483
longmemeval.session_retrieval.rrf_word_alternate.temporal-reasoning.n,127
longmemeval.session_retrieval.rrf_word_alternate.temporal-reasoning.mrr,0.9000915929169141
longmemeval.session_retrieval.rrf_word_alternate.temporal-reasoning.hit_at_1,0.8582677165354331
longmemeval.session_retrieval.rrf_word_alternate.temporal-reasoning.recall_at_1,0.4448818897637795
longmemeval.session_retrieval.rrf_word_alternate.temporal-reasoning.complete_at_1,0.11023622047244094
longmemeval.session_retrieval.rrf_word_alternate.temporal-reasoning.ndcg_at_1,0.8582677165354331
longmemeval.session_retrieval.rrf_word_alternate.temporal-reasoning.hit_at_3,0.937007874015748
longmemeval.session_retrieval.rrf_word_alternate.temporal-reasoning.recall_at_3,0.829265091863517
longmemeval.session_retrieval.rrf_word_alternate.temporal-reasoning.complete_at_3,0.7086614173228346
longmemeval.session_retrieval.rrf_word_alternate.temporal-reasoning.ndcg_at_3,0.8463948581789659
longmemeval.session_retrieval.rrf_word_alternate.temporal-reasoning.hit_at_5,0.9448818897637795
longmemeval.session_retrieval.rrf_word_alternate.temporal-reasoning.recall_at_5,0.8698162729658793
longmemeval.session_retrieval.rrf_word_alternate.temporal-reasoning.complete_at_5,0.7716535433070866
longmemeval.session_retrieval.rrf_word_alternate.temporal-reasoning.ndcg_at_5,0.8536496994809597
longmemeval.session_retrieval.rrf_word_alternate.temporal-reasoning.hit_at_10,0.9606299212598425
longmemeval.session_retrieval.rrf_word_alternate.temporal-reasoning.recall_at_10,0.9195538057742783
longmemeval.session_retrieval.rrf_word_alternate.temporal-reasoning.complete_at_10,0.8582677165354331
longmemeval.session_retrieval.rrf_word_alternate.temporal-reasoning.ndcg_at_10,0.8744969728876341
longmemeval.session_retrieval.rrf_word_alternate.knowledge-update.n,72
longmemeval.session_retrieval.rrf_word_alternate.knowledge-update.mrr,0.9722222222222222
longmemeval.session_retrieval.rrf_word_alternate.knowledge-update.hit_at_1,0.9444444444444444
longmemeval.session_retrieval.rrf_word_alternate.knowledge-update.recall_at_1,0.4722222222222222
longmemeval.session_retrieval.rrf_word_alternate.knowledge-update.complete_at_1,0.0
longmemeval.session_retrieval.rrf_word_alternate.knowledge-update.ndcg_at_1,0.9444444444444444
longmemeval.session_retrieval.rrf_word_alternate.knowledge-update.hit_at_3,1.0
longmemeval.session_retrieval.rrf_word_alternate.knowledge-update.recall_at_3,0.9791666666666666
longmemeval.session_retrieval.rrf_word_alternate.knowledge-update.complete_at_3,0.9583333333333334
longmemeval.session_retrieval.rrf_word_alternate.knowledge-update.ndcg_at_3,0.9679642556057954
longmemeval.session_retrieval.rrf_word_alternate.knowledge-update.hit_at_5,1.0
longmemeval.session_retrieval.rrf_word_alternate.knowledge-update.recall_at_5,0.9930555555555556
longmemeval.session_retrieval.rrf_word_alternate.knowledge-update.complete_at_5,0.9861111111111112
longmemeval.session_retrieval.rrf_word_alternate.knowledge-update.ndcg_at_5,0.975299481232812
longmemeval.session_retrieval.rrf_word_alternate.knowledge-update.hit_at_10,1.0
longmemeval.session_retrieval.rrf_word_alternate.knowledge-update.recall_at_10,0.9930555555555556
longmemeval.session_retrieval.rrf_word_alternate.knowledge-update.complete_at_10,0.9861111111111112
longmemeval.session_retrieval.rrf_word_alternate.knowledge-update.ndcg_at_10,0.975299481232812
longmemeval.session_retrieval.rrf_word_alternate.single-session-assistant.n,56
longmemeval.session_retrieval.rrf_word_alternate.single-session-assistant.mrr,0.9521541950113379
longmemeval.session_retrieval.rrf_word_alternate.single-session-assistant.hit_at_1,0.9464285714285714
longmemeval.session_retrieval.rrf_word_alternate.single-session-assistant.recall_at_1,0.9464285714285714
longmemeval.session_retrieval.rrf_word_alternate.single-session-assistant.complete_at_1,0.9464285714285714
longmemeval.session_retrieval.rrf_word_alternate.single-session-assistant.ndcg_at_1,0.9464285714285714
longmemeval.session_retrieval.rrf_word_alternate.single-session-assistant.hit_at_3,0.9464285714285714
longmemeval.session_retrieval.rrf_word_alternate.single-session-assistant.recall_at_3,0.9464285714285714
longmemeval.session_retrieval.rrf_word_alternate.single-session-assistant.complete_at_3,0.9464285714285714
longmemeval.session_retrieval.rrf_word_alternate.single-session-assistant.ndcg_at_3,0.9464285714285714
longmemeval.session_retrieval.rrf_word_alternate.single-session-assistant.hit_at_5,0.9464285714285714
longmemeval.session_retrieval.rrf_word_alternate.single-session-assistant.recall_at_5,0.9464285714285714
longmemeval.session_retrieval.rrf_word_alternate.single-session-assistant.complete_at_5,0.9464285714285714
longmemeval.session_retrieval.rrf_word_alternate.single-session-assistant.ndcg_at_5,0.9464285714285714
longmemeval.session_retrieval.rrf_word_alternate.single-session-assistant.hit_at_10,0.9821428571428571
longmemeval.session_retrieval.rrf_word_alternate.single-session-assistant.recall_at_10,0.9821428571428571
longmemeval.session_retrieval.rrf_word_alternate.single-session-assistant.complete_at_10,0.9821428571428571
longmemeval.session_retrieval.rrf_word_alternate.single-session-assistant.ndcg_at_10,0.9577564880178092
longmemeval.turn_retrieval.word_all.all_answerable.n,470
longmemeval.turn_retrieval.word_all.all_answerable.mrr,0.636850920202398
longmemeval.turn_retrieval.word_all.all_answerable.hit_at_1,0.5191489361702127
longmemeval.turn_retrieval.word_all.all_answerable.recall_at_1,0.35386524822695037
longmemeval.turn_retrieval.word_all.all_answerable.complete_at_1,0.20851063829787234
longmemeval.turn_retrieval.word_all.all_answerable.ndcg_at_1,0.5191489361702127
longmemeval.turn_retrieval.word_all.all_answerable.hit_at_3,0.7212765957446808
longmemeval.turn_retrieval.word_all.all_answerable.recall_at_3,0.5724822695035461
longmemeval.turn_retrieval.word_all.all_answerable.complete_at_3,0.43829787234042555
longmemeval.turn_retrieval.word_all.all_answerable.ndcg_at_3,0.5442155190850796
longmemeval.turn_retrieval.word_all.all_answerable.hit_at_5,0.7893617021276595
longmemeval.turn_retrieval.word_all.all_answerable.recall_at_5,0.6630496453900709
longmemeval.turn_retrieval.word_all.all_answerable.complete_at_5,0.5446808510638298
longmemeval.turn_retrieval.word_all.all_answerable.ndcg_at_5,0.5880145110263689
longmemeval.turn_retrieval.word_all.all_answerable.hit_at_10,0.8531914893617021
longmemeval.turn_retrieval.word_all.all_answerable.recall_at_10,0.7663120567375887
longmemeval.turn_retrieval.word_all.all_answerable.complete_at_10,0.6872340425531915
longmemeval.turn_retrieval.word_all.all_answerable.ndcg_at_10,0.6283027536516476
longmemeval.turn_retrieval.word_all.single-session-user.n,64
longmemeval.turn_retrieval.word_all.single-session-user.mrr,0.7758963624176998
longmemeval.turn_retrieval.word_all.single-session-user.hit_at_1,0.6875
longmemeval.turn_retrieval.word_all.single-session-user.recall_at_1,0.671875
longmemeval.turn_retrieval.word_all.single-session-user.complete_at_1,0.65625
longmemeval.turn_retrieval.word_all.single-session-user.ndcg_at_1,0.6875
longmemeval.turn_retrieval.word_all.single-session-user.hit_at_3,0.84375
longmemeval.turn_retrieval.word_all.single-session-user.recall_at_3,0.84375
longmemeval.turn_retrieval.word_all.single-session-user.complete_at_3,0.84375
longmemeval.turn_retrieval.word_all.single-session-user.ndcg_at_3,0.7799454417968782
longmemeval.turn_retrieval.word_all.single-session-user.hit_at_5,0.859375
longmemeval.turn_retrieval.word_all.single-session-user.recall_at_5,0.859375
longmemeval.turn_retrieval.word_all.single-session-user.complete_at_5,0.859375
longmemeval.turn_retrieval.word_all.single-session-user.ndcg_at_5,0.786674763016775
longmemeval.turn_retrieval.word_all.single-session-user.hit_at_10,0.9375
longmemeval.turn_retrieval.word_all.single-session-user.recall_at_10,0.9375
longmemeval.turn_retrieval.word_all.single-session-user.complete_at_10,0.9375
longmemeval.turn_retrieval.word_all.single-session-user.ndcg_at_10,0.8127395421917842
longmemeval.turn_retrieval.word_all.multi-session.n,121
longmemeval.turn_retrieval.word_all.multi-session.mrr,0.5271820487050585
longmemeval.turn_retrieval.word_all.multi-session.hit_at_1,0.371900826446281
longmemeval.turn_retrieval.word_all.multi-session.recall_at_1,0.16101928374655647
longmemeval.turn_retrieval.word_all.multi-session.complete_at_1,0.0
longmemeval.turn_retrieval.word_all.multi-session.ndcg_at_1,0.371900826446281
longmemeval.turn_retrieval.word_all.multi-session.hit_at_3,0.6446280991735537
longmemeval.turn_retrieval.word_all.multi-session.recall_at_3,0.37438016528925616
longmemeval.turn_retrieval.word_all.multi-session.complete_at_3,0.14049586776859505
longmemeval.turn_retrieval.word_all.multi-session.ndcg_at_3,0.36547507998502815
longmemeval.turn_retrieval.word_all.multi-session.hit_at_5,0.7603305785123967
longmemeval.turn_retrieval.word_all.multi-session.recall_at_5,0.4837465564738292
longmemeval.turn_retrieval.word_all.multi-session.complete_at_5,0.23140495867768596
longmemeval.turn_retrieval.word_all.multi-session.ndcg_at_5,0.4191012907623701
longmemeval.turn_retrieval.word_all.multi-session.hit_at_10,0.8429752066115702
longmemeval.turn_retrieval.word_all.multi-session.recall_at_10,0.6352617079889806
longmemeval.turn_retrieval.word_all.multi-session.complete_at_10,0.4462809917355372
longmemeval.turn_retrieval.word_all.multi-session.ndcg_at_10,0.48215810013579113
longmemeval.turn_retrieval.word_all.single-session-preference.n,30
longmemeval.turn_retrieval.word_all.single-session-preference.mrr,0.24933115162747022
longmemeval.turn_retrieval.word_all.single-session-preference.hit_at_1,0.13333333333333333
longmemeval.turn_retrieval.word_all.single-session-preference.recall_at_1,0.11666666666666667
longmemeval.turn_retrieval.word_all.single-session-preference.complete_at_1,0.1
longmemeval.turn_retrieval.word_all.single-session-preference.ndcg_at_1,0.13333333333333333
longmemeval.turn_retrieval.word_all.single-session-preference.hit_at_3,0.26666666666666666
longmemeval.turn_retrieval.word_all.single-session-preference.recall_at_3,0.22777777777777777
longmemeval.turn_retrieval.word_all.single-session-preference.complete_at_3,0.2
longmemeval.turn_retrieval.word_all.single-session-preference.ndcg_at_3,0.19111950869733504
longmemeval.turn_retrieval.word_all.single-session-preference.hit_at_5,0.4
longmemeval.turn_retrieval.word_all.single-session-preference.recall_at_5,0.3222222222222222
longmemeval.turn_retrieval.word_all.single-session-preference.complete_at_5,0.23333333333333334
longmemeval.turn_retrieval.word_all.single-session-preference.ndcg_at_5,0.23682775712017254
longmemeval.turn_retrieval.word_all.single-session-preference.hit_at_10,0.4666666666666667
longmemeval.turn_retrieval.word_all.single-session-preference.recall_at_10,0.4222222222222222
longmemeval.turn_retrieval.word_all.single-session-preference.complete_at_10,0.36666666666666664
longmemeval.turn_retrieval.word_all.single-session-preference.ndcg_at_10,0.2709368942475975
longmemeval.turn_retrieval.word_all.temporal-reasoning.n,127
longmemeval.turn_retrieval.word_all.temporal-reasoning.mrr,0.641587255074916
longmemeval.turn_retrieval.word_all.temporal-reasoning.hit_at_1,0.5354330708661418
longmemeval.turn_retrieval.word_all.temporal-reasoning.recall_at_1,0.3018372703412074
longmemeval.turn_retrieval.word_all.temporal-reasoning.complete_at_1,0.09448818897637795
longmemeval.turn_retrieval.word_all.temporal-reasoning.ndcg_at_1,0.5354330708661418
longmemeval.turn_retrieval.word_all.temporal-reasoning.hit_at_3,0.7165354330708661
longmemeval.turn_retrieval.word_all.temporal-reasoning.recall_at_3,0.5388451443569554
longmemeval.turn_retrieval.word_all.temporal-reasoning.complete_at_3,0.3779527559055118
longmemeval.turn_retrieval.word_all.temporal-reasoning.ndcg_at_3,0.5253339962066392
longmemeval.turn_retrieval.word_all.temporal-reasoning.hit_at_5,0.7716535433070866
longmemeval.turn_retrieval.word_all.temporal-reasoning.recall_at_5,0.6477690288713911
longmemeval.turn_retrieval.word_all.temporal-reasoning.complete_at_5,0.5354330708661418
longmemeval.turn_retrieval.word_all.temporal-reasoning.ndcg_at_5,0.5761838354057828
longmemeval.turn_retrieval.word_all.temporal-reasoning.hit_at_10,0.8346456692913385
longmemeval.turn_retrieval.word_all.temporal-reasoning.recall_at_10,0.7543307086614173
longmemeval.turn_retrieval.word_all.temporal-reasoning.complete_at_10,0.6850393700787402
longmemeval.turn_retrieval.word_all.temporal-reasoning.ndcg_at_10,0.6168429655611753
longmemeval.turn_retrieval.word_all.knowledge-update.n,72
longmemeval.turn_retrieval.word_all.knowledge-update.mrr,0.7223927307260641
longmemeval.turn_retrieval.word_all.knowledge-update.hit_at_1,0.5833333333333334
longmemeval.turn_retrieval.word_all.knowledge-update.recall_at_1,0.2916666666666667
longmemeval.turn_retrieval.word_all.knowledge-update.complete_at_1,0.0
longmemeval.turn_retrieval.word_all.knowledge-update.ndcg_at_1,0.5833333333333334
longmemeval.turn_retrieval.word_all.knowledge-update.hit_at_3,0.8333333333333334
longmemeval.turn_retrieval.word_all.knowledge-update.recall_at_3,0.6458333333333334
longmemeval.turn_retrieval.word_all.knowledge-update.complete_at_3,0.4583333333333333
longmemeval.turn_retrieval.word_all.knowledge-update.ndcg_at_3,0.611620131524698
longmemeval.turn_retrieval.word_all.knowledge-update.hit_at_5,0.9027777777777778
longmemeval.turn_retrieval.word_all.knowledge-update.recall_at_5,0.7939814814814814
longmemeval.turn_retrieval.word_all.knowledge-update.complete_at_5,0.6805555555555556
longmemeval.turn_retrieval.word_all.knowledge-update.ndcg_at_5,0.6873152469700224
longmemeval.turn_retrieval.word_all.knowledge-update.hit_at_10,0.9444444444444444
longmemeval.turn_retrieval.word_all.knowledge-update.recall_at_10,0.8865740740740741
longmemeval.turn_retrieval.word_all.knowledge-update.complete_at_10,0.8333333333333334
longmemeval.turn_retrieval.word_all.knowledge-update.ndcg_at_10,0.7253438055078385
longmemeval.turn_retrieval.word_all.single-session-assistant.n,56
longmemeval.turn_retrieval.word_all.single-session-assistant.mrr,0.8017811580619126
longmemeval.turn_retrieval.word_all.single-session-assistant.hit_at_1,0.7321428571428571
longmemeval.turn_retrieval.word_all.single-session-assistant.recall_at_1,0.7321428571428571
longmemeval.turn_retrieval.word_all.single-session-assistant.complete_at_1,0.7321428571428571
longmemeval.turn_retrieval.word_all.single-session-assistant.ndcg_at_1,0.7321428571428571
longmemeval.turn_retrieval.word_all.single-session-assistant.hit_at_3,0.8571428571428571
longmemeval.turn_retrieval.word_all.single-session-assistant.recall_at_3,0.8571428571428571
longmemeval.turn_retrieval.word_all.single-session-assistant.complete_at_3,0.8571428571428571
longmemeval.turn_retrieval.word_all.single-session-assistant.ndcg_at_3,0.8063330137117373
longmemeval.turn_retrieval.word_all.single-session-assistant.hit_at_5,0.875
longmemeval.turn_retrieval.word_all.single-session-assistant.recall_at_5,0.875
longmemeval.turn_retrieval.word_all.single-session-assistant.complete_at_5,0.875
longmemeval.turn_retrieval.word_all.single-session-assistant.ndcg_at_5,0.8132410995552112
longmemeval.turn_retrieval.word_all.single-session-assistant.hit_at_10,0.9107142857142857
longmemeval.turn_retrieval.word_all.single-session-assistant.recall_at_10,0.9107142857142857
longmemeval.turn_retrieval.word_all.single-session-assistant.complete_at_10,0.9107142857142857
longmemeval.turn_retrieval.word_all.single-session-assistant.ndcg_at_10,0.8259627848090692
longmemeval.turn_retrieval.bigram_all.all_answerable.n,470
longmemeval.turn_retrieval.bigram_all.all_answerable.mrr,0.6516569535158643
longmemeval.turn_retrieval.bigram_all.all_answerable.hit_at_1,0.5404255319148936
longmemeval.turn_retrieval.bigram_all.all_answerable.recall_at_1,0.3639716312056738
longmemeval.turn_retrieval.bigram_all.all_answerable.complete_at_1,0.20851063829787234
longmemeval.turn_retrieval.bigram_all.all_answerable.ndcg_at_1,0.5404255319148936
longmemeval.turn_retrieval.bigram_all.all_answerable.hit_at_3,0.7191489361702128
longmemeval.turn_retrieval.bigram_all.all_answerable.recall_at_3,0.5751418439716312
longmemeval.turn_retrieval.bigram_all.all_answerable.complete_at_3,0.44468085106382976
longmemeval.turn_retrieval.bigram_all.all_answerable.ndcg_at_3,0.5534014033438404
longmemeval.turn_retrieval.bigram_all.all_answerable.hit_at_5,0.7978723404255319
longmemeval.turn_retrieval.bigram_all.all_answerable.recall_at_5,0.6704255319148936
longmemeval.turn_retrieval.bigram_all.all_answerable.complete_at_5,0.5531914893617021
longmemeval.turn_retrieval.bigram_all.all_answerable.ndcg_at_5,0.5978405133020667
longmemeval.turn_retrieval.bigram_all.all_answerable.hit_at_10,0.8617021276595744
longmemeval.turn_retrieval.bigram_all.all_answerable.recall_at_10,0.7691489361702127
longmemeval.turn_retrieval.bigram_all.all_answerable.complete_at_10,0.6829787234042554
longmemeval.turn_retrieval.bigram_all.all_answerable.ndcg_at_10,0.6369498967674077
longmemeval.turn_retrieval.bigram_all.single-session-user.n,64
longmemeval.turn_retrieval.bigram_all.single-session-user.mrr,0.7857549933700807
longmemeval.turn_retrieval.bigram_all.single-session-user.hit_at_1,0.703125
longmemeval.turn_retrieval.bigram_all.single-session-user.recall_at_1,0.6875
longmemeval.turn_retrieval.bigram_all.single-session-user.complete_at_1,0.671875
longmemeval.turn_retrieval.bigram_all.single-session-user.ndcg_at_1,0.703125
longmemeval.turn_retrieval.bigram_all.single-session-user.hit_at_3,0.84375
longmemeval.turn_retrieval.bigram_all.single-session-user.recall_at_3,0.84375
longmemeval.turn_retrieval.bigram_all.single-session-user.complete_at_3,0.84375
longmemeval.turn_retrieval.bigram_all.single-session-user.ndcg_at_3,0.7857121643973242
longmemeval.turn_retrieval.bigram_all.single-session-user.hit_at_5,0.875
longmemeval.turn_retrieval.bigram_all.single-session-user.recall_at_5,0.875
longmemeval.turn_retrieval.bigram_all.single-session-user.complete_at_5,0.875
longmemeval.turn_retrieval.bigram_all.single-session-user.ndcg_at_5,0.7991708068371177
longmemeval.turn_retrieval.bigram_all.single-session-user.hit_at_10,0.9375
longmemeval.turn_retrieval.bigram_all.single-session-user.recall_at_10,0.9375
longmemeval.turn_retrieval.bigram_all.single-session-user.complete_at_10,0.9375
longmemeval.turn_retrieval.bigram_all.single-session-user.ndcg_at_10,0.8203846566440233
longmemeval.turn_retrieval.bigram_all.multi-session.n,121
longmemeval.turn_retrieval.bigram_all.multi-session.mrr,0.5521253677894975
longmemeval.turn_retrieval.bigram_all.multi-session.hit_at_1,0.4132231404958678
longmemeval.turn_retrieval.bigram_all.multi-session.recall_at_1,0.18099173553719006
longmemeval.turn_retrieval.bigram_all.multi-session.complete_at_1,0.0
longmemeval.turn_retrieval.bigram_all.multi-session.ndcg_at_1,0.4132231404958678
longmemeval.turn_retrieval.bigram_all.multi-session.hit_at_3,0.6198347107438017
longmemeval.turn_retrieval.bigram_all.multi-session.recall_at_3,0.35165289256198345
longmemeval.turn_retrieval.bigram_all.multi-session.complete_at_3,0.11570247933884298
longmemeval.turn_retrieval.bigram_all.multi-session.ndcg_at_3,0.3667153009460758
longmemeval.turn_retrieval.bigram_all.multi-session.hit_at_5,0.7520661157024794
longmemeval.turn_retrieval.bigram_all.multi-session.recall_at_5,0.4724517906336088
longmemeval.turn_retrieval.bigram_all.multi-session.complete_at_5,0.2231404958677686
longmemeval.turn_retrieval.bigram_all.multi-session.ndcg_at_5,0.4235776212454918
longmemeval.turn_retrieval.bigram_all.multi-session.hit_at_10,0.8512396694214877
longmemeval.turn_retrieval.bigram_all.multi-session.recall_at_10,0.6435261707988981
longmemeval.turn_retrieval.bigram_all.multi-session.complete_at_10,0.4462809917355372
longmemeval.turn_retrieval.bigram_all.multi-session.ndcg_at_10,0.4954444235552856
longmemeval.turn_retrieval.bigram_all.single-session-preference.n,30
longmemeval.turn_retrieval.bigram_all.single-session-preference.mrr,0.2358490041767319
longmemeval.turn_retrieval.bigram_all.single-session-preference.hit_at_1,0.13333333333333333
longmemeval.turn_retrieval.bigram_all.single-session-preference.recall_at_1,0.09444444444444446
longmemeval.turn_retrieval.bigram_all.single-session-preference.complete_at_1,0.06666666666666667
longmemeval.turn_retrieval.bigram_all.single-session-preference.ndcg_at_1,0.13333333333333333
longmemeval.turn_retrieval.bigram_all.single-session-preference.hit_at_3,0.26666666666666666
longmemeval.turn_retrieval.bigram_all.single-session-preference.recall_at_3,0.2388888888888889
longmemeval.turn_retrieval.bigram_all.single-session-preference.complete_at_3,0.2
longmemeval.turn_retrieval.bigram_all.single-session-preference.ndcg_at_3,0.18537140760455031
longmemeval.turn_retrieval.bigram_all.single-session-preference.hit_at_5,0.36666666666666664
longmemeval.turn_retrieval.bigram_all.single-session-preference.recall_at_5,0.31666666666666665
longmemeval.turn_retrieval.bigram_all.single-session-preference.complete_at_5,0.26666666666666666
longmemeval.turn_retrieval.bigram_all.single-session-preference.ndcg_at_5,0.22248754713630473
longmemeval.turn_retrieval.bigram_all.single-session-preference.hit_at_10,0.4666666666666667
longmemeval.turn_retrieval.bigram_all.single-session-preference.recall_at_10,0.38333333333333336
longmemeval.turn_retrieval.bigram_all.single-session-preference.complete_at_10,0.3
longmemeval.turn_retrieval.bigram_all.single-session-preference.ndcg_at_10,0.24673083771034351
longmemeval.turn_retrieval.bigram_all.temporal-reasoning.n,127
longmemeval.turn_retrieval.bigram_all.temporal-reasoning.mrr,0.6678618116644333
longmemeval.turn_retrieval.bigram_all.temporal-reasoning.hit_at_1,0.5669291338582677
longmemeval.turn_retrieval.bigram_all.temporal-reasoning.recall_at_1,0.32939632545931763
longmemeval.turn_retrieval.bigram_all.temporal-reasoning.complete_at_1,0.11811023622047244
longmemeval.turn_retrieval.bigram_all.temporal-reasoning.ndcg_at_1,0.5669291338582677
longmemeval.turn_retrieval.bigram_all.temporal-reasoning.hit_at_3,0.7401574803149606
longmemeval.turn_retrieval.bigram_all.temporal-reasoning.recall_at_3,0.5795275590551181
longmemeval.turn_retrieval.bigram_all.temporal-reasoning.complete_at_3,0.4409448818897638
longmemeval.turn_retrieval.bigram_all.temporal-reasoning.ndcg_at_3,0.5662294822179403
longmemeval.turn_retrieval.bigram_all.temporal-reasoning.hit_at_5,0.7874015748031497
longmemeval.turn_retrieval.bigram_all.temporal-reasoning.recall_at_5,0.6556430446194226
longmemeval.turn_retrieval.bigram_all.temporal-reasoning.complete_at_5,0.5354330708661418
longmemeval.turn_retrieval.bigram_all.temporal-reasoning.ndcg_at_5,0.6001278500787199
longmemeval.turn_retrieval.bigram_all.temporal-reasoning.hit_at_10,0.84251968503937
longmemeval.turn_retrieval.bigram_all.temporal-reasoning.recall_at_10,0.7503937007874015
longmemeval.turn_retrieval.bigram_all.temporal-reasoning.complete_at_10,0.6692913385826772
longmemeval.turn_retrieval.bigram_all.temporal-reasoning.ndcg_at_10,0.6365024282702022
longmemeval.turn_retrieval.bigram_all.knowledge-update.n,72
longmemeval.turn_retrieval.bigram_all.knowledge-update.mrr,0.7549943883277216
longmemeval.turn_retrieval.bigram_all.knowledge-update.hit_at_1,0.625
longmemeval.turn_retrieval.bigram_all.knowledge-update.recall_at_1,0.3125
longmemeval.turn_retrieval.bigram_all.knowledge-update.complete_at_1,0.0
longmemeval.turn_retrieval.bigram_all.knowledge-update.ndcg_at_1,0.625
longmemeval.turn_retrieval.bigram_all.knowledge-update.hit_at_3,0.8472222222222222
longmemeval.turn_retrieval.bigram_all.knowledge-update.recall_at_3,0.6527777777777778
longmemeval.turn_retrieval.bigram_all.knowledge-update.complete_at_3,0.4583333333333333
longmemeval.turn_retrieval.bigram_all.knowledge-update.ndcg_at_3,0.6275370089507966
longmemeval.turn_retrieval.bigram_all.knowledge-update.hit_at_5,0.9305555555555556
longmemeval.turn_retrieval.bigram_all.knowledge-update.recall_at_5,0.8217592592592592
longmemeval.turn_retrieval.bigram_all.knowledge-update.complete_at_5,0.7083333333333334
longmemeval.turn_retrieval.bigram_all.knowledge-update.ndcg_at_5,0.7121349557994461
longmemeval.turn_retrieval.bigram_all.knowledge-update.hit_at_10,0.9583333333333334
longmemeval.turn_retrieval.bigram_all.knowledge-update.recall_at_10,0.9004629629629629
longmemeval.turn_retrieval.bigram_all.knowledge-update.complete_at_10,0.8472222222222222
longmemeval.turn_retrieval.bigram_all.knowledge-update.ndcg_at_10,0.7447267236473144
longmemeval.turn_retrieval.bigram_all.single-session-assistant.n,56
longmemeval.turn_retrieval.bigram_all.single-session-assistant.mrr,0.7666029090707305
longmemeval.turn_retrieval.bigram_all.single-session-assistant.hit_at_1,0.6785714285714286
longmemeval.turn_retrieval.bigram_all.single-session-assistant.recall_at_1,0.6785714285714286
longmemeval.turn_retrieval.bigram_all.single-session-assistant.complete_at_1,0.6785714285714286
longmemeval.turn_retrieval.bigram_all.single-session-assistant.ndcg_at_1,0.6785714285714286
longmemeval.turn_retrieval.bigram_all.single-session-assistant.hit_at_3,0.8214285714285714
longmemeval.turn_retrieval.bigram_all.single-session-assistant.recall_at_3,0.8214285714285714
longmemeval.turn_retrieval.bigram_all.single-session-assistant.complete_at_3,0.8214285714285714
longmemeval.turn_retrieval.bigram_all.single-session-assistant.ndcg_at_3,0.7640281878826561
longmemeval.turn_retrieval.bigram_all.single-session-assistant.hit_at_5,0.8928571428571429
longmemeval.turn_retrieval.bigram_all.single-session-assistant.recall_at_5,0.8928571428571429
longmemeval.turn_retrieval.bigram_all.single-session-assistant.complete_at_5,0.8928571428571429
longmemeval.turn_retrieval.bigram_all.single-session-assistant.ndcg_at_5,0.7932256652150824
longmemeval.turn_retrieval.bigram_all.single-session-assistant.hit_at_10,0.9285714285714286
longmemeval.turn_retrieval.bigram_all.single-session-assistant.recall_at_10,0.9285714285714286
longmemeval.turn_retrieval.bigram_all.single-session-assistant.complete_at_10,0.9285714285714286
longmemeval.turn_retrieval.bigram_all.single-session-assistant.ndcg_at_10,0.8045535818043202
longmemeval.turn_retrieval.rrf_word_bigram.all_answerable.n,470
longmemeval.turn_retrieval.rrf_word_bigram.all_answerable.mrr,0.6501889080268256
longmemeval.turn_retrieval.rrf_word_bigram.all_answerable.hit_at_1,0.5382978723404256
longmemeval.turn_retrieval.rrf_word_bigram.all_answerable.recall_at_1,0.36414893617021277
longmemeval.turn_retrieval.rrf_word_bigram.all_answerable.complete_at_1,0.21063829787234042
longmemeval.turn_retrieval.rrf_word_bigram.all_answerable.ndcg_at_1,0.5382978723404256
longmemeval.turn_retrieval.rrf_word_bigram.all_answerable.hit_at_3,0.725531914893617
longmemeval.turn_retrieval.rrf_word_bigram.all_answerable.recall_at_3,0.5773758865248227
longmemeval.turn_retrieval.rrf_word_bigram.all_answerable.complete_at_3,0.44468085106382976
longmemeval.turn_retrieval.rrf_word_bigram.all_answerable.ndcg_at_3,0.5542015327097972
longmemeval.turn_retrieval.rrf_word_bigram.all_answerable.hit_at_5,0.7936170212765957
longmemeval.turn_retrieval.rrf_word_bigram.all_answerable.recall_at_5,0.6659574468085107
longmemeval.turn_retrieval.rrf_word_bigram.all_answerable.complete_at_5,0.5468085106382978
longmemeval.turn_retrieval.rrf_word_bigram.all_answerable.ndcg_at_5,0.5958017106267847
longmemeval.turn_retrieval.rrf_word_bigram.all_answerable.hit_at_10,0.8617021276595744
longmemeval.turn_retrieval.rrf_word_bigram.all_answerable.recall_at_10,0.7713475177304965
longmemeval.turn_retrieval.rrf_word_bigram.all_answerable.complete_at_10,0.6893617021276596
longmemeval.turn_retrieval.rrf_word_bigram.all_answerable.ndcg_at_10,0.6372961652824417
longmemeval.turn_retrieval.rrf_word_bigram.single-session-user.n,64
longmemeval.turn_retrieval.rrf_word_bigram.single-session-user.mrr,0.7849737433700807
longmemeval.turn_retrieval.rrf_word_bigram.single-session-user.hit_at_1,0.703125
longmemeval.turn_retrieval.rrf_word_bigram.single-session-user.recall_at_1,0.6875
longmemeval.turn_retrieval.rrf_word_bigram.single-session-user.complete_at_1,0.671875
longmemeval.turn_retrieval.rrf_word_bigram.single-session-user.ndcg_at_1,0.703125
longmemeval.turn_retrieval.rrf_word_bigram.single-session-user.hit_at_3,0.84375
longmemeval.turn_retrieval.rrf_word_bigram.single-session-user.recall_at_3,0.84375
longmemeval.turn_retrieval.rrf_word_bigram.single-session-user.complete_at_3,0.84375
longmemeval.turn_retrieval.rrf_word_bigram.single-session-user.ndcg_at_3,0.7857121643973242
longmemeval.turn_retrieval.rrf_word_bigram.single-session-user.hit_at_5,0.875
longmemeval.turn_retrieval.rrf_word_bigram.single-session-user.recall_at_5,0.875
longmemeval.turn_retrieval.rrf_word_bigram.single-session-user.complete_at_5,0.875
longmemeval.turn_retrieval.rrf_word_bigram.single-session-user.ndcg_at_5,0.7984860607302606
longmemeval.turn_retrieval.rrf_word_bigram.single-session-user.hit_at_10,0.9375
longmemeval.turn_retrieval.rrf_word_bigram.single-session-user.recall_at_10,0.9375
longmemeval.turn_retrieval.rrf_word_bigram.single-session-user.complete_at_10,0.9375
longmemeval.turn_retrieval.rrf_word_bigram.single-session-user.ndcg_at_10,0.8196999105371662
longmemeval.turn_retrieval.rrf_word_bigram.multi-session.n,121
longmemeval.turn_retrieval.rrf_word_bigram.multi-session.mrr,0.5469258496767562
longmemeval.turn_retrieval.rrf_word_bigram.multi-session.hit_at_1,0.39669421487603307
longmemeval.turn_retrieval.rrf_word_bigram.multi-session.recall_at_1,0.17341597796143252
longmemeval.turn_retrieval.rrf_word_bigram.multi-session.complete_at_1,0.0
longmemeval.turn_retrieval.rrf_word_bigram.multi-session.ndcg_at_1,0.39669421487603307
longmemeval.turn_retrieval.rrf_word_bigram.multi-session.hit_at_3,0.6611570247933884
longmemeval.turn_retrieval.rrf_word_bigram.multi-session.recall_at_3,0.368870523415978
longmemeval.turn_retrieval.rrf_word_bigram.multi-session.complete_at_3,0.11570247933884298
longmemeval.turn_retrieval.rrf_word_bigram.multi-session.ndcg_at_3,0.3724638390580896
longmemeval.turn_retrieval.rrf_word_bigram.multi-session.hit_at_5,0.7520661157024794
longmemeval.turn_retrieval.rrf_word_bigram.multi-session.recall_at_5,0.4809917355371901
longmemeval.turn_retrieval.rrf_word_bigram.multi-session.complete_at_5,0.23140495867768596
longmemeval.turn_retrieval.rrf_word_bigram.multi-session.ndcg_at_5,0.4255581104315529
longmemeval.turn_retrieval.rrf_word_bigram.multi-session.hit_at_10,0.8512396694214877
longmemeval.turn_retrieval.rrf_word_bigram.multi-session.recall_at_10,0.6424242424242425
longmemeval.turn_retrieval.rrf_word_bigram.multi-session.complete_at_10,0.45454545454545453
longmemeval.turn_retrieval.rrf_word_bigram.multi-session.ndcg_at_10,0.4931124449184159
longmemeval.turn_retrieval.rrf_word_bigram.single-session-preference.n,30
longmemeval.turn_retrieval.rrf_word_bigram.single-session-preference.mrr,0.25850475675359247
longmemeval.turn_retrieval.rrf_word_bigram.single-session-preference.hit_at_1,0.16666666666666666
longmemeval.turn_retrieval.rrf_word_bigram.single-session-preference.recall_at_1,0.1277777777777778
longmemeval.turn_retrieval.rrf_word_bigram.single-session-preference.complete_at_1,0.1
longmemeval.turn_retrieval.rrf_word_bigram.single-session-preference.ndcg_at_1,0.16666666666666666
longmemeval.turn_retrieval.rrf_word_bigram.single-session-preference.hit_at_3,0.26666666666666666
longmemeval.turn_retrieval.rrf_word_bigram.single-session-preference.recall_at_3,0.22777777777777777
longmemeval.turn_retrieval.rrf_word_bigram.single-session-preference.complete_at_3,0.2
longmemeval.turn_retrieval.rrf_word_bigram.single-session-preference.ndcg_at_3,0.19421676217083766
longmemeval.turn_retrieval.rrf_word_bigram.single-session-preference.hit_at_5,0.3333333333333333
longmemeval.turn_retrieval.rrf_word_bigram.single-session-preference.recall_at_5,0.28888888888888886
longmemeval.turn_retrieval.rrf_word_bigram.single-session-preference.complete_at_5,0.23333333333333334
longmemeval.turn_retrieval.rrf_word_bigram.single-session-preference.ndcg_at_5,0.22411182974238875
longmemeval.turn_retrieval.rrf_word_bigram.single-session-preference.hit_at_10,0.4666666666666667
longmemeval.turn_retrieval.rrf_word_bigram.single-session-preference.recall_at_10,0.40555555555555556
longmemeval.turn_retrieval.rrf_word_bigram.single-session-preference.complete_at_10,0.3333333333333333
longmemeval.turn_retrieval.rrf_word_bigram.single-session-preference.ndcg_at_10,0.2671124034498132
longmemeval.turn_retrieval.rrf_word_bigram.temporal-reasoning.n,127
longmemeval.turn_retrieval.rrf_word_bigram.temporal-reasoning.mrr,0.6581192794809562
longmemeval.turn_retrieval.rrf_word_bigram.temporal-reasoning.hit_at_1,0.5590551181102362
longmemeval.turn_retrieval.rrf_word_bigram.temporal-reasoning.recall_at_1,0.3215223097112861
longmemeval.turn_retrieval.rrf_word_bigram.temporal-reasoning.complete_at_1,0.11023622047244094
longmemeval.turn_retrieval.rrf_word_bigram.temporal-reasoning.ndcg_at_1,0.5590551181102362
longmemeval.turn_retrieval.rrf_word_bigram.temporal-reasoning.hit_at_3,0.7165354330708661
longmemeval.turn_retrieval.rrf_word_bigram.temporal-reasoning.recall_at_3,0.5622047244094489
longmemeval.turn_retrieval.rrf_word_bigram.temporal-reasoning.complete_at_3,0.4251968503937008
longmemeval.turn_retrieval.rrf_word_bigram.temporal-reasoning.ndcg_at_3,0.5511961821885598
longmemeval.turn_retrieval.rrf_word_bigram.temporal-reasoning.hit_at_5,0.7952755905511811
longmemeval.turn_retrieval.rrf_word_bigram.temporal-reasoning.recall_at_5,0.6532808398950132
longmemeval.turn_retrieval.rrf_word_bigram.temporal-reasoning.complete_at_5,0.5275590551181102
longmemeval.turn_retrieval.rrf_word_bigram.temporal-reasoning.ndcg_at_5,0.5922702914453434
longmemeval.turn_retrieval.rrf_word_bigram.temporal-reasoning.hit_at_10,0.84251968503937
longmemeval.turn_retrieval.rrf_word_bigram.temporal-reasoning.recall_at_10,0.7543307086614173
longmemeval.turn_retrieval.rrf_word_bigram.temporal-reasoning.complete_at_10,0.6771653543307087
longmemeval.turn_retrieval.rrf_word_bigram.temporal-reasoning.ndcg_at_10,0.6313608949567493
longmemeval.turn_retrieval.rrf_word_bigram.knowledge-update.n,72
longmemeval.turn_retrieval.rrf_word_bigram.knowledge-update.mrr,0.7485234287317621
longmemeval.turn_retrieval.rrf_word_bigram.knowledge-update.hit_at_1,0.625
longmemeval.turn_retrieval.rrf_word_bigram.knowledge-update.recall_at_1,0.3125
longmemeval.turn_retrieval.rrf_word_bigram.knowledge-update.complete_at_1,0.0
longmemeval.turn_retrieval.rrf_word_bigram.knowledge-update.ndcg_at_1,0.625
longmemeval.turn_retrieval.rrf_word_bigram.knowledge-update.hit_at_3,0.8333333333333334
longmemeval.turn_retrieval.rrf_word_bigram.knowledge-update.recall_at_3,0.6458333333333334
longmemeval.turn_retrieval.rrf_word_bigram.knowledge-update.complete_at_3,0.4583333333333333
longmemeval.turn_retrieval.rrf_word_bigram.knowledge-update.ndcg_at_3,0.6232790423343698
longmemeval.turn_retrieval.rrf_word_bigram.knowledge-update.hit_at_5,0.9027777777777778
longmemeval.turn_retrieval.rrf_word_bigram.knowledge-update.recall_at_5,0.7939814814814814
longmemeval.turn_retrieval.rrf_word_bigram.knowledge-update.complete_at_5,0.6805555555555556
longmemeval.turn_retrieval.rrf_word_bigram.knowledge-update.ndcg_at_5,0.6986009576435374
longmemeval.turn_retrieval.rrf_word_bigram.knowledge-update.hit_at_10,0.9583333333333334
longmemeval.turn_retrieval.rrf_word_bigram.knowledge-update.recall_at_10,0.9004629629629629
longmemeval.turn_retrieval.rrf_word_bigram.knowledge-update.complete_at_10,0.8472222222222222
longmemeval.turn_retrieval.rrf_word_bigram.knowledge-update.ndcg_at_10,0.7412514709353323
longmemeval.turn_retrieval.rrf_word_bigram.single-session-assistant.n,56
longmemeval.turn_retrieval.rrf_word_bigram.single-session-assistant.mrr,0.7846868092974878
longmemeval.turn_retrieval.rrf_word_bigram.single-session-assistant.hit_at_1,0.6964285714285714
longmemeval.turn_retrieval.rrf_word_bigram.single-session-assistant.recall_at_1,0.6964285714285714
longmemeval.turn_retrieval.rrf_word_bigram.single-session-assistant.complete_at_1,0.6964285714285714
longmemeval.turn_retrieval.rrf_word_bigram.single-session-assistant.ndcg_at_1,0.6964285714285714
longmemeval.turn_retrieval.rrf_word_bigram.single-session-assistant.hit_at_3,0.8571428571428571
longmemeval.turn_retrieval.rrf_word_bigram.single-session-assistant.recall_at_3,0.8571428571428571
longmemeval.turn_retrieval.rrf_word_bigram.single-session-assistant.complete_at_3,0.8571428571428571
longmemeval.turn_retrieval.rrf_word_bigram.single-session-assistant.ndcg_at_3,0.7931519334821465
longmemeval.turn_retrieval.rrf_word_bigram.single-session-assistant.hit_at_5,0.8928571428571429
longmemeval.turn_retrieval.rrf_word_bigram.single-session-assistant.recall_at_5,0.8928571428571429
longmemeval.turn_retrieval.rrf_word_bigram.single-session-assistant.complete_at_5,0.8928571428571429
longmemeval.turn_retrieval.rrf_word_bigram.single-session-assistant.ndcg_at_5,0.8069681051690943
longmemeval.turn_retrieval.rrf_word_bigram.single-session-assistant.hit_at_10,0.9285714285714286
longmemeval.turn_retrieval.rrf_word_bigram.single-session-assistant.recall_at_10,0.9285714285714286
longmemeval.turn_retrieval.rrf_word_bigram.single-session-assistant.complete_at_10,0.9285714285714286
longmemeval.turn_retrieval.rrf_word_bigram.single-session-assistant.ndcg_at_10,0.8184908196945571
longmemeval.turn_retrieval.rrf_plus_recency.all_answerable.n,470
longmemeval.turn_retrieval.rrf_plus_recency.all_answerable.mrr,0.5708829668437982
longmemeval.turn_retrieval.rrf_plus_recency.all_answerable.hit_at_1,0.4021276595744681
longmemeval.turn_retrieval.rrf_plus_recency.all_answerable.recall_at_1,0.2653191489361702
longmemeval.turn_retrieval.rrf_plus_recency.all_answerable.complete_at_1,0.14468085106382977
longmemeval.turn_retrieval.rrf_plus_recency.all_answerable.ndcg_at_1,0.4021276595744681
longmemeval.turn_retrieval.rrf_plus_recency.all_answerable.hit_at_3,0.7063829787234043
longmemeval.turn_retrieval.rrf_plus_recency.all_answerable.recall_at_3,0.5178723404255319
longmemeval.turn_retrieval.rrf_plus_recency.all_answerable.complete_at_3,0.35106382978723405
longmemeval.turn_retrieval.rrf_plus_recency.all_answerable.ndcg_at_3,0.4697327345386406
longmemeval.turn_retrieval.rrf_plus_recency.all_answerable.hit_at_5,0.7808510638297872
longmemeval.turn_retrieval.rrf_plus_recency.all_answerable.recall_at_5,0.6266312056737589
longmemeval.turn_retrieval.rrf_plus_recency.all_answerable.complete_at_5,0.4851063829787234
longmemeval.turn_retrieval.rrf_plus_recency.all_answerable.ndcg_at_5,0.5202134818177888
longmemeval.turn_retrieval.rrf_plus_recency.all_answerable.hit_at_10,0.8574468085106383
longmemeval.turn_retrieval.rrf_plus_recency.all_answerable.recall_at_10,0.7618085106382979
longmemeval.turn_retrieval.rrf_plus_recency.all_answerable.complete_at_10,0.674468085106383
longmemeval.turn_retrieval.rrf_plus_recency.all_answerable.ndcg_at_10,0.5733267857948854
longmemeval.turn_retrieval.rrf_plus_recency.single-session-user.n,64
longmemeval.turn_retrieval.rrf_plus_recency.single-session-user.mrr,0.6190247148161986
longmemeval.turn_retrieval.rrf_plus_recency.single-session-user.hit_at_1,0.46875
longmemeval.turn_retrieval.rrf_plus_recency.single-session-user.recall_at_1,0.453125
longmemeval.turn_retrieval.rrf_plus_recency.single-session-user.complete_at_1,0.4375
longmemeval.turn_retrieval.rrf_plus_recency.single-session-user.ndcg_at_1,0.46875
longmemeval.turn_retrieval.rrf_plus_recency.single-session-user.hit_at_3,0.703125
longmemeval.turn_retrieval.rrf_plus_recency.single-session-user.recall_at_3,0.703125
longmemeval.turn_retrieval.rrf_plus_recency.single-session-user.complete_at_3,0.703125
longmemeval.turn_retrieval.rrf_plus_recency.single-session-user.ndcg_at_3,0.6010493565268726
longmemeval.turn_retrieval.rrf_plus_recency.single-session-user.hit_at_5,0.859375
longmemeval.turn_retrieval.rrf_plus_recency.single-session-user.recall_at_5,0.859375
longmemeval.turn_retrieval.rrf_plus_recency.single-session-user.complete_at_5,0.859375
longmemeval.turn_retrieval.rrf_plus_recency.single-session-user.ndcg_at_5,0.6676578226189832
longmemeval.turn_retrieval.rrf_plus_recency.single-session-user.hit_at_10,0.921875
longmemeval.turn_retrieval.rrf_plus_recency.single-session-user.recall_at_10,0.921875
longmemeval.turn_retrieval.rrf_plus_recency.single-session-user.complete_at_10,0.921875
longmemeval.turn_retrieval.rrf_plus_recency.single-session-user.ndcg_at_10,0.6883438202664625
longmemeval.turn_retrieval.rrf_plus_recency.multi-session.n,121
longmemeval.turn_retrieval.rrf_plus_recency.multi-session.mrr,0.49999302185904654
longmemeval.turn_retrieval.rrf_plus_recency.multi-session.hit_at_1,0.3140495867768595
longmemeval.turn_retrieval.rrf_plus_recency.multi-session.recall_at_1,0.13663911845730026
longmemeval.turn_retrieval.rrf_plus_recency.multi-session.complete_at_1,0.0
longmemeval.turn_retrieval.rrf_plus_recency.multi-session.ndcg_at_1,0.3140495867768595
longmemeval.turn_retrieval.rrf_plus_recency.multi-session.hit_at_3,0.6363636363636364
longmemeval.turn_retrieval.rrf_plus_recency.multi-session.recall_at_3,0.3371900826446281
longmemeval.turn_retrieval.rrf_plus_recency.multi-session.complete_at_3,0.09090909090909091
longmemeval.turn_retrieval.rrf_plus_recency.multi-session.ndcg_at_3,0.3272099642660899
longmemeval.turn_retrieval.rrf_plus_recency.multi-session.hit_at_5,0.7355371900826446
longmemeval.turn_retrieval.rrf_plus_recency.multi-session.recall_at_5,0.44972451790633605
longmemeval.turn_retrieval.rrf_plus_recency.multi-session.complete_at_5,0.19008264462809918
longmemeval.turn_retrieval.rrf_plus_recency.multi-session.ndcg_at_5,0.3821645939228223
longmemeval.turn_retrieval.rrf_plus_recency.multi-session.hit_at_10,0.8347107438016529
longmemeval.turn_retrieval.rrf_plus_recency.multi-session.recall_at_10,0.6177685950413223
longmemeval.turn_retrieval.rrf_plus_recency.multi-session.complete_at_10,0.4214876033057851
longmemeval.turn_retrieval.rrf_plus_recency.multi-session.ndcg_at_10,0.45197736793025456
longmemeval.turn_retrieval.rrf_plus_recency.single-session-preference.n,30
longmemeval.turn_retrieval.rrf_plus_recency.single-session-preference.mrr,0.2790837907214249
longmemeval.turn_retrieval.rrf_plus_recency.single-session-preference.hit_at_1,0.2
longmemeval.turn_retrieval.rrf_plus_recency.single-session-preference.recall_at_1,0.1611111111111111
longmemeval.turn_retrieval.rrf_plus_recency.single-session-preference.complete_at_1,0.13333333333333333
longmemeval.turn_retrieval.rrf_plus_recency.single-session-preference.ndcg_at_1,0.2
longmemeval.turn_retrieval.rrf_plus_recency.single-session-preference.hit_at_3,0.3
longmemeval.turn_retrieval.rrf_plus_recency.single-session-preference.recall_at_3,0.24444444444444444
longmemeval.turn_retrieval.rrf_plus_recency.single-session-preference.complete_at_3,0.2
longmemeval.turn_retrieval.rrf_plus_recency.single-session-preference.ndcg_at_3,0.2194141972929405
longmemeval.turn_retrieval.rrf_plus_recency.single-session-preference.hit_at_5,0.3333333333333333
longmemeval.turn_retrieval.rrf_plus_recency.single-session-preference.recall_at_5,0.28888888888888886
longmemeval.turn_retrieval.rrf_plus_recency.single-session-preference.complete_at_5,0.23333333333333334
longmemeval.turn_retrieval.rrf_plus_recency.single-session-preference.ndcg_at_5,0.23904620241744345
longmemeval.turn_retrieval.rrf_plus_recency.single-session-preference.hit_at_10,0.5
longmemeval.turn_retrieval.rrf_plus_recency.single-session-preference.recall_at_10,0.4222222222222222
longmemeval.turn_retrieval.rrf_plus_recency.single-session-preference.complete_at_10,0.3333333333333333
longmemeval.turn_retrieval.rrf_plus_recency.single-session-preference.ndcg_at_10,0.28440202244152535
longmemeval.turn_retrieval.rrf_plus_recency.temporal-reasoning.n,127
longmemeval.turn_retrieval.rrf_plus_recency.temporal-reasoning.mrr,0.5957017607003602
longmemeval.turn_retrieval.rrf_plus_recency.temporal-reasoning.hit_at_1,0.4409448818897638
longmemeval.turn_retrieval.rrf_plus_recency.temporal-reasoning.recall_at_1,0.23884514435695536
longmemeval.turn_retrieval.rrf_plus_recency.temporal-reasoning.complete_at_1,0.05511811023622047
longmemeval.turn_retrieval.rrf_plus_recency.temporal-reasoning.ndcg_at_1,0.4409448818897638
longmemeval.turn_retrieval.rrf_plus_recency.temporal-reasoning.hit_at_3,0.7322834645669292
longmemeval.turn_retrieval.rrf_plus_recency.temporal-reasoning.recall_at_3,0.5034120734908136
longmemeval.turn_retrieval.rrf_plus_recency.temporal-reasoning.complete_at_3,0.2992125984251969
longmemeval.turn_retrieval.rrf_plus_recency.temporal-reasoning.ndcg_at_3,0.47663293585463734
longmemeval.turn_retrieval.rrf_plus_recency.temporal-reasoning.hit_at_5,0.7637795275590551
longmemeval.turn_retrieval.rrf_plus_recency.temporal-reasoning.recall_at_5,0.6005249343832021
longmemeval.turn_retrieval.rrf_plus_recency.temporal-reasoning.complete_at_5,0.4566929133858268
longmemeval.turn_retrieval.rrf_plus_recency.temporal-reasoning.ndcg_at_5,0.5207431347725202
longmemeval.turn_retrieval.rrf_plus_recency.temporal-reasoning.hit_at_10,0.8346456692913385
longmemeval.turn_retrieval.rrf_plus_recency.temporal-reasoning.recall_at_10,0.7503937007874015
longmemeval.turn_retrieval.rrf_plus_recency.temporal-reasoning.complete_at_10,0.6771653543307087
longmemeval.turn_retrieval.rrf_plus_recency.temporal-reasoning.ndcg_at_10,0.579915067494256
longmemeval.turn_retrieval.rrf_plus_recency.knowledge-update.n,72
longmemeval.turn_retrieval.rrf_plus_recency.knowledge-update.mrr,0.6395149410774411
longmemeval.turn_retrieval.rrf_plus_recency.knowledge-update.hit_at_1,0.4166666666666667
longmemeval.turn_retrieval.rrf_plus_recency.knowledge-update.recall_at_1,0.20833333333333334
longmemeval.turn_retrieval.rrf_plus_recency.knowledge-update.complete_at_1,0.0
longmemeval.turn_retrieval.rrf_plus_recency.knowledge-update.ndcg_at_1,0.4166666666666667
longmemeval.turn_retrieval.rrf_plus_recency.knowledge-update.hit_at_3,0.8611111111111112
longmemeval.turn_retrieval.rrf_plus_recency.knowledge-update.recall_at_3,0.5601851851851852
longmemeval.turn_retrieval.rrf_plus_recency.knowledge-update.complete_at_3,0.2638888888888889
longmemeval.turn_retrieval.rrf_plus_recency.knowledge-update.ndcg_at_3,0.5037082696794003
longmemeval.turn_retrieval.rrf_plus_recency.knowledge-update.hit_at_5,0.9305555555555556
longmemeval.turn_retrieval.rrf_plus_recency.knowledge-update.recall_at_5,0.7106481481481481
longmemeval.turn_retrieval.rrf_plus_recency.knowledge-update.complete_at_5,0.5
longmemeval.turn_retrieval.rrf_plus_recency.knowledge-update.ndcg_at_5,0.5789605143181678
longmemeval.turn_retrieval.rrf_plus_recency.knowledge-update.hit_at_10,0.9722222222222222
longmemeval.turn_retrieval.rrf_plus_recency.knowledge-update.recall_at_10,0.8935185185185185
longmemeval.turn_retrieval.rrf_plus_recency.knowledge-update.complete_at_10,0.8194444444444444
longmemeval.turn_retrieval.rrf_plus_recency.knowledge-update.ndcg_at_10,0.6535465045879536
longmemeval.turn_retrieval.rrf_plus_recency.single-session-assistant.n,56
longmemeval.turn_retrieval.rrf_plus_recency.single-session-assistant.mrr,0.6808311417007069
longmemeval.turn_retrieval.rrf_plus_recency.single-session-assistant.hit_at_1,0.5178571428571429
longmemeval.turn_retrieval.rrf_plus_recency.single-session-assistant.recall_at_1,0.5178571428571429
longmemeval.turn_retrieval.rrf_plus_recency.single-session-assistant.complete_at_1,0.5178571428571429
longmemeval.turn_retrieval.rrf_plus_recency.single-session-assistant.ndcg_at_1,0.5178571428571429
longmemeval.turn_retrieval.rrf_plus_recency.single-session-assistant.hit_at_3,0.8214285714285714
longmemeval.turn_retrieval.rrf_plus_recency.single-session-assistant.recall_at_3,0.8214285714285714
longmemeval.turn_retrieval.rrf_plus_recency.single-session-assistant.complete_at_3,0.8214285714285714
longmemeval.turn_retrieval.rrf_plus_recency.single-session-assistant.ndcg_at_3,0.7023752955357215
longmemeval.turn_retrieval.rrf_plus_recency.single-session-assistant.hit_at_5,0.875
longmemeval.turn_retrieval.rrf_plus_recency.single-session-assistant.recall_at_5,0.875
longmemeval.turn_retrieval.rrf_plus_recency.single-session-assistant.complete_at_5,0.875
longmemeval.turn_retrieval.rrf_plus_recency.single-session-assistant.ndcg_at_5,0.7238821200454086
longmemeval.turn_retrieval.rrf_plus_recency.single-session-assistant.hit_at_10,0.9285714285714286
longmemeval.turn_retrieval.rrf_plus_recency.single-session-assistant.recall_at_10,0.9285714285714286
longmemeval.turn_retrieval.rrf_plus_recency.single-session-assistant.complete_at_10,0.9285714285714286
longmemeval.turn_retrieval.rrf_plus_recency.single-session-assistant.ndcg_at_10,0.7407803702077281
longmemeval.turn_retrieval.rrf_neighbor.all_answerable.n,470
longmemeval.turn_retrieval.rrf_neighbor.all_answerable.mrr,0.4248093680185324
longmemeval.turn_retrieval.rrf_neighbor.all_answerable.hit_at_1,0.23829787234042554
longmemeval.turn_retrieval.rrf_neighbor.all_answerable.recall_at_1,0.1626241134751773
longmemeval.turn_retrieval.rrf_neighbor.all_answerable.complete_at_1,0.09787234042553192
longmemeval.turn_retrieval.rrf_neighbor.all_answerable.ndcg_at_1,0.23829787234042554
longmemeval.turn_retrieval.rrf_neighbor.all_answerable.hit_at_3,0.5361702127659574
longmemeval.turn_retrieval.rrf_neighbor.all_answerable.recall_at_3,0.38262411347517733
longmemeval.turn_retrieval.rrf_neighbor.all_answerable.complete_at_3,0.24680851063829787
longmemeval.turn_retrieval.rrf_neighbor.all_answerable.ndcg_at_3,0.32134147467102325
longmemeval.turn_retrieval.rrf_neighbor.all_answerable.hit_at_5,0.6680851063829787
longmemeval.turn_retrieval.rrf_neighbor.all_answerable.recall_at_5,0.5102127659574468
longmemeval.turn_retrieval.rrf_neighbor.all_answerable.complete_at_5,0.3659574468085106
longmemeval.turn_retrieval.rrf_neighbor.all_answerable.ndcg_at_5,0.38007893998018033
longmemeval.turn_retrieval.rrf_neighbor.all_answerable.hit_at_10,0.8425531914893617
longmemeval.turn_retrieval.rrf_neighbor.all_answerable.recall_at_10,0.7183333333333334
longmemeval.turn_retrieval.rrf_neighbor.all_answerable.complete_at_10,0.6106382978723405
longmemeval.turn_retrieval.rrf_neighbor.all_answerable.ndcg_at_10,0.4616373470148662
longmemeval.turn_retrieval.rrf_neighbor.single-session-user.n,64
longmemeval.turn_retrieval.rrf_neighbor.single-session-user.mrr,0.5225279386193722
longmemeval.turn_retrieval.rrf_neighbor.single-session-user.hit_at_1,0.3125
longmemeval.turn_retrieval.rrf_neighbor.single-session-user.recall_at_1,0.3046875
longmemeval.turn_retrieval.rrf_neighbor.single-session-user.complete_at_1,0.296875
longmemeval.turn_retrieval.rrf_neighbor.single-session-user.ndcg_at_1,0.3125
longmemeval.turn_retrieval.rrf_neighbor.single-session-user.hit_at_3,0.703125
longmemeval.turn_retrieval.rrf_neighbor.single-session-user.recall_at_3,0.6953125
longmemeval.turn_retrieval.rrf_neighbor.single-session-user.complete_at_3,0.6875
longmemeval.turn_retrieval.rrf_neighbor.single-session-user.ndcg_at_3,0.5263172536816085
longmemeval.turn_retrieval.rrf_neighbor.single-session-user.hit_at_5,0.875
longmemeval.turn_retrieval.rrf_neighbor.single-session-user.recall_at_5,0.875
longmemeval.turn_retrieval.rrf_neighbor.single-session-user.complete_at_5,0.875
longmemeval.turn_retrieval.rrf_neighbor.single-session-user.ndcg_at_5,0.599937524721351
longmemeval.turn_retrieval.rrf_neighbor.single-session-user.hit_at_10,0.921875
longmemeval.turn_retrieval.rrf_neighbor.single-session-user.recall_at_10,0.921875
longmemeval.turn_retrieval.rrf_neighbor.single-session-user.complete_at_10,0.921875
longmemeval.turn_retrieval.rrf_neighbor.single-session-user.ndcg_at_10,0.6159981380182536
longmemeval.turn_retrieval.rrf_neighbor.multi-session.n,121
longmemeval.turn_retrieval.rrf_neighbor.multi-session.mrr,0.37173509702758356
longmemeval.turn_retrieval.rrf_neighbor.multi-session.hit_at_1,0.17355371900826447
longmemeval.turn_retrieval.rrf_neighbor.multi-session.recall_at_1,0.07382920110192838
longmemeval.turn_retrieval.rrf_neighbor.multi-session.complete_at_1,0.0
longmemeval.turn_retrieval.rrf_neighbor.multi-session.ndcg_at_1,0.17355371900826447
longmemeval.turn_retrieval.rrf_neighbor.multi-session.hit_at_3,0.48760330578512395
longmemeval.turn_retrieval.rrf_neighbor.multi-session.recall_at_3,0.23112947658402203
longmemeval.turn_retrieval.rrf_neighbor.multi-session.complete_at_3,0.024793388429752067
longmemeval.turn_retrieval.rrf_neighbor.multi-session.ndcg_at_3,0.2173584737755262
longmemeval.turn_retrieval.rrf_neighbor.multi-session.hit_at_5,0.6033057851239669
longmemeval.turn_retrieval.rrf_neighbor.multi-session.recall_at_5,0.33663911845730027
longmemeval.turn_retrieval.rrf_neighbor.multi-session.complete_at_5,0.09917355371900827
longmemeval.turn_retrieval.rrf_neighbor.multi-session.ndcg_at_5,0.26643002792813547
longmemeval.turn_retrieval.rrf_neighbor.multi-session.hit_at_10,0.8264462809917356
longmemeval.turn_retrieval.rrf_neighbor.multi-session.recall_at_10,0.5508264462809918
longmemeval.turn_retrieval.rrf_neighbor.multi-session.complete_at_10,0.32231404958677684
longmemeval.turn_retrieval.rrf_neighbor.multi-session.ndcg_at_10,0.3549650081679646
longmemeval.turn_retrieval.rrf_neighbor.single-session-preference.n,30
longmemeval.turn_retrieval.rrf_neighbor.single-session-preference.mrr,0.22905835011629036
longmemeval.turn_retrieval.rrf_neighbor.single-session-preference.hit_at_1,0.1
longmemeval.turn_retrieval.rrf_neighbor.single-session-preference.recall_at_1,0.07777777777777778
longmemeval.turn_retrieval.rrf_neighbor.single-session-preference.complete_at_1,0.06666666666666667
longmemeval.turn_retrieval.rrf_neighbor.single-session-preference.ndcg_at_1,0.1
longmemeval.turn_retrieval.rrf_neighbor.single-session-preference.hit_at_3,0.26666666666666666
longmemeval.turn_retrieval.rrf_neighbor.single-session-preference.recall_at_3,0.22222222222222224
longmemeval.turn_retrieval.rrf_neighbor.single-session-preference.complete_at_3,0.16666666666666666
longmemeval.turn_retrieval.rrf_neighbor.single-session-preference.ndcg_at_3,0.17233320016763873
longmemeval.turn_retrieval.rrf_neighbor.single-session-preference.hit_at_5,0.3333333333333333
longmemeval.turn_retrieval.rrf_neighbor.single-session-preference.recall_at_5,0.2722222222222222
longmemeval.turn_retrieval.rrf_neighbor.single-session-preference.complete_at_5,0.2
longmemeval.turn_retrieval.rrf_neighbor.single-session-preference.ndcg_at_5,0.19403056449454317
longmemeval.turn_retrieval.rrf_neighbor.single-session-preference.hit_at_10,0.5333333333333333
longmemeval.turn_retrieval.rrf_neighbor.single-session-preference.recall_at_10,0.45
longmemeval.turn_retrieval.rrf_neighbor.single-session-preference.complete_at_10,0.36666666666666664
longmemeval.turn_retrieval.rrf_neighbor.single-session-preference.ndcg_at_10,0.2596225567356675
longmemeval.turn_retrieval.rrf_neighbor.temporal-reasoning.n,127
longmemeval.turn_retrieval.rrf_neighbor.temporal-reasoning.mrr,0.321375368910709
longmemeval.turn_retrieval.rrf_neighbor.temporal-reasoning.hit_at_1,0.15748031496062992
longmemeval.turn_retrieval.rrf_neighbor.temporal-reasoning.recall_at_1,0.0800524934383202
longmemeval.turn_retrieval.rrf_neighbor.temporal-reasoning.complete_at_1,0.015748031496062992
longmemeval.turn_retrieval.rrf_neighbor.temporal-reasoning.ndcg_at_1,0.15748031496062992
longmemeval.turn_retrieval.rrf_neighbor.temporal-reasoning.hit_at_3,0.3464566929133858
longmemeval.turn_retrieval.rrf_neighbor.temporal-reasoning.recall_at_3,0.21548556430446195
longmemeval.turn_retrieval.rrf_neighbor.temporal-reasoning.complete_at_3,0.10236220472440945
longmemeval.turn_retrieval.rrf_neighbor.temporal-reasoning.ndcg_at_3,0.18575600590971517
longmemeval.turn_retrieval.rrf_neighbor.temporal-reasoning.hit_at_5,0.5275590551181102
longmemeval.turn_retrieval.rrf_neighbor.temporal-reasoning.recall_at_5,0.3522309711286089
longmemeval.turn_retrieval.rrf_neighbor.temporal-reasoning.complete_at_5,0.2047244094488189
longmemeval.turn_retrieval.rrf_neighbor.temporal-reasoning.ndcg_at_5,0.2513054692277681
longmemeval.turn_retrieval.rrf_neighbor.temporal-reasoning.hit_at_10,0.8031496062992126
longmemeval.turn_retrieval.rrf_neighbor.temporal-reasoning.recall_at_10,0.6847769028871391
longmemeval.turn_retrieval.rrf_neighbor.temporal-reasoning.complete_at_10,0.5826771653543307
longmemeval.turn_retrieval.rrf_neighbor.temporal-reasoning.ndcg_at_10,0.38090465905611787
longmemeval.turn_retrieval.rrf_neighbor.knowledge-update.n,72
longmemeval.turn_retrieval.rrf_neighbor.knowledge-update.mrr,0.5684965746853002
longmemeval.turn_retrieval.rrf_neighbor.knowledge-update.hit_at_1,0.3472222222222222
longmemeval.turn_retrieval.rrf_neighbor.knowledge-update.recall_at_1,0.1736111111111111
longmemeval.turn_retrieval.rrf_neighbor.knowledge-update.complete_at_1,0.0
longmemeval.turn_retrieval.rrf_neighbor.knowledge-update.ndcg_at_1,0.3472222222222222
longmemeval.turn_retrieval.rrf_neighbor.knowledge-update.hit_at_3,0.7777777777777778
longmemeval.turn_retrieval.rrf_neighbor.knowledge-update.recall_at_3,0.462962962962963
longmemeval.turn_retrieval.rrf_neighbor.knowledge-update.complete_at_3,0.1527777777777778
longmemeval.turn_retrieval.rrf_neighbor.knowledge-update.ndcg_at_3,0.4112005138224055
longmemeval.turn_retrieval.rrf_neighbor.knowledge-update.hit_at_5,0.8611111111111112
longmemeval.turn_retrieval.rrf_neighbor.knowledge-update.recall_at_5,0.6134259259259259
longmemeval.turn_retrieval.rrf_neighbor.knowledge-update.complete_at_5,0.3611111111111111
longmemeval.turn_retrieval.rrf_neighbor.knowledge-update.ndcg_at_5,0.487382995465907
longmemeval.turn_retrieval.rrf_neighbor.knowledge-update.hit_at_10,0.9305555555555556
longmemeval.turn_retrieval.rrf_neighbor.knowledge-update.recall_at_10,0.8263888888888888
longmemeval.turn_retrieval.rrf_neighbor.knowledge-update.complete_at_10,0.7222222222222222
longmemeval.turn_retrieval.rrf_neighbor.knowledge-update.ndcg_at_10,0.5729382339884074
longmemeval.turn_retrieval.rrf_neighbor.single-session-assistant.n,56
longmemeval.turn_retrieval.rrf_neighbor.single-session-assistant.mrr,0.5825087932900432
longmemeval.turn_retrieval.rrf_neighbor.single-session-assistant.hit_at_1,0.4107142857142857
longmemeval.turn_retrieval.rrf_neighbor.single-session-assistant.recall_at_1,0.4107142857142857
longmemeval.turn_retrieval.rrf_neighbor.single-session-assistant.complete_at_1,0.4107142857142857
longmemeval.turn_retrieval.rrf_neighbor.single-session-assistant.ndcg_at_1,0.4107142857142857
longmemeval.turn_retrieval.rrf_neighbor.single-session-assistant.hit_at_3,0.7142857142857143
longmemeval.turn_retrieval.rrf_neighbor.single-session-assistant.recall_at_3,0.7142857142857143
longmemeval.turn_retrieval.rrf_neighbor.single-session-assistant.complete_at_3,0.7142857142857143
longmemeval.turn_retrieval.rrf_neighbor.single-session-assistant.ndcg_at_3,0.5835422818239843
longmemeval.turn_retrieval.rrf_neighbor.single-session-assistant.hit_at_5,0.8214285714285714
longmemeval.turn_retrieval.rrf_neighbor.single-session-assistant.recall_at_5,0.8214285714285714
longmemeval.turn_retrieval.rrf_neighbor.single-session-assistant.complete_at_5,0.8214285714285714
longmemeval.turn_retrieval.rrf_neighbor.single-session-assistant.ndcg_at_5,0.6281210648018888
longmemeval.turn_retrieval.rrf_neighbor.single-session-assistant.hit_at_10,0.9285714285714286
longmemeval.turn_retrieval.rrf_neighbor.single-session-assistant.recall_at_10,0.9285714285714286
longmemeval.turn_retrieval.rrf_neighbor.single-session-assistant.complete_at_10,0.9285714285714286
longmemeval.turn_retrieval.rrf_neighbor.single-session-assistant.ndcg_at_10,0.6639247326095152
longmemeval.turn_retrieval.word_alternate.all_answerable.n,470
longmemeval.turn_retrieval.word_alternate.all_answerable.mrr,0.6181458934701252
longmemeval.turn_retrieval.word_alternate.all_answerable.hit_at_1,0.5148936170212766
longmemeval.turn_retrieval.word_alternate.all_answerable.recall_at_1,0.3182978723404255
longmemeval.turn_retrieval.word_alternate.all_answerable.complete_at_1,0.14468085106382977
longmemeval.turn_retrieval.word_alternate.all_answerable.ndcg_at_1,0.5148936170212766
longmemeval.turn_retrieval.word_alternate.all_answerable.hit_at_3,0.6914893617021277
longmemeval.turn_retrieval.word_alternate.all_answerable.recall_at_3,0.5598581560283687
longmemeval.turn_retrieval.word_alternate.all_answerable.complete_at_3,0.44042553191489364
longmemeval.turn_retrieval.word_alternate.all_answerable.ndcg_at_3,0.5395734511219258
longmemeval.turn_retrieval.word_alternate.all_answerable.hit_at_5,0.7425531914893617
longmemeval.turn_retrieval.word_alternate.all_answerable.recall_at_5,0.6402127659574468
longmemeval.turn_retrieval.word_alternate.all_answerable.complete_at_5,0.5404255319148936
longmemeval.turn_retrieval.word_alternate.all_answerable.ndcg_at_5,0.5765963596349559
longmemeval.turn_retrieval.word_alternate.all_answerable.hit_at_10,0.7936170212765957
longmemeval.turn_retrieval.word_alternate.all_answerable.recall_at_10,0.7154255319148937
longmemeval.turn_retrieval.word_alternate.all_answerable.complete_at_10,0.6382978723404256
longmemeval.turn_retrieval.word_alternate.all_answerable.ndcg_at_10,0.606490795161404
longmemeval.turn_retrieval.word_alternate.single-session-user.n,64
longmemeval.turn_retrieval.word_alternate.single-session-user.mrr,0.8411807021904418
longmemeval.turn_retrieval.word_alternate.single-session-user.hit_at_1,0.78125
longmemeval.turn_retrieval.word_alternate.single-session-user.recall_at_1,0.765625
longmemeval.turn_retrieval.word_alternate.single-session-user.complete_at_1,0.75
longmemeval.turn_retrieval.word_alternate.single-session-user.ndcg_at_1,0.78125
longmemeval.turn_retrieval.word_alternate.single-session-user.hit_at_3,0.875
longmemeval.turn_retrieval.word_alternate.single-session-user.recall_at_3,0.859375
longmemeval.turn_retrieval.word_alternate.single-session-user.complete_at_3,0.84375
longmemeval.turn_retrieval.word_alternate.single-session-user.ndcg_at_3,0.8262647367716907
longmemeval.turn_retrieval.word_alternate.single-session-user.hit_at_5,0.90625
longmemeval.turn_retrieval.word_alternate.single-session-user.recall_at_5,0.890625
longmemeval.turn_retrieval.word_alternate.single-session-user.complete_at_5,0.875
longmemeval.turn_retrieval.word_alternate.single-session-user.ndcg_at_5,0.8390386331046271
longmemeval.turn_retrieval.word_alternate.single-session-user.hit_at_10,0.96875
longmemeval.turn_retrieval.word_alternate.single-session-user.recall_at_10,0.953125
longmemeval.turn_retrieval.word_alternate.single-session-user.complete_at_10,0.9375
longmemeval.turn_retrieval.word_alternate.single-session-user.ndcg_at_10,0.8594454361185501
longmemeval.turn_retrieval.word_alternate.multi-session.n,121
longmemeval.turn_retrieval.word_alternate.multi-session.mrr,0.6490307649826144
longmemeval.turn_retrieval.word_alternate.multi-session.hit_at_1,0.49586776859504134
longmemeval.turn_retrieval.word_alternate.multi-session.recall_at_1,0.21707988980716253
longmemeval.turn_retrieval.word_alternate.multi-session.complete_at_1,0.0
longmemeval.turn_retrieval.word_alternate.multi-session.ndcg_at_1,0.49586776859504134
longmemeval.turn_retrieval.word_alternate.multi-session.hit_at_3,0.768595041322314
longmemeval.turn_retrieval.word_alternate.multi-session.recall_at_3,0.48677685950413224
longmemeval.turn_retrieval.word_alternate.multi-session.complete_at_3,0.2396694214876033
longmemeval.turn_retrieval.word_alternate.multi-session.ndcg_at_3,0.49375718281338876
longmemeval.turn_retrieval.word_alternate.multi-session.hit_at_5,0.8347107438016529
longmemeval.turn_retrieval.word_alternate.multi-session.recall_at_5,0.6140495867768595
longmemeval.turn_retrieval.word_alternate.multi-session.complete_at_5,0.3884297520661157
longmemeval.turn_retrieval.word_alternate.multi-session.ndcg_at_5,0.5518705127533395
longmemeval.turn_retrieval.word_alternate.multi-session.hit_at_10,0.9008264462809917
longmemeval.turn_retrieval.word_alternate.multi-session.recall_at_10,0.7073002754820936
longmemeval.turn_retrieval.word_alternate.multi-session.complete_at_10,0.5206611570247934
longmemeval.turn_retrieval.word_alternate.multi-session.ndcg_at_10,0.591583134815782
longmemeval.turn_retrieval.word_alternate.single-session-preference.n,30
longmemeval.turn_retrieval.word_alternate.single-session-preference.mrr,0.3112173057723803
longmemeval.turn_retrieval.word_alternate.single-session-preference.hit_at_1,0.2
longmemeval.turn_retrieval.word_alternate.single-session-preference.recall_at_1,0.1611111111111111
longmemeval.turn_retrieval.word_alternate.single-session-preference.complete_at_1,0.13333333333333333
longmemeval.turn_retrieval.word_alternate.single-session-preference.ndcg_at_1,0.2
longmemeval.turn_retrieval.word_alternate.single-session-preference.hit_at_3,0.36666666666666664
longmemeval.turn_retrieval.word_alternate.single-session-preference.recall_at_3,0.3055555555555555
longmemeval.turn_retrieval.word_alternate.single-session-preference.complete_at_3,0.23333333333333334
longmemeval.turn_retrieval.word_alternate.single-session-preference.ndcg_at_3,0.26489803110932414
longmemeval.turn_retrieval.word_alternate.single-session-preference.hit_at_5,0.4
longmemeval.turn_retrieval.word_alternate.single-session-preference.recall_at_5,0.33888888888888885
longmemeval.turn_retrieval.word_alternate.single-session-preference.complete_at_5,0.26666666666666666
longmemeval.turn_retrieval.word_alternate.single-session-preference.ndcg_at_5,0.2807112119606106
longmemeval.turn_retrieval.word_alternate.single-session-preference.hit_at_10,0.6
longmemeval.turn_retrieval.word_alternate.single-session-preference.recall_at_10,0.5333333333333333
longmemeval.turn_retrieval.word_alternate.single-session-preference.complete_at_10,0.4666666666666667
longmemeval.turn_retrieval.word_alternate.single-session-preference.ndcg_at_10,0.35201353859221174
longmemeval.turn_retrieval.word_alternate.temporal-reasoning.n,127
longmemeval.turn_retrieval.word_alternate.temporal-reasoning.mrr,0.6885979699742095
longmemeval.turn_retrieval.word_alternate.temporal-reasoning.hit_at_1,0.5905511811023622
longmemeval.turn_retrieval.word_alternate.temporal-reasoning.recall_at_1,0.3346456692913386
longmemeval.turn_retrieval.word_alternate.temporal-reasoning.complete_at_1,0.10236220472440945
longmemeval.turn_retrieval.word_alternate.temporal-reasoning.ndcg_at_1,0.5905511811023622
longmemeval.turn_retrieval.word_alternate.temporal-reasoning.hit_at_3,0.7559055118110236
longmemeval.turn_retrieval.word_alternate.temporal-reasoning.recall_at_3,0.6330708661417324
longmemeval.turn_retrieval.word_alternate.temporal-reasoning.complete_at_3,0.5275590551181102
longmemeval.turn_retrieval.word_alternate.temporal-reasoning.ndcg_at_3,0.609027566013356
longmemeval.turn_retrieval.word_alternate.temporal-reasoning.hit_at_5,0.8110236220472441
longmemeval.turn_retrieval.word_alternate.temporal-reasoning.recall_at_5,0.7120734908136483
longmemeval.turn_retrieval.word_alternate.temporal-reasoning.complete_at_5,0.6299212598425197
longmemeval.turn_retrieval.word_alternate.temporal-reasoning.ndcg_at_5,0.6445538986887167
longmemeval.turn_retrieval.word_alternate.temporal-reasoning.hit_at_10,0.8503937007874016
longmemeval.turn_retrieval.word_alternate.temporal-reasoning.recall_at_10,0.7874015748031497
longmemeval.turn_retrieval.word_alternate.temporal-reasoning.complete_at_10,0.7244094488188977
longmemeval.turn_retrieval.word_alternate.temporal-reasoning.ndcg_at_10,0.6751582302818818
longmemeval.turn_retrieval.word_alternate.knowledge-update.n,72
longmemeval.turn_retrieval.word_alternate.knowledge-update.mrr,0.8049933862433862
longmemeval.turn_retrieval.word_alternate.knowledge-update.hit_at_1,0.6666666666666666
longmemeval.turn_retrieval.word_alternate.knowledge-update.recall_at_1,0.3333333333333333
longmemeval.turn_retrieval.word_alternate.knowledge-update.complete_at_1,0.0
longmemeval.turn_retrieval.word_alternate.knowledge-update.ndcg_at_1,0.6666666666666666
longmemeval.turn_retrieval.word_alternate.knowledge-update.hit_at_3,0.9166666666666666
longmemeval.turn_retrieval.word_alternate.knowledge-update.recall_at_3,0.787037037037037
longmemeval.turn_retrieval.word_alternate.knowledge-update.complete_at_3,0.6527777777777778
longmemeval.turn_retrieval.word_alternate.knowledge-update.ndcg_at_3,0.7316738602294577
longmemeval.turn_retrieval.word_alternate.knowledge-update.hit_at_5,0.9861111111111112
longmemeval.turn_retrieval.word_alternate.knowledge-update.recall_at_5,0.9027777777777778
longmemeval.turn_retrieval.word_alternate.knowledge-update.complete_at_5,0.8194444444444444
longmemeval.turn_retrieval.word_alternate.knowledge-update.ndcg_at_5,0.7897076412091546
longmemeval.turn_retrieval.word_alternate.knowledge-update.hit_at_10,1.0
longmemeval.turn_retrieval.word_alternate.knowledge-update.recall_at_10,0.9675925925925927
longmemeval.turn_retrieval.word_alternate.knowledge-update.complete_at_10,0.9305555555555556
longmemeval.turn_retrieval.word_alternate.knowledge-update.ndcg_at_10,0.8162812818161557
longmemeval.turn_retrieval.word_alternate.single-session-assistant.n,56
longmemeval.turn_retrieval.word_alternate.single-session-assistant.mrr,0.060933879615256516
longmemeval.turn_retrieval.word_alternate.single-session-assistant.hit_at_1,0.05357142857142857
longmemeval.turn_retrieval.word_alternate.single-session-assistant.recall_at_1,0.05357142857142857
longmemeval.turn_retrieval.word_alternate.single-session-assistant.complete_at_1,0.05357142857142857
longmemeval.turn_retrieval.word_alternate.single-session-assistant.ndcg_at_1,0.05357142857142857
longmemeval.turn_retrieval.word_alternate.single-session-assistant.hit_at_3,0.05357142857142857
longmemeval.turn_retrieval.word_alternate.single-session-assistant.recall_at_3,0.05357142857142857
longmemeval.turn_retrieval.word_alternate.single-session-assistant.complete_at_3,0.05357142857142857
longmemeval.turn_retrieval.word_alternate.single-session-assistant.ndcg_at_3,0.05357142857142857
longmemeval.turn_retrieval.word_alternate.single-session-assistant.hit_at_5,0.07142857142857142
longmemeval.turn_retrieval.word_alternate.single-session-assistant.recall_at_5,0.07142857142857142
longmemeval.turn_retrieval.word_alternate.single-session-assistant.complete_at_5,0.07142857142857142
longmemeval.turn_retrieval.word_alternate.single-session-assistant.ndcg_at_5,0.06047951441490253
longmemeval.turn_retrieval.word_alternate.single-session-assistant.hit_at_10,0.07142857142857142
longmemeval.turn_retrieval.word_alternate.single-session-assistant.recall_at_10,0.07142857142857142
longmemeval.turn_retrieval.word_alternate.single-session-assistant.complete_at_10,0.07142857142857142
longmemeval.turn_retrieval.word_alternate.single-session-assistant.ndcg_at_10,0.06047951441490253
longmemeval.turn_retrieval.rrf_word_alternate.all_answerable.n,470
longmemeval.turn_retrieval.rrf_word_alternate.all_answerable.mrr,0.6365749176788096
longmemeval.turn_retrieval.rrf_word_alternate.all_answerable.hit_at_1,0.5319148936170213
longmemeval.turn_retrieval.rrf_word_alternate.all_answerable.recall_at_1,0.32645390070921987
longmemeval.turn_retrieval.rrf_word_alternate.all_answerable.complete_at_1,0.14680851063829786
longmemeval.turn_retrieval.rrf_word_alternate.all_answerable.ndcg_at_1,0.5319148936170213
longmemeval.turn_retrieval.rrf_word_alternate.all_answerable.hit_at_3,0.7063829787234043
longmemeval.turn_retrieval.rrf_word_alternate.all_answerable.recall_at_3,0.5735815602836879
longmemeval.turn_retrieval.rrf_word_alternate.all_answerable.complete_at_3,0.451063829787234
longmemeval.turn_retrieval.rrf_word_alternate.all_answerable.ndcg_at_3,0.5540497840084884
longmemeval.turn_retrieval.rrf_word_alternate.all_answerable.hit_at_5,0.7595744680851064
longmemeval.turn_retrieval.rrf_word_alternate.all_answerable.recall_at_5,0.6620212765957446
longmemeval.turn_retrieval.rrf_word_alternate.all_answerable.complete_at_5,0.5680851063829787
longmemeval.turn_retrieval.rrf_word_alternate.all_answerable.ndcg_at_5,0.5939781500027815
longmemeval.turn_retrieval.rrf_word_alternate.all_answerable.hit_at_10,0.8021276595744681
longmemeval.turn_retrieval.rrf_word_alternate.all_answerable.recall_at_10,0.7272695035460993
longmemeval.turn_retrieval.rrf_word_alternate.all_answerable.complete_at_10,0.6510638297872341
longmemeval.turn_retrieval.rrf_word_alternate.all_answerable.ndcg_at_10,0.6208538537653994
longmemeval.turn_retrieval.rrf_word_alternate.single-session-user.n,64
longmemeval.turn_retrieval.rrf_word_alternate.single-session-user.mrr,0.8441120009458383
longmemeval.turn_retrieval.rrf_word_alternate.single-session-user.hit_at_1,0.78125
longmemeval.turn_retrieval.rrf_word_alternate.single-session-user.recall_at_1,0.765625
longmemeval.turn_retrieval.rrf_word_alternate.single-session-user.complete_at_1,0.75
longmemeval.turn_retrieval.rrf_word_alternate.single-session-user.ndcg_at_1,0.78125
longmemeval.turn_retrieval.rrf_word_alternate.single-session-user.hit_at_3,0.875
longmemeval.turn_retrieval.rrf_word_alternate.single-session-user.recall_at_3,0.859375
longmemeval.turn_retrieval.rrf_word_alternate.single-session-user.complete_at_3,0.84375
longmemeval.turn_retrieval.rrf_word_alternate.single-session-user.ndcg_at_3,0.8242189593721366
longmemeval.turn_retrieval.rrf_word_alternate.single-session-user.hit_at_5,0.96875
longmemeval.turn_retrieval.rrf_word_alternate.single-session-user.recall_at_5,0.953125
longmemeval.turn_retrieval.rrf_word_alternate.single-session-user.complete_at_5,0.9375
longmemeval.turn_retrieval.rrf_word_alternate.single-session-user.ndcg_at_5,0.8625406483709461
longmemeval.turn_retrieval.rrf_word_alternate.single-session-user.hit_at_10,0.96875
longmemeval.turn_retrieval.rrf_word_alternate.single-session-user.recall_at_10,0.953125
longmemeval.turn_retrieval.rrf_word_alternate.single-session-user.complete_at_10,0.9375
longmemeval.turn_retrieval.rrf_word_alternate.single-session-user.ndcg_at_10,0.8625406483709461
longmemeval.turn_retrieval.rrf_word_alternate.multi-session.n,121
longmemeval.turn_retrieval.rrf_word_alternate.multi-session.mrr,0.6949962249521517
longmemeval.turn_retrieval.rrf_word_alternate.multi-session.hit_at_1,0.5537190082644629
longmemeval.turn_retrieval.rrf_word_alternate.multi-session.recall_at_1,0.24049586776859505
longmemeval.turn_retrieval.rrf_word_alternate.multi-session.complete_at_1,0.0
longmemeval.turn_retrieval.rrf_word_alternate.multi-session.ndcg_at_1,0.5537190082644629
longmemeval.turn_retrieval.rrf_word_alternate.multi-session.hit_at_3,0.8016528925619835
longmemeval.turn_retrieval.rrf_word_alternate.multi-session.recall_at_3,0.5180440771349862
longmemeval.turn_retrieval.rrf_word_alternate.multi-session.complete_at_3,0.2644628099173554
longmemeval.turn_retrieval.rrf_word_alternate.multi-session.ndcg_at_3,0.5312366430600833
longmemeval.turn_retrieval.rrf_word_alternate.multi-session.hit_at_5,0.859504132231405
longmemeval.turn_retrieval.rrf_word_alternate.multi-session.recall_at_5,0.6378787878787879
longmemeval.turn_retrieval.rrf_word_alternate.multi-session.complete_at_5,0.4132231404958678
longmemeval.turn_retrieval.rrf_word_alternate.multi-session.ndcg_at_5,0.5845693663598321
longmemeval.turn_retrieval.rrf_word_alternate.multi-session.hit_at_10,0.9256198347107438
longmemeval.turn_retrieval.rrf_word_alternate.multi-session.recall_at_10,0.7337465564738291
longmemeval.turn_retrieval.rrf_word_alternate.multi-session.complete_at_10,0.5454545454545454
longmemeval.turn_retrieval.rrf_word_alternate.multi-session.ndcg_at_10,0.6273489335587307
longmemeval.turn_retrieval.rrf_word_alternate.single-session-preference.n,30
longmemeval.turn_retrieval.rrf_word_alternate.single-session-preference.mrr,0.31839769005215407
longmemeval.turn_retrieval.rrf_word_alternate.single-session-preference.hit_at_1,0.2
longmemeval.turn_retrieval.rrf_word_alternate.single-session-preference.recall_at_1,0.1611111111111111
longmemeval.turn_retrieval.rrf_word_alternate.single-session-preference.complete_at_1,0.13333333333333333
longmemeval.turn_retrieval.rrf_word_alternate.single-session-preference.ndcg_at_1,0.2
longmemeval.turn_retrieval.rrf_word_alternate.single-session-preference.hit_at_3,0.36666666666666664
longmemeval.turn_retrieval.rrf_word_alternate.single-session-preference.recall_at_3,0.3055555555555555
longmemeval.turn_retrieval.rrf_word_alternate.single-session-preference.complete_at_3,0.23333333333333334
longmemeval.turn_retrieval.rrf_word_alternate.single-session-preference.ndcg_at_3,0.26757400480438454
longmemeval.turn_retrieval.rrf_word_alternate.single-session-preference.hit_at_5,0.4
longmemeval.turn_retrieval.rrf_word_alternate.single-session-preference.recall_at_5,0.33888888888888885
longmemeval.turn_retrieval.rrf_word_alternate.single-session-preference.complete_at_5,0.26666666666666666
longmemeval.turn_retrieval.rrf_word_alternate.single-session-preference.ndcg_at_5,0.28338718565567095
longmemeval.turn_retrieval.rrf_word_alternate.single-session-preference.hit_at_10,0.5666666666666667
longmemeval.turn_retrieval.rrf_word_alternate.single-session-preference.recall_at_10,0.5222222222222223
longmemeval.turn_retrieval.rrf_word_alternate.single-session-preference.complete_at_10,0.4666666666666667
longmemeval.turn_retrieval.rrf_word_alternate.single-session-preference.ndcg_at_10,0.35175125365371607
longmemeval.turn_retrieval.rrf_word_alternate.temporal-reasoning.n,127
longmemeval.turn_retrieval.rrf_word_alternate.temporal-reasoning.mrr,0.702338168800347
longmemeval.turn_retrieval.rrf_word_alternate.temporal-reasoning.hit_at_1,0.6062992125984252
longmemeval.turn_retrieval.rrf_word_alternate.temporal-reasoning.recall_at_1,0.3464566929133858
longmemeval.turn_retrieval.rrf_word_alternate.temporal-reasoning.complete_at_1,0.11023622047244094
longmemeval.turn_retrieval.rrf_word_alternate.temporal-reasoning.ndcg_at_1,0.6062992125984252
longmemeval.turn_retrieval.rrf_word_alternate.temporal-reasoning.hit_at_3,0.7716535433070866
longmemeval.turn_retrieval.rrf_word_alternate.temporal-reasoning.recall_at_3,0.6461942257217848
longmemeval.turn_retrieval.rrf_word_alternate.temporal-reasoning.complete_at_3,0.5354330708661418
longmemeval.turn_retrieval.rrf_word_alternate.temporal-reasoning.ndcg_at_3,0.6233544345925212
longmemeval.turn_retrieval.rrf_word_alternate.temporal-reasoning.hit_at_5,0.8267716535433071
longmemeval.turn_retrieval.rrf_word_alternate.temporal-reasoning.recall_at_5,0.7385826771653543
longmemeval.turn_retrieval.rrf_word_alternate.temporal-reasoning.complete_at_5,0.6692913385826772
longmemeval.turn_retrieval.rrf_word_alternate.temporal-reasoning.ndcg_at_5,0.6656836518662338
longmemeval.turn_retrieval.rrf_word_alternate.temporal-reasoning.hit_at_10,0.8661417322834646
longmemeval.turn_retrieval.rrf_word_alternate.temporal-reasoning.recall_at_10,0.8086614173228347
longmemeval.turn_retrieval.rrf_word_alternate.temporal-reasoning.complete_at_10,0.7480314960629921
longmemeval.turn_retrieval.rrf_word_alternate.temporal-reasoning.ndcg_at_10,0.6935737599136841
longmemeval.turn_retrieval.rrf_word_alternate.knowledge-update.n,72
longmemeval.turn_retrieval.rrf_word_alternate.knowledge-update.mrr,0.795734126984127
longmemeval.turn_retrieval.rrf_word_alternate.knowledge-update.hit_at_1,0.6527777777777778
longmemeval.turn_retrieval.rrf_word_alternate.knowledge-update.recall_at_1,0.3263888888888889
longmemeval.turn_retrieval.rrf_word_alternate.knowledge-update.complete_at_1,0.0
longmemeval.turn_retrieval.rrf_word_alternate.knowledge-update.ndcg_at_1,0.6527777777777778
longmemeval.turn_retrieval.rrf_word_alternate.knowledge-update.hit_at_3,0.9305555555555556
longmemeval.turn_retrieval.rrf_word_alternate.knowledge-update.recall_at_3,0.8009259259259259
longmemeval.turn_retrieval.rrf_word_alternate.knowledge-update.complete_at_3,0.6666666666666666
longmemeval.turn_retrieval.rrf_word_alternate.knowledge-update.ndcg_at_3,0.7386183046739021
longmemeval.turn_retrieval.rrf_word_alternate.knowledge-update.hit_at_5,0.9722222222222222
longmemeval.turn_retrieval.rrf_word_alternate.knowledge-update.recall_at_5,0.9027777777777778
longmemeval.turn_retrieval.rrf_word_alternate.knowledge-update.complete_at_5,0.8333333333333334
longmemeval.turn_retrieval.rrf_word_alternate.knowledge-update.ndcg_at_5,0.7889436598904258
longmemeval.turn_retrieval.rrf_word_alternate.knowledge-update.hit_at_10,1.0
longmemeval.turn_retrieval.rrf_word_alternate.knowledge-update.recall_at_10,0.9675925925925927
longmemeval.turn_retrieval.rrf_word_alternate.knowledge-update.complete_at_10,0.9305555555555556
longmemeval.turn_retrieval.rrf_word_alternate.knowledge-update.ndcg_at_10,0.8148087623264844
longmemeval.turn_retrieval.rrf_word_alternate.single-session-assistant.n,56
longmemeval.turn_retrieval.rrf_word_alternate.single-session-assistant.mrr,0.08983508477197563
longmemeval.turn_retrieval.rrf_word_alternate.single-session-assistant.hit_at_1,0.05357142857142857
longmemeval.turn_retrieval.rrf_word_alternate.single-session-assistant.recall_at_1,0.05357142857142857
longmemeval.turn_retrieval.rrf_word_alternate.single-session-assistant.complete_at_1,0.05357142857142857
longmemeval.turn_retrieval.rrf_word_alternate.single-session-assistant.ndcg_at_1,0.05357142857142857
longmemeval.turn_retrieval.rrf_word_alternate.single-session-assistant.hit_at_3,0.05357142857142857
longmemeval.turn_retrieval.rrf_word_alternate.single-session-assistant.recall_at_3,0.05357142857142857
longmemeval.turn_retrieval.rrf_word_alternate.single-session-assistant.complete_at_3,0.05357142857142857
longmemeval.turn_retrieval.rrf_word_alternate.single-session-assistant.ndcg_at_3,0.05357142857142857
longmemeval.turn_retrieval.rrf_word_alternate.single-session-assistant.hit_at_5,0.07142857142857142
longmemeval.turn_retrieval.rrf_word_alternate.single-session-assistant.recall_at_5,0.07142857142857142
longmemeval.turn_retrieval.rrf_word_alternate.single-session-assistant.complete_at_5,0.07142857142857142
longmemeval.turn_retrieval.rrf_word_alternate.single-session-assistant.ndcg_at_5,0.06047951441490253
longmemeval.turn_retrieval.rrf_word_alternate.single-session-assistant.hit_at_10,0.07142857142857142
longmemeval.turn_retrieval.rrf_word_alternate.single-session-assistant.recall_at_10,0.07142857142857142
longmemeval.turn_retrieval.rrf_word_alternate.single-session-assistant.complete_at_10,0.07142857142857142
longmemeval.turn_retrieval.rrf_word_alternate.single-session-assistant.ndcg_at_10,0.06047951441490253
longmemeval.retriever_confidence_answerable_auc.word_all,0.6395035460992908
longmemeval.retriever_confidence_answerable_auc.bigram_all,0.6763120567375887
longmemeval.retriever_confidence_answerable_auc.rrf_word_bigram,0.5719148936170213
longmemeval.retriever_confidence_answerable_auc.rrf_plus_recency,0.4325531914893617
longmemeval.retriever_confidence_answerable_auc.rrf_neighbor,0.4829078014184397
longmemeval.retriever_confidence_answerable_auc.word_alternate,0.5342553191489362
longmemeval.retriever_confidence_answerable_auc.rrf_word_alternate,0.5204964539007092
longmemeval.unique_session_views_cached,38390
longmemeval.session_id_content_mismatches,0
longmemeval.elapsed_seconds,66.73664665222168
longmemeval.claim_boundary,Retrieval evidence metrics only; not official LongMemEval QA accuracy.
elapsed_seconds,66.96181845664978
